row_id,order_id,order_date,ship_date,ship_mode,customer_id,customer_name,segment,country,city,product_id,product_name,quantity,sales_amount
1,ORD2309,25-04-2023,26-04-2023,Second Class,CUST1914,,Home Office,Germany,Pune,P1005,Headphones,10,2138.51
2,ORD1061,06-04-2023,10-04-2023,Standard Class,CUST3298,Sarah Taylor,Corporate,USA,Berlin,P1004,Monitor,10,1427.04
3,ORD1013,16-02-2025,19-02-2025,First Class,CUST2138,Michael Davis,Corporate,India,Pune,P1007,Router,7,528.75
4,ORD1704,10-09-2024,15-09-2024,Same Day,CUST3196,Jane Sharma,Consumer,Germany,New York,P1001,Laptop,10,4432.99
5,ORD1740,14-08-2024,18-08-2024,Standard Class,CUST1933,Chris Wilson,Consumer,USA,Pune,P1002,Keyboard,7,1425.97
6,ORD2301,04-05-2025,10-05-2025,First Class,CUST2455,Sarah Wilson,Home Office,India,Delhi,P1003,Mouse,9,3659.18
7,ORD1334,18-04-2024,25-04-2024,Second Class,CUST2328,Daniel Smith,Consumer,India,London,P1005,Headphones,7,1375.32
8,ORD1432,03-08-2024,09-08-2024,Same Day,CUST2620,Olivia Gupta,Consumer,UK,Delhi,P1004,Monitor,4,3737.7
9,ORD2103,27-09-2023,07-10-2023,Same Day,CUST2482,Sarah Brown,Home Office,Canada,Pune,P1007,Router,1,4312.46
10,ORD1313,04-10-2024,07-10-2024,Standard Class,CUST2576,Robert Miller,Corporate,Germany,New York,P1007,Router,9,4310.86
11,ORD1023,27-11-2024,29-11-2024,First Class,CUST1456,David Sharma,Consumer,Canada,Mumbai,P1005,Headphones,5,4860.85
12,ORD1365,03-06-2024,05-06-2024,Second Class,CUST1626,Emily Brown,Home Office,Germany,Mumbai,P1005,Headphones,10,1654.57
13,ORD1039,25-04-2023,01-05-2023,Second Class,CUST1237,Sarah Miller,Consumer,India,Berlin,P1005,Headphones,2,4891.02
14,ORD2090,23-02-2025,26-02-2025,Same Day,CUST3251,Michael Wilson,Home Office,Germany,Toronto,P1003,Mouse,4,4648.12
15,ORD2494,07-12-2024,11-12-2024,Same Day,CUST2529,Priya Taylor,Corporate,India,Bangalore,P1005,Headphones,4,366.93
16,ORD1043,25-08-2024,03-09-2024,Second Class,CUST1029,Jane Smith,Consumer,India,Mumbai,P1004,Monitor,6,400.74
17,ORD1487,13-10-2023,21-10-2023,Invalid Mode,CUST3338,Rahul Gupta,Consumer,Canada,Toronto,P1004,Monitor,4,516.91
18,ORD2349,17-03-2024,23-03-2024,Same Day,CUST2912,Daniel Smith,Home Office,India,Mumbai,P1007,Router,7,3654.66
19,ORD1223,12-09-2023,16-09-2023,Same Day,CUST1574,Robert Brown,Corporate,Canada,Bangalore,P1004,Monitor,2,2243.5
20,ORD2127,11-04-2023,12-04-2023,Standard Class,CUST1968,Michael Sharma,Corporate,Canada,Bangalore,P1001,Laptop,7,4517.09
21,ORD1337,24-01-2024,25-01-2024,First Class,CUST2863,David Sharma,Home Office,Germany,Berlin,P1007,Router,3,989.99
22,ORD1445,01-03-2023,11-03-2023,First Class,CUST1234,John Miller,Corporate,Germany,Delhi,P1001,Laptop,1,4805.86
23,ORD1164,21-05-2025,24-05-2025,Standard Class,CUST1963,Robert Johnson,Home Office,USA,Mumbai,P1002,Keyboard,10,455.82
24,ORD2346,20-08-2024,30-08-2024,First Class,CUST1836,Sneha Patel,Consumer,UK,Toronto,P1006,Printer,3,3374.87
25,ORD1614,13-04-2024,19-04-2024,Standard Class,CUST2877,Rahul Miller,Consumer,India,Bangalore,P1002,Keyboard,9,1362.74
26,ORD1714,12-03-2023,16-03-2023,First Class,CUST1646,Priya Taylor,Home Office,UK,Mumbai,P1006,Printer,9,1531.92
27,ORD2358,17-04-2023,20-04-2023,Standard Class,CUST1438,Anjali Taylor,Consumer,UK,New York,P1005,Headphones,10,1092.62
28,ORD1702,28-07-2023,02-08-2023,First Class,CUST1208,Jane Sharma,Corporate,India,Mumbai,P1008,SSD,6,3867.04
29,ORD2304,26-09-2023,29-09-2023,Same Day,CUST3297,John Johnson,Consumer,USA,Mumbai,P1008,SSD,6,2933.42
30,ORD1303,16-03-2024,19-03-2024,First Class,CUST2493,Olivia Smith,Corporate,USA,Bangalore,P1001,Laptop,2,1800.71
31,ORD2146,14-06-2025,21-06-2025,Second Class,CUST1665,Chris Brown,Corporate,India,Delhi,P1003,Mouse,6,3922.81
32,ORD1843,31-12-2099,05-04-2025,Second Class,CUST1442,Robert Smith,Corporate,USA,Bangalore,P1005,Headphones,8,1780.81
33,ORD1466,17-08-2023,18-08-2023,Same Day,CUST2344,David Johnson,Corporate,UK,Toronto,P1004,Monitor,9,1689.19
34,ORD1056,29-04-2023,04-05-2023,First Class,CUST1156,Jane Miller,Corporate,UK,London,P1003,Mouse,7,3050.73
35,ORD2047,29-04-2023,06-05-2023,First Class,CUST1181,Anjali Sharma,Consumer,Germany,Bangalore,P1004,Monitor,6,2184.92
36,ORD2360,05-12-2023,15-12-2023,Standard Class,CUST2230,Amit Wilson,Home Office,Canada,London,P1006,Printer,7,3501.18
37,ORD2135,11-05-2023,15-05-2023,Same Day,CUST1712,Rahul Miller,Corporate,Canada,Mumbai,P1007,Router,5,1470.22
38,ORD1880,15-03-2025,25-03-2025,Same Day,CUST2809,Priya Davis,Home Office,Canada,Delhi,P1006,Printer,2,1454.74
39,ORD2359,10-10-2024,20-10-2024,Standard Class,CUST1962,Sneha Wilson,Consumer,USA,Delhi,P1006,Printer,1,278.76
40,ORD1973,17-09-2024,19-09-2024,Same Day,CUST3357,Sarah Sharma,Corporate,Canada,Bangalore,P1008,SSD,3,3297.49
41,ORD1011,07-02-2025,09-02-2025,Second Class,CUST1720,Chris Taylor,Corporate,India,Bangalore,P1007,Router,2,2309.49
42,ORD1951,14-11-2024,23-11-2024,Same Day,CUST3067,Robert Taylor,Corporate,USA,Berlin,P1006,Printer,8,1333
43,ORD1506,10-05-2025,15-05-2025,Second Class,CUST2124,Priya Johnson,Home Office,UK,Bangalore,P1008,SSD,5,1712.45
44,ORD2106,24-03-2023,27-03-2023,Second Class,CUST2568,Anjali Brown,Home Office,USA,Pune,P1003,Mouse,7,2067.62
45,ORD2111,22-04-2024,29-04-2024,Second Class,CUST2720,Robert Miller,Home Office,India,Toronto,P1001,Laptop,8,79.19
46,ORD1720,02-11-2023,09-11-2023,Second Class,CUST2999,Sarah Wilson,Corporate,Canada,Mumbai,P1007,Router,7,1713.84
47,ORD2390,28-03-2025,04-04-2025,Same Day,CUST1522,Rahul Taylor,Consumer,Canada,Mumbai,P1003,Mouse,2,3231.61
48,ORD1277,06-06-2025,14-06-2025,Standard Class,CUST2065,Robert Patel,Consumer,Canada,London,P1003,Mouse,6,3818.09
49,ORD1776,12-10-2023,19-10-2023,Standard Class,CUST2926,John Taylor,Consumer,UK,Bangalore,P1005,Headphones,2,3917.1
50,ORD2334,11-02-2023,12-02-2023,Second Class,CUST1083,Rahul Brown,Consumer,UnknownCountry,Berlin,P1004,Monitor,2,2841.65
51,ORD1446,21-04-2024,26-04-2024,Second Class,CUST3481,Rahul Johnson,Consumer,UK,Pune,P1006,Printer,10,177.11
52,ORD1638,12-08-2024,19-08-2024,Second Class,CUST1311,Rahul Davis,Consumer,UK,Pune,P1007,Router,10,3924.04
53,ORD1711,29-06-2024,06-07-2024,Standard Class,CUST3072,Sneha Patel,Consumer,Canada,Berlin,P1006,Printer,2,2195.94
54,ORD1741,12-10-2024,20-10-2024,Same Day,CUST1721,Anjali Taylor,Home Office,UK,Berlin,P1003,Mouse,8,2206.09
55,ORD2497,29-08-2024,03-09-2024,Second Class,CUST1354,David Gupta,Consumer,Canada,Toronto,P1006,Printer,6,192.06
56,ORD1665,06-07-2023,14-07-2023,First Class,CUST2058,Emily Wilson,Home Office,UK,Mumbai,P1004,Monitor,9,4742.91
57,,05-09-2023,12-09-2023,Second Class,CUST2950,Sneha Gupta,Corporate,India,Pune,P1008,SSD,5,1146.9
58,ORD2416,07-09-2023,12-09-2023,Same Day,CUST3267,Amit Patel,Corporate,Germany,London,P1006,Printer,6,3529.13
59,ORD1554,10-11-2023,15-11-2023,Standard Class,CUST1788,Emily Johnson,Home Office,Germany,Delhi,P1004,Monitor,4,1121.1
60,ORD1991,11-10-2023,21-10-2023,Standard Class,CUST1795,David Davis,Corporate,USA,New York,P1005,Headphones,1,3554.69
61,ORD1259,08-10-2023,09-10-2023,First Class,CUST1517,Sneha Gupta,Consumer,India,New York,P1001,Laptop,8,2419.64
62,ORD1697,08-07-2023,09-07-2023,Same Day,CUST1467,Daniel Johnson,Corporate,Canada,Pune,P1005,Headphones,10,3165.76
63,ORD1109,05-06-2023,08-06-2023,Standard Class,CUST2016,Jane Taylor,Corporate,Germany,Bangalore,P1005,Headphones,9,1932.87
64,ORD1906,01-11-2023,11-11-2023,First Class,CUST3329,Rahul Smith,Home Office,India,Bangalore,P1007,Router,4,1360
65,ORD1166,10-06-2023,14-06-2023,Standard Class,CUST1641,John Sharma,Corporate,Germany,Berlin,P1003,Mouse,5,211.57
66,ORD1590,24-12-2024,29-12-2024,Standard Class,CUST1956,Olivia Wilson,Home Office,Germany,Bangalore,P1008,SSD,7,618.14
67,ORD1460,25-10-2024,28-10-2024,Second Class,CUST1292,John Brown,Corporate,Germany,New York,P1005,Headphones,8,665.55
68,ORD2410,08-11-2023,15-11-2023,Same Day,CUST2793,Jane Miller,Consumer,Canada,London,P1005,Headphones,10,1289.32
69,ORD1187,23-08-2023,02-09-2023,First Class,CUST3360,John Brown,Corporate,Germany,Berlin,P1001,Laptop,5,948.37
70,ORD2198,22-03-2024,30-03-2024,Same Day,CUST2425,Robert Patel,Corporate,India,Delhi,P1002,Keyboard,6,2087.64
71,ORD2014,23-10-2023,30-10-2023,Same Day,CUST1360,Emily Wilson,Corporate,India,Toronto,P1001,Laptop,9,4133.39
72,ORD1002,04-11-2024,13-11-2024,Same Day,CUST1222,Sarah Taylor,Corporate,Germany,Berlin,P1008,SSD,8,3811.95
73,ORD1416,01-10-2023,10-10-2023,First Class,CUST2794,Olivia Gupta,Consumer,India,Bangalore,P1003,Mouse,3,1588.21
74,ORD1028,19-07-2024,26-07-2024,Second Class,CUST1464,Priya Johnson,Home Office,USA,Berlin,P1002,Keyboard,5,2568.92
75,ORD1559,01-03-2024,09-03-2024,Second Class,CUST2870,,Corporate,USA,Delhi,P1008,SSD,2,1417.42
76,ORD1849,15-12-2023,24-12-2023,Standard Class,CUST2158,Anjali Wilson,Home Office,Germany,Berlin,P1005,Headphones,3,2260.41
77,ORD1991,20-12-2023,26-12-2023,Same Day,CUST2318,Daniel Davis,Home Office,USA,Toronto,,Router,4,4287.26
78,ORD1841,14-02-2023,20-02-2023,Same Day,CUST2581,Sneha Brown,Corporate,India,Delhi,P1008,SSD,9,4828.5
79,ORD1679,09-06-2025,11-06-2025,Standard Class,CUST3154,Olivia Gupta,Consumer,USA,Toronto,P1008,SSD,3,420.4
80,ORD1542,13-12-2023,23-12-2023,Standard Class,CUST2345,Daniel Taylor,Corporate,UnknownCountry,Berlin,P1007,Router,9,227.7
81,ORD1140,29-08-2023,03-09-2023,Standard Class,CUST2777,Jane Johnson,Corporate,USA,New York,P1004,Monitor,1,277.66
82,ORD1114,28-10-2023,03-11-2023,Same Day,CUST1596,Sarah Taylor,Corporate,Germany,Delhi,P1006,Printer,3,916.59
83,ORD2248,10-06-2025,17-06-2025,Same Day,CUST3388,Michael Davis,Corporate,UK,Berlin,P1004,Monitor,5,3350.86
84,ORD1952,22-10-2023,31-10-2023,Standard Class,CUST2809,Emily Miller,Corporate,Canada,New York,P1003,Mouse,8,4234.25
85,ORD1407,29-01-2024,06-02-2024,Second Class,CUST2562,Rahul Patel,Home Office,UK,New York,P1002,Keyboard,1,4890.83
86,ORD2348,10-02-2024,15-02-2024,Standard Class,CUST3483,Anjali Gupta,Corporate,USA,London,P1001,Laptop,4,3201.26
87,ORD2271,14-09-2023,17-09-2023,Standard Class,CUST2265,Chris Gupta,Consumer,Germany,London,P1002,Keyboard,3,496.16
88,ORD1604,01-12-2023,08-12-2023,Second Class,CUST1541,Chris Taylor,Corporate,Germany,New York,P1003,Mouse,3,1322
89,ORD1986,05-04-2025,10-04-2025,Standard Class,CUST2918,Jane Brown,Consumer,Canada,London,P1006,Printer,2,3963.88
90,ORD1028,28-09-2023,07-10-2023,Same Day,CUST2509,Sneha Wilson,Home Office,Canada,London,P1002,Keyboard,2,3390.44
91,ORD1965,26-01-2023,05-02-2023,Second Class,CUST1258,Sneha Gupta,Home Office,UK,Toronto,P1006,Printer,2,741.9
92,ORD1076,08-11-2023,16-11-2023,Standard Class,CUST1961,Olivia Taylor,Consumer,Canada,Berlin,P1002,Keyboard,6,3368.91
93,ORD2426,07-07-2024,14-07-2024,Same Day,CUST1405,Daniel Gupta,Home Office,Canada,New York,P1003,Mouse,1,3466.89
94,ORD1444,30-03-2024,07-04-2024,First Class,CUST1406,Sneha Patel,Home Office,UK,Mumbai,P1004,Monitor,7,1415.61
95,ORD1250,18-05-2025,26-05-2025,Second Class,CUST3445,John Smith,Corporate,USA,Delhi,P1002,Keyboard,10,1065.77
96,ORD2135,01-08-2023,11-08-2023,Second Class,CUST2345,Chris Brown,Home Office,India,New York,P1004,Monitor,3,4938.26
97,ORD2106,14-09-2023,17-09-2023,Standard Class,CUST1539,John Patel,Consumer,Germany,London,P1002,Keyboard,1,912.52
98,ORD1107,10-05-2023,17-05-2023,Standard Class,CUST2950,Priya Patel,Home Office,Germany,Pune,P1002,Keyboard,8,2544
99,ORD2259,14-02-2023,23-02-2023,Same Day,CUST1127,John Gupta,Corporate,Canada,Pune,P1005,Headphones,8,3576.39
100,ORD1908,17-03-2023,19-03-2023,Second Class,CUST1269,Michael Wilson,Home Office,Germany,London,P1006,Printer,7,4973.41
101,ORD2086,29-10-2023,06-11-2023,Standard Class,CUST1468,,Home Office,USA,Toronto,P1007,Router,8,4446.05
102,ORD1847,14-12-2023,22-12-2023,Same Day,CUST1389,Emily Sharma,Corporate,UK,London,P1007,Router,3,3449.76
103,ORD1971,10-03-2023,12-03-2023,Standard Class,CUST2768,Jane Patel,Consumer,Germany,Mumbai,P1002,Keyboard,10,4785.29
104,ORD2150,04-12-2023,06-12-2023,First Class,CUST2732,Daniel Smith,Corporate,Germany,New York,,Router,6,562.82
105,ORD2039,06-08-2023,09-08-2023,Second Class,CUST1443,Emily Taylor,Corporate,India,New York,P1008,SSD,10,1169.49
106,ORD1878,15-05-2025,24-05-2025,First Class,CUST1118,Michael Wilson,Home Office,UK,London,P1001,Laptop,6,80.22
107,ORD1293,02-08-2024,09-08-2024,Second Class,CUST1125,Jane Taylor,Consumer,Canada,Toronto,P1002,Keyboard,8,1737.44
108,ORD1757,16-11-2023,22-11-2023,Standard Class,CUST1637,Michael Miller,Consumer,India,New York,P1002,Keyboard,8,3326.6
109,ORD1994,13-09-2024,21-09-2024,First Class,CUST1882,Chris Taylor,Consumer,UK,Toronto,P1007,Router,2,1452.07
110,ORD2389,30-08-2024,07-09-2024,Standard Class,CUST1903,Robert Miller,Consumer,India,Bangalore,P1005,Headphones,5,4729.35
111,ORD1281,21-02-2025,26-02-2025,First Class,CUST1491,John Gupta,Home Office,Canada,Delhi,P1005,Headphones,3,1932.03
112,ORD2441,24-08-2023,02-09-2023,Standard Class,CUST2626,Daniel Smith,Corporate,India,Berlin,P1006,Printer,2,4317.44
113,ORD2179,15-03-2024,25-03-2024,Same Day,CUST2185,Jane Sharma,Consumer,UK,Delhi,P1007,Router,10,2327.48
114,ORD2412,06-01-2024,08-01-2024,Standard Class,CUST1996,Robert Miller,Corporate,Germany,Pune,P1007,Router,7,4359.1
115,ORD1695,15-08-2023,21-08-2023,Standard Class,CUST3090,Sneha Johnson,Home Office,Germany,Bangalore,P1003,Mouse,6,1787.94
116,ORD2321,14-04-2025,01-01-2022,Standard Class,CUST1599,David Davis,Consumer,Germany,Delhi,P1004,Monitor,2,926.87
117,ORD2286,20-05-2024,28-05-2024,First Class,CUST2294,Michael Gupta,Consumer,Canada,Berlin,P1008,SSD,5,3991.83
118,ORD2211,27-02-2023,05-03-2023,First Class,CUST2891,Priya Smith,Consumer,UK,New York,P1002,Keyboard,2,3241.1
119,ORD1184,21-09-2024,01-10-2024,Same Day,CUST3377,Amit Smith,Corporate,Germany,Bangalore,P1007,Router,6,3044.78
120,ORD2026,04-06-2023,05-06-2023,Standard Class,CUST2406,Anjali Johnson,Home Office,USA,Mumbai,P1008,SSD,4,3552.73
121,ORD1899,20-06-2024,29-06-2024,First Class,CUST2527,Olivia Wilson,Corporate,Canada,London,P1003,Mouse,10,309.21
122,ORD2292,24-10-2024,30-10-2024,First Class,CUST1387,Amit Sharma,Corporate,UK,Delhi,P1002,Keyboard,6,453.43
123,ORD2359,25-05-2023,31-05-2023,Same Day,CUST1528,Rahul Johnson,Corporate,Germany,Toronto,P1005,Headphones,6,4075.26
124,ORD2372,20-12-2024,29-12-2024,Same Day,CUST3082,Emily Smith,Corporate,UK,Delhi,P1002,Keyboard,4,1741.58
125,ORD1995,16-07-2023,20-07-2023,Second Class,CUST1316,David Johnson,Home Office,Germany,Mumbai,P1003,Mouse,6,4388.14
126,ORD2265,15-05-2023,25-05-2023,Second Class,CUST1664,Michael Miller,Consumer,Canada,Mumbai,P1007,Router,7,1853.28
127,ORD2473,01-09-2023,09-09-2023,Same Day,CUST1958,Amit Davis,Corporate,Canada,Bangalore,P1005,Headphones,6,3407.62
128,ORD2168,27-03-2024,04-04-2024,Same Day,CUST3059,Amit Sharma,Consumer,USA,Delhi,P1005,Headphones,5,308.29
129,ORD1984,14-06-2025,20-06-2025,Standard Class,CUST2167,Jane Brown,Corporate,Canada,Delhi,P1002,Keyboard,7,503.98
130,ORD1454,16-04-2025,24-04-2025,Standard Class,CUST2699,John Sharma,Home Office,UK,Bangalore,P1006,Printer,7,4972.9
131,ORD1767,18-08-2023,19-08-2023,Standard Class,CUST2373,Chris Brown,Consumer,India,New York,P1006,Printer,8,3495.56
132,ORD1284,16-02-2025,24-02-2025,Standard Class,CUST1324,John Wilson,Consumer,USA,Toronto,P1008,SSD,2,3892.05
133,ORD1486,05-11-2023,07-11-2023,Second Class,CUST2719,Sneha Miller,Corporate,India,Pune,P1001,Laptop,8,3003.86
134,ORD1033,09-10-2024,18-10-2024,Second Class,CUST2193,Robert Smith,Home Office,UK,Bangalore,P1004,Monitor,10,2112.01
135,ORD2360,15-11-2024,17-11-2024,Standard Class,CUST3154,Amit Taylor,Home Office,Germany,Mumbai,P1006,Printer,7,4372.99
136,ORD1089,12-10-2024,19-10-2024,First Class,CUST1066,Emily Johnson,Corporate,USA,Pune,P1006,Printer,10,3689.18
137,ORD1680,17-05-2023,18-05-2023,First Class,CUST1717,Daniel Gupta,Home Office,Canada,Delhi,P1006,Printer,3,362.35
138,ORD1937,07-02-2023,12-02-2023,Standard Class,CUST1817,Olivia Smith,Corporate,UK,Toronto,P1004,Monitor,9,2393.33
139,ORD1074,10-02-2025,14-02-2025,First Class,CUST1195,Daniel Patel,Corporate,India,London,P1005,Headphones,7,4452.96
140,ORD1900,31-01-2024,06-02-2024,Same Day,CUST3037,Emily Taylor,Corporate,India,Toronto,P1003,Mouse,2,2181.51
141,ORD1369,12-07-2024,17-07-2024,Standard Class,CUST1327,Emily Wilson,Corporate,Canada,Toronto,P1006,Printer,3,3464.34
142,ORD1719,02-04-2024,03-04-2024,Same Day,CUST2124,Sneha Smith,Consumer,Canada,London,,Printer,9,4015.43
143,ORD2391,13-06-2023,14-06-2023,Same Day,CUST1142,Michael Johnson,Consumer,UK,London,P1003,Mouse,7,4749.86
144,ORD1066,11-09-2024,14-09-2024,First Class,CUST2523,Priya Johnson,Home Office,USA,London,P1008,SSD,7,1606.21
145,ORD1570,13-09-2023,15-09-2023,Second Class,CUST3044,Amit Sharma,Home Office,India,New York,P1001,Laptop,5,3534.99
146,ORD1439,18-09-2024,23-09-2024,Second Class,CUST1502,Michael Johnson,Corporate,USA,Berlin,P1008,SSD,2,4062.04
147,ORD1654,14-11-2024,20-11-2024,First Class,CUST2228,Daniel Brown,Home Office,USA,London,P1002,Keyboard,9,1160
148,ORD1411,22-03-2025,25-03-2025,Same Day,CUST1107,Emily Taylor,Home Office,UK,Berlin,P1004,Monitor,9,692.37
149,ORD1176,09-03-2023,14-03-2023,Same Day,CUST3153,Robert Sharma,Home Office,India,Delhi,P1007,Router,6,3229.58
150,ORD1921,22-04-2024,01-05-2024,Second Class,CUST3258,Sneha Miller,Consumer,USA,Toronto,P1006,Printer,9,4558.03
151,ORD1113,01-05-2025,03-05-2025,First Class,CUST1674,Michael Patel,Home Office,USA,London,P1003,Mouse,9,4479.88
152,ORD1161,14-09-2023,18-09-2023,Second Class,CUST2240,Rahul Taylor,Consumer,Germany,Delhi,P1005,Headphones,10,4710.95
153,ORD1315,25-06-2023,05-07-2023,Standard Class,CUST1116,Jane Smith,Home Office,Germany,New York,P1006,Printer,4,3846.45
154,ORD1853,24-09-2024,25-09-2024,First Class,CUST2237,Priya Davis,Home Office,Canada,New York,P1008,SSD,8,411.22
155,ORD1122,11-06-2023,19-06-2023,Same Day,CUST2902,Sarah Patel,Home Office,USA,London,P1007,Router,6,3684.29
156,ORD1707,13-02-2024,16-02-2024,Standard Class,CUST2307,Sarah Gupta,Consumer,UK,Berlin,P1006,Printer,4,-100
157,ORD1103,25-10-2023,01-11-2023,Second Class,CUST1654,Daniel Patel,Home Office,UK,Bangalore,P1007,Router,3,2516.41
158,ORD2054,23-04-2024,01-05-2024,Same Day,CUST1094,Jane Sharma,Home Office,Canada,Bangalore,P1005,Headphones,4,2937.55
159,ORD1099,21-02-2023,26-02-2023,Same Day,CUST2170,Amit Smith,Consumer,Canada,Delhi,P1008,SSD,5,3651.16
160,ORD1825,10-01-2024,11-01-2024,Standard Class,CUST3335,Amit Davis,Corporate,Germany,New York,P1007,Router,2,1962.43
161,ORD1922,21-02-2025,02-03-2025,Standard Class,CUST1527,Jane Sharma,Corporate,UK,London,P1005,Headphones,3,1035.34
162,ORD2042,16-02-2024,25-02-2024,Standard Class,CUST1159,Michael Patel,Corporate,Germany,Berlin,P1001,Laptop,3,3050.99
163,ORD2055,24-05-2023,30-05-2023,Second Class,CUST2609,Rahul Wilson,Home Office,UK,Berlin,P1006,Printer,10,1533.96
164,ORD1034,13-01-2024,19-01-2024,Same Day,CUST3390,David Smith,Home Office,Canada,New York,P1002,Keyboard,10,2909.29
165,ORD2477,22-02-2023,04-03-2023,Second Class,CUST3147,Sneha Miller,Corporate,USA,Bangalore,P1008,SSD,1,2884.22
166,ORD2434,23-04-2023,27-04-2023,Same Day,CUST2284,Robert Brown,Corporate,USA,Toronto,P1001,Laptop,9,3886.11
167,ORD1965,12-06-2025,13-06-2025,Second Class,CUST3297,Emily Gupta,Home Office,Canada,London,P1003,Mouse,3,2325.33
168,ORD2091,17-12-2023,26-12-2023,First Class,CUST3498,Priya Davis,Consumer,UK,New York,P1006,Printer,4,4710.35
169,ORD1609,28-02-2025,05-03-2025,Same Day,CUST2298,Priya Patel,Home Office,UK,New York,P1004,Monitor,2,2888.71
170,ORD2112,24-01-2024,31-01-2024,Second Class,CUST2189,John Wilson,Home Office,India,London,P1006,Printer,8,3297.06
171,ORD1981,08-08-2023,12-08-2023,First Class,CUST1562,Jane Miller,Home Office,Germany,Bangalore,P1005,Headphones,4,301.29
172,ORD2087,20-08-2023,24-08-2023,Standard Class,CUST2692,Emily Gupta,Consumer,USA,Mumbai,P1001,Laptop,9,4890.66
173,ORD1323,21-02-2024,29-02-2024,Second Class,CUST2176,Emily Wilson,Home Office,India,Pune,P1008,SSD,10,1199.49
174,ORD2480,20-05-2025,21-05-2025,Same Day,CUST1720,Olivia Smith,Corporate,Canada,Delhi,P1003,Mouse,5,4389.88
175,ORD1018,02-11-2023,12-11-2023,First Class,CUST2165,Priya Taylor,Home Office,Canada,Delhi,P1002,Keyboard,9,2366.7
176,ORD1394,08-04-2025,10-04-2025,Second Class,CUST2879,Sneha Wilson,Home Office,USA,Mumbai,P1006,Printer,6,3964.3
177,ORD2162,21-11-2024,25-11-2024,Same Day,CUST2751,Amit Patel,Consumer,Canada,Pune,P1003,Mouse,3,4909.34
178,ORD1977,28-11-2023,02-12-2023,First Class,CUST2571,Sarah Gupta,Corporate,UK,New York,P1001,Laptop,10,3628.27
179,ORD1023,25-09-2023,01-10-2023,Standard Class,CUST1484,Priya Wilson,Consumer,Canada,New York,P1004,Monitor,2,3211.62
180,ORD1604,12-01-2024,22-01-2024,Second Class,CUST1547,Priya Brown,Corporate,Germany,London,P1004,Monitor,7,3524.61
181,ORD1964,14-02-2025,23-02-2025,Second Class,CUST3440,Daniel Johnson,Home Office,Canada,London,P1004,Monitor,2,4590.36
182,ORD1229,31-12-2099,14-03-2023,Second Class,CUST1673,Emily Taylor,Corporate,India,Bangalore,P1004,Monitor,10,2469.7
183,ORD2045,01-04-2024,02-04-2024,Second Class,CUST3102,Robert Gupta,Home Office,India,Berlin,P1008,SSD,5,3630.24
184,ORD1810,18-09-2023,19-09-2023,Standard Class,CUST1185,Robert Patel,Home Office,India,Mumbai,P1004,Monitor,2,4931.38
185,ORD1966,02-02-2023,07-02-2023,Second Class,CUST1554,Chris Sharma,Corporate,Canada,Berlin,P1007,Router,7,1909.45
186,ORD2398,08-11-2024,17-11-2024,First Class,CUST1485,Michael Taylor,Corporate,Germany,Delhi,P1003,Mouse,4,4182.37
187,ORD1046,02-11-2023,10-11-2023,Same Day,CUST1940,Sarah Gupta,Corporate,USA,New York,P1007,Router,4,4690.18
188,ORD2484,22-02-2025,24-02-2025,Same Day,CUST1064,Sarah Davis,Consumer,India,Mumbai,P1001,Laptop,8,3009.04
189,ORD2440,12-06-2025,13-06-2025,Standard Class,CUST2647,Priya Davis,Home Office,USA,Mumbai,P1004,Monitor,3,2544.28
190,ORD1592,28-08-2023,07-09-2023,First Class,CUST1970,David Brown,Home Office,Germany,Bangalore,P1006,Printer,7,1537.48
191,ORD1124,24-07-2024,03-08-2024,Same Day,CUST3276,Priya Smith,Corporate,Canada,London,P1003,Mouse,7,2070.88
192,ORD1614,21-01-2024,24-01-2024,Second Class,CUST1923,David Brown,Corporate,India,Toronto,P1008,SSD,7,2808.57
193,ORD1274,02-02-2024,06-02-2024,Second Class,CUST2352,Sneha Johnson,Corporate,UK,Pune,P1005,Headphones,9,3636.69
194,ORD1390,22-02-2023,27-02-2023,Standard Class,CUST1298,Sarah Miller,Home Office,Germany,Bangalore,P1007,Router,8,1084
195,ORD1681,07-11-2023,08-11-2023,Second Class,CUST1480,Anjali Gupta,Consumer,Germany,Bangalore,P1004,Monitor,7,4579.88
196,ORD2130,26-11-2023,01-12-2023,Same Day,CUST3185,Sneha Patel,Corporate,UK,London,P1007,Router,9,4419.92
197,ORD1954,11-04-2023,19-04-2023,Second Class,CUST2518,Emily Sharma,Consumer,Germany,Bangalore,P1006,Printer,3,130.29
198,ORD2133,21-08-2024,31-08-2024,First Class,CUST1624,Sarah Patel,Consumer,Canada,Bangalore,P1007,Router,8,2775.68
199,ORD2402,12-12-2023,17-12-2023,Same Day,CUST2887,Michael Patel,Consumer,USA,Berlin,P1008,SSD,3,4588.65
200,ORD2110,19-10-2024,20-10-2024,Standard Class,CUST1198,Chris Smith,Corporate,USA,Bangalore,P1001,Laptop,2,3550.49
201,ORD1018,12-08-2023,21-08-2023,First Class,CUST1247,Rahul Miller,Corporate,Canada,Mumbai,P1008,SSD,1,2684.45
202,ORD1842,13-01-2023,14-01-2023,First Class,CUST1070,Amit Sharma,Consumer,India,Pune,P1005,Headphones,9,787.04
203,ORD1393,26-09-2024,05-10-2024,First Class,CUST2094,Chris Sharma,Consumer,UK,Toronto,P1005,Headphones,8,2846.76
204,ORD2427,20-08-2023,25-08-2023,Standard Class,CUST1382,Robert Sharma,Corporate,Germany,Berlin,P1002,Keyboard,1,3201.9
205,ORD2439,25-06-2023,27-06-2023,Same Day,CUST2356,Rahul Johnson,Home Office,India,Bangalore,P1008,SSD,4,4511.3
206,ORD2417,03-08-2024,11-08-2024,Standard Class,CUST1304,Sneha Wilson,Home Office,Germany,Mumbai,P1005,Headphones,3,4647.39
207,ORD1644,17-01-2023,21-01-2023,Same Day,CUST1315,David Brown,Home Office,USA,Toronto,P1003,Mouse,9,1692.06
208,ORD1286,20-03-2025,22-03-2025,Standard Class,CUST1400,Robert Davis,Consumer,UK,Toronto,P1006,Printer,6,196.65
209,ORD1559,13-03-2025,21-03-2025,Second Class,CUST2457,Amit Sharma,Corporate,USA,Toronto,P1008,SSD,2,3872.23
210,ORD1604,28-03-2025,01-04-2025,Standard Class,CUST2097,Michael Sharma,Home Office,USA,Toronto,P1002,Keyboard,6,1835.47
211,ORD1187,06-01-2023,11-01-2023,First Class,CUST2104,Jane Brown,Consumer,USA,Toronto,P1008,SSD,8,2807.08
212,ORD2049,22-02-2024,24-02-2024,Standard Class,CUST2449,Amit Johnson,Home Office,Germany,London,P1001,Laptop,7,111.09
213,ORD1847,02-02-2024,04-02-2024,Second Class,CUST2559,Michael Brown,Corporate,UK,New York,P1004,Monitor,8,772.38
214,ORD1342,21-03-2024,26-03-2024,First Class,CUST2983,Chris Johnson,Corporate,UK,Bangalore,P1007,Router,8,2989.34
215,ORD1400,13-04-2024,15-04-2024,First Class,CUST1027,Robert Patel,Home Office,Canada,London,P1003,Mouse,8,1706.94
216,ORD2333,31-08-2024,01-01-2022,First Class,CUST3470,,Corporate,UK,Delhi,P1005,Headphones,7,4845.19
217,ORD1596,22-01-2025,30-01-2025,First Class,CUST2540,David Sharma,Corporate,India,Bangalore,P1004,Monitor,10,4986.46
218,ORD1368,29-11-2024,08-12-2024,Same Day,CUST1858,Priya Wilson,Home Office,India,Toronto,P1001,Laptop,8,738.94
219,ORD1620,05-09-2023,10-09-2023,Same Day,CUST2544,Jane Gupta,Home Office,Canada,Toronto,P1003,Mouse,9,2557.73
220,ORD2416,04-03-2024,13-03-2024,First Class,CUST3199,Rahul Johnson,Consumer,USA,London,P1001,Laptop,3,3252.65
221,ORD1090,30-07-2024,06-08-2024,Same Day,CUST1433,John Johnson,Corporate,USA,Bangalore,P1006,Printer,8,1901.89
222,ORD1948,01-03-2025,11-03-2025,First Class,CUST1100,Priya Johnson,Corporate,Canada,Pune,P1003,Mouse,2,4165.02
223,ORD2495,26-05-2023,01-06-2023,First Class,CUST2865,Chris Davis,Home Office,Canada,London,P1005,Headphones,8,533.23
224,ORD2478,14-12-2024,22-12-2024,Standard Class,CUST2229,John Johnson,Consumer,UK,Pune,P1006,Printer,3,4653.12
225,ORD1499,12-06-2024,15-06-2024,First Class,CUST3293,Robert Gupta,Consumer,Canada,Delhi,P1003,Mouse,3,3220.37
226,ORD1885,10-02-2024,11-02-2024,Same Day,CUST3425,Robert Sharma,Consumer,USA,Bangalore,P1004,Monitor,5,3774.01
227,ORD1128,14-08-2024,16-08-2024,First Class,CUST2335,Sarah Gupta,Consumer,UK,Berlin,P1003,Mouse,9,4831.29
228,ORD1641,03-09-2024,10-09-2024,Standard Class,CUST2425,Emily Gupta,Home Office,USA,New York,P1007,Router,10,2971.33
229,ORD2376,18-05-2023,24-05-2023,Invalid Mode,CUST2250,Jane Brown,Corporate,USA,Toronto,P1002,Keyboard,7,3002.31
230,ORD2177,28-01-2024,04-02-2024,Same Day,CUST3201,Anjali Brown,Home Office,USA,Berlin,P1003,Mouse,5,744.47
231,ORD1644,12-05-2025,20-05-2025,First Class,CUST1039,Priya Brown,Consumer,Canada,Berlin,P1001,Laptop,7,3439.25
232,ORD1851,28-12-2024,05-01-2025,Second Class,CUST1338,Rahul Smith,Consumer,UK,Mumbai,P1008,SSD,5,1162.97
233,ORD1591,22-06-2023,30-06-2023,Standard Class,CUST3345,Jane Wilson,Home Office,UK,Mumbai,P1008,SSD,8,2754.45
234,ORD1870,15-04-2023,19-04-2023,Standard Class,CUST2842,David Patel,Consumer,Canada,Pune,P1005,Headphones,4,1088.9
235,ORD2204,06-12-2024,12-12-2024,Second Class,CUST1570,Chris Davis,Consumer,India,London,P1007,Router,9,1441.37
236,ORD2103,22-06-2023,28-06-2023,First Class,CUST3345,David Taylor,Home Office,India,Delhi,P1005,Headphones,7,4597.91
237,ORD1567,06-06-2025,09-06-2025,Second Class,CUST1599,Anjali Patel,Consumer,Canada,Berlin,P1003,Mouse,3,2908.26
238,ORD1550,04-10-2024,11-10-2024,Same Day,CUST1309,Sneha Johnson,Corporate,Germany,New York,P1007,Router,6,2300.74
239,ORD1999,02-12-2023,12-12-2023,Standard Class,CUST2877,Sneha Patel,Consumer,Germany,Toronto,P1001,Laptop,4,4842.24
240,ORD1433,21-05-2024,26-05-2024,First Class,CUST2383,Amit Miller,Consumer,UnknownCountry,Berlin,P1006,Printer,6,4476.07
241,ORD1099,17-02-2023,19-02-2023,Standard Class,CUST1508,Olivia Brown,Corporate,Canada,Mumbai,P1008,SSD,7,1051.48
242,ORD2410,16-05-2023,21-05-2023,First Class,CUST1382,Sneha Patel,Corporate,India,London,P1003,Mouse,3,306.35
243,ORD2281,09-11-2023,13-11-2023,Standard Class,CUST1389,John Davis,Corporate,India,Delhi,P1007,Router,10,1169.64
244,ORD2392,31-03-2024,01-04-2024,First Class,CUST1493,Daniel Sharma,Home Office,USA,Berlin,P1001,Laptop,2,1183.29
245,ORD1182,18-01-2025,20-01-2025,First Class,CUST2505,Olivia Wilson,Consumer,Canada,Delhi,P1002,Keyboard,3,388.64
246,ORD2153,09-01-2023,19-01-2023,Same Day,CUST2438,Anjali Davis,Home Office,USA,Toronto,P1003,Mouse,10,3448.5
247,ORD1444,30-03-2023,01-04-2023,Standard Class,CUST3414,Anjali Sharma,Corporate,Canada,London,P1003,Mouse,3,1276.54
248,ORD2320,28-03-2023,01-04-2023,Standard Class,CUST2235,Sarah Taylor,Home Office,Germany,Bangalore,P1005,Headphones,7,1512.93
249,ORD1111,13-03-2025,17-03-2025,Same Day,CUST1461,Sarah Gupta,Home Office,Germany,Pune,P1008,SSD,9,4449.19
250,ORD1024,05-01-2024,11-01-2024,Same Day,CUST3328,Robert Patel,Home Office,USA,Berlin,P1003,Mouse,2,132.61
251,ORD1138,15-01-2023,20-01-2023,Standard Class,CUST1247,Chris Sharma,Home Office,UK,Toronto,P1004,Monitor,7,3523.96
252,ORD1168,17-10-2024,26-10-2024,First Class,CUST1342,David Johnson,Home Office,USA,Delhi,P1003,Mouse,9,1667.41
253,ORD2201,11-10-2024,13-10-2024,Invalid Mode,CUST1977,John Davis,Consumer,Canada,Pune,P1005,Headphones,8,3080.87
254,ORD1112,13-11-2023,16-11-2023,Standard Class,CUST1562,Anjali Smith,Consumer,Canada,London,P1002,Keyboard,9,2610.25
255,ORD2476,23-09-2023,26-09-2023,Second Class,CUST2100,Anjali Johnson,Consumer,UK,Toronto,P1006,Printer,5,2643.08
256,ORD1538,30-12-2024,09-01-2025,Same Day,CUST2864,Amit Patel,Consumer,Canada,Delhi,P1002,Keyboard,6,828.68
257,ORD1210,10-08-2024,12-08-2024,Standard Class,CUST1180,Daniel Smith,Consumer,India,Berlin,P1004,Monitor,6,1945.75
258,ORD1307,03-07-2023,04-07-2023,Second Class,CUST2318,Sarah Sharma,Home Office,UK,New York,P1007,Router,2,2879.1
259,ORD1244,29-05-2024,30-05-2024,Second Class,CUST3112,John Sharma,Consumer,Canada,New York,P1003,Mouse,5,1670.14
260,ORD2132,12-04-2024,13-04-2024,Second Class,CUST2194,Rahul Wilson,Home Office,Germany,Bangalore,P1006,Printer,8,1872.95
261,ORD2010,02-03-2025,06-03-2025,Second Class,CUST1026,Olivia Sharma,Consumer,USA,London,P1004,Monitor,1,4757.4
262,ORD1002,16-02-2025,23-02-2025,Standard Class,CUST1840,Amit Davis,Corporate,Canada,Mumbai,P1005,Headphones,3,3572.68
263,ORD1190,14-02-2023,18-02-2023,First Class,CUST2877,Anjali Johnson,Home Office,India,Delhi,P1007,Router,7,420.41
264,ORD2162,05-03-2023,12-03-2023,Second Class,CUST2194,David Patel,Corporate,UK,London,P1003,Mouse,8,1396.18
265,ORD1152,27-07-2023,30-07-2023,Second Class,CUST1432,Michael Gupta,Corporate,UK,Toronto,P1002,Keyboard,2,2702.83
266,ORD1425,07-04-2024,12-04-2024,First Class,CUST1491,Jane Brown,Home Office,UnknownCountry,Mumbai,P1008,SSD,4,4187.83
267,ORD1671,01-06-2023,03-06-2023,First Class,CUST2623,Amit Smith,Home Office,UK,New York,P1004,Monitor,3,203.86
268,ORD1828,25-05-2025,02-06-2025,Standard Class,CUST2892,Jane Brown,Consumer,India,Mumbai,P1004,Monitor,4,697.04
269,ORD1820,17-01-2024,19-01-2024,Standard Class,CUST1089,Jane Davis,Home Office,Canada,Delhi,P1005,Headphones,2,4530.14
270,ORD1679,06-05-2023,07-05-2023,Standard Class,CUST1688,Olivia Miller,Corporate,Canada,Berlin,P1008,SSD,1,1944.51
271,ORD1873,26-06-2023,02-07-2023,Second Class,CUST2126,David Gupta,Consumer,India,Bangalore,P1004,Monitor,5,2519.51
272,ORD2127,05-05-2024,06-05-2024,First Class,CUST2568,Michael Sharma,Consumer,Germany,Bangalore,P1002,Keyboard,9,3984.49
273,ORD1783,11-03-2025,17-03-2025,Same Day,CUST2409,Olivia Miller,Home Office,UK,Toronto,P1008,SSD,5,940.09
274,ORD1653,03-09-2024,07-09-2024,First Class,CUST1239,Chris Gupta,Home Office,UK,Bangalore,P1001,Laptop,3,545.66
275,ORD2345,31-12-2099,09-09-2023,Second Class,CUST3358,Daniel Sharma,Corporate,USA,Delhi,P1001,Laptop,4,2982.97
276,ORD2428,03-01-2024,13-01-2024,First Class,CUST3325,Rahul Brown,Home Office,USA,Berlin,P1001,Laptop,9,1579.81
277,ORD2004,08-02-2023,10-02-2023,Second Class,CUST3464,Sarah Smith,Home Office,Canada,Mumbai,P1001,Laptop,6,4593.59
278,ORD1412,05-04-2025,08-04-2025,Second Class,CUST2325,John Smith,Consumer,Germany,Delhi,P1006,Printer,2,4240.08
279,ORD1747,16-03-2023,22-03-2023,Standard Class,CUST2378,David Patel,Consumer,USA,Toronto,P1007,Router,8,3263.44
280,ORD1356,25-12-2024,03-01-2025,Second Class,CUST3412,Daniel Brown,Corporate,UK,New York,P1006,Printer,3,929.66
281,ORD1003,31-12-2099,29-12-2024,Standard Class,CUST1745,Rahul Patel,Home Office,USA,Pune,P1007,Router,8,746.18
282,ORD1159,01-09-2023,07-09-2023,Second Class,CUST1363,Daniel Patel,Corporate,India,New York,P1006,Printer,4,1285.23
283,ORD1138,25-12-2023,30-12-2023,Standard Class,CUST1197,Robert Gupta,Home Office,Canada,Delhi,P1002,Keyboard,7,2490.76
284,ORD1775,26-12-2023,04-01-2024,Standard Class,CUST2963,Chris Miller,Home Office,USA,Delhi,P1007,Router,8,414.86
285,ORD1068,29-10-2023,30-10-2023,First Class,CUST1428,Jane Patel,Consumer,Canada,Delhi,P1006,Printer,2,2757.88
286,ORD1190,13-12-2023,23-12-2023,Standard Class,CUST2766,Sneha Brown,Home Office,Canada,Delhi,P1008,SSD,1,551.23
287,ORD1420,14-07-2023,21-07-2023,First Class,CUST2218,Sarah Johnson,Consumer,Canada,Berlin,P1005,Headphones,3,319.8
288,ORD1007,13-03-2024,15-03-2024,Same Day,CUST1817,Jane Smith,Consumer,USA,New York,P1005,Headphones,2,2394.17
289,ORD1236,12-11-2023,19-11-2023,Same Day,CUST2085,Jane Taylor,Corporate,USA,London,P1008,SSD,7,1878.54
290,ORD1912,15-02-2023,20-02-2023,Same Day,CUST2078,Sarah Wilson,Home Office,India,Delhi,P1008,SSD,2,474.25
291,ORD1704,07-04-2025,01-01-2022,Second Class,CUST3267,John Sharma,Home Office,Canada,Berlin,P1007,Router,10,4414.19
292,ORD1975,03-11-2023,05-11-2023,Standard Class,CUST3056,Rahul Taylor,Home Office,Germany,Delhi,P1007,Router,2,4748.81
293,ORD1919,27-06-2023,30-06-2023,Second Class,CUST1516,John Sharma,Consumer,Canada,Bangalore,P1004,Monitor,3,4178.84
294,ORD1528,24-11-2023,26-11-2023,Same Day,CUST3278,,Corporate,UK,Berlin,P1002,Keyboard,1,3943.43
295,ORD2276,24-08-2024,02-09-2024,Standard Class,CUST2697,Michael Brown,Home Office,Germany,Pune,P1007,Router,2,2835.28
296,ORD1206,15-03-2025,20-03-2025,Same Day,CUST2081,Robert Gupta,Home Office,Germany,Berlin,P1006,Printer,1,902.39
297,ORD1825,28-05-2023,07-06-2023,Standard Class,CUST2621,Olivia Patel,Home Office,UnknownCountry,Mumbai,P1007,Router,8,4608.13
298,ORD1762,21-01-2023,27-01-2023,First Class,CUST2148,Daniel Gupta,Home Office,India,Bangalore,P1005,Headphones,3,1537.38
299,ORD1907,03-03-2025,09-03-2025,Same Day,CUST3477,Sneha Johnson,Consumer,Canada,Bangalore,P1005,Headphones,7,3717.68
300,ORD2057,07-06-2025,13-06-2025,Second Class,CUST1268,David Taylor,Corporate,USA,Mumbai,P1001,Laptop,3,1004.18
301,ORD1411,07-05-2025,08-05-2025,Standard Class,CUST2869,John Patel,Home Office,USA,New York,P1004,Monitor,6,4126.36
302,ORD2034,11-02-2024,13-02-2024,Second Class,CUST2525,Priya Miller,Corporate,USA,Berlin,P1001,Laptop,10,2779.1
303,ORD1705,17-06-2023,22-06-2023,First Class,CUST1112,Robert Smith,Consumer,Germany,Bangalore,P1002,Keyboard,4,3254.53
304,ORD2387,31-07-2023,05-08-2023,Standard Class,CUST1036,Priya Brown,Home Office,USA,Mumbai,P1007,Router,4,1299.33
305,ORD1625,30-12-2024,04-01-2025,Same Day,CUST2428,Priya Wilson,Consumer,Canada,New York,P1007,Router,9,4130.34
306,ORD1813,21-08-2024,23-08-2024,First Class,CUST3299,Sneha Miller,Home Office,UK,New York,P1001,Laptop,2,2434.61
307,ORD1688,11-10-2023,17-10-2023,First Class,CUST2223,Sarah Brown,Home Office,USA,Mumbai,P1005,Headphones,10,2050.29
308,ORD1654,28-11-2024,01-12-2024,Same Day,CUST2210,David Sharma,Corporate,Canada,Mumbai,P1001,Laptop,10,3554.94
309,ORD2171,15-04-2025,19-04-2025,Second Class,CUST3189,Sneha Gupta,Home Office,UK,New York,P1006,Printer,3,4211.16
310,ORD2143,05-07-2023,10-07-2023,Same Day,CUST1524,Anjali Wilson,Home Office,Germany,Delhi,P1002,Keyboard,6,3289.45
311,ORD1455,30-12-2023,03-01-2024,Same Day,CUST2357,Emily Wilson,Home Office,UK,Berlin,P1005,Headphones,2,2379.16
312,ORD2299,20-08-2024,30-08-2024,Same Day,CUST1796,Amit Johnson,Home Office,Canada,New York,P1002,Keyboard,7,317.61
313,ORD1308,21-05-2023,25-05-2023,Same Day,CUST3332,Olivia Gupta,Consumer,UK,Delhi,P1006,Printer,2,2463.53
314,ORD2292,01-07-2023,07-07-2023,Standard Class,CUST2851,David Davis,Consumer,Germany,Delhi,P1001,Laptop,8,3936.79
315,ORD1180,13-05-2023,23-05-2023,Same Day,CUST2652,Robert Gupta,Corporate,India,Mumbai,P1007,Router,9,1037.1
316,ORD1764,15-01-2023,21-01-2023,Standard Class,CUST1016,Sneha Davis,Consumer,UK,New York,P1004,Monitor,3,558.41
317,ORD2030,25-08-2024,30-08-2024,Standard Class,CUST1187,David Wilson,Corporate,Germany,London,P1003,Mouse,7,4445.47
318,ORD1274,17-12-2023,25-12-2023,Second Class,CUST1675,Olivia Sharma,Consumer,USA,Bangalore,P1006,Printer,3,1095.39
319,ORD1044,26-08-2024,04-09-2024,Standard Class,CUST2501,Anjali Smith,Corporate,UK,Mumbai,P1003,Mouse,10,4973.67
320,ORD2355,21-04-2023,22-04-2023,Standard Class,CUST2707,Priya Sharma,Consumer,Germany,New York,P1001,Laptop,8,3524.25
321,ORD1420,12-12-2024,13-12-2024,Same Day,CUST1413,Sneha Taylor,Corporate,Germany,Delhi,P1005,Headphones,7,4161.73
322,ORD1214,07-06-2024,17-06-2024,First Class,CUST1466,Chris Johnson,Corporate,USA,Bangalore,P1002,Keyboard,5,4165.92
323,ORD1413,02-01-2024,09-01-2024,Second Class,CUST1161,Amit Gupta,Consumer,Canada,London,P1005,Headphones,4,63.55
324,ORD2375,02-04-2023,04-04-2023,Second Class,CUST1368,Chris Taylor,Consumer,India,New York,P1008,SSD,4,2310.92
325,ORD1606,28-09-2023,06-10-2023,Standard Class,CUST1715,Daniel Smith,Corporate,UK,London,P1001,Laptop,7,3705.77
326,ORD1194,21-05-2025,22-05-2025,Second Class,CUST1698,Emily Patel,Corporate,Germany,New York,P1001,Laptop,2,1894.48
327,ORD1701,07-07-2023,09-07-2023,Same Day,CUST2869,David Sharma,Home Office,Canada,Toronto,P1007,Router,3,609.63
20,ORD2425,13-01-2025,14-01-2025,Standard Class,CUST2704,Olivia Miller,Corporate,Germany,Berlin,P1003,Mouse,3,3076.05
329,ORD1734,18-09-2024,19-09-2024,Same Day,CUST2999,Jane Sharma,Corporate,India,Pune,P1003,Mouse,5,3292.12
330,ORD1025,22-12-2024,31-12-2024,First Class,CUST3126,Amit Miller,Consumer,Canada,Bangalore,P1004,Monitor,8,1761.46
331,ORD2385,18-10-2024,25-10-2024,Standard Class,CUST1047,Sneha Brown,Home Office,Canada,Berlin,P1003,Mouse,3,420.58
332,ORD2006,25-11-2023,29-11-2023,First Class,CUST1206,Amit Davis,Home Office,UnknownCountry,Toronto,P1006,Printer,4,440.21
333,ORD1909,31-03-2025,10-04-2025,Standard Class,CUST3041,Priya Patel,Consumer,Canada,Mumbai,P1008,SSD,2,2047.03
334,ORD1073,24-07-2024,02-08-2024,Standard Class,CUST3474,Rahul Wilson,Home Office,Germany,Bangalore,P1001,Laptop,8,4754.26
335,ORD1744,25-04-2025,26-04-2025,Same Day,CUST2359,Amit Miller,Home Office,Canada,London,P1004,Monitor,8,614.42
336,ORD2349,16-08-2023,17-08-2023,First Class,CUST2195,Amit Taylor,Corporate,India,Mumbai,P1006,Printer,3,2487.49
337,ORD2468,30-01-2025,06-02-2025,First Class,CUST1802,Sarah Johnson,Corporate,USA,Berlin,P1002,Keyboard,4,-100
338,ORD1220,14-02-2025,21-02-2025,Standard Class,CUST2845,Priya Miller,Home Office,USA,Berlin,P1001,Laptop,1,2675.3
339,ORD1099,20-07-2024,27-07-2024,Second Class,CUST3369,Michael Brown,Consumer,Canada,London,P1008,SSD,9,4412.88
340,ORD1857,15-09-2024,19-09-2024,Same Day,CUST2404,David Gupta,Consumer,USA,Toronto,P1005,Headphones,10,3515.07
341,ORD2049,03-11-2023,12-11-2023,Second Class,CUST1822,Sarah Miller,Home Office,UK,London,P1006,Printer,3,4907.61
342,ORD2331,02-07-2023,11-07-2023,Standard Class,CUST2442,Amit Gupta,Home Office,Germany,Toronto,P1006,Printer,9,1465.34
343,ORD1865,07-04-2025,08-04-2025,Standard Class,CUST2560,Michael Smith,Home Office,India,Bangalore,P1002,Keyboard,5,3763.42
344,ORD1329,21-10-2023,26-10-2023,Standard Class,CUST2208,Sarah Taylor,Consumer,UK,Berlin,P1003,Mouse,2,3099.74
345,ORD2383,27-01-2025,05-02-2025,Same Day,CUST1973,Amit Wilson,Home Office,India,Toronto,P1004,Monitor,7,2112
346,ORD2403,17-11-2023,26-11-2023,Standard Class,CUST2029,Sarah Miller,Corporate,USA,London,P1001,Laptop,10,2755.74
347,ORD2235,21-07-2023,25-07-2023,Same Day,CUST1726,Sneha Johnson,Consumer,USA,Pune,P1005,Headphones,7,251.14
348,ORD1571,23-07-2024,28-07-2024,Second Class,CUST3392,Daniel Wilson,Consumer,UK,Berlin,P1003,Mouse,3,247.71
349,ORD1660,03-09-2024,04-09-2024,Same Day,CUST3345,Amit Patel,Consumer,UK,Bangalore,P1005,Headphones,3,2627
350,ORD2034,13-06-2023,20-06-2023,Standard Class,CUST2431,Sarah Davis,Home Office,UK,London,P1007,Router,6,1503.19
351,ORD2266,27-06-2024,05-07-2024,Standard Class,CUST2417,Priya Davis,Home Office,Germany,Bangalore,P1001,Laptop,1,3428.63
352,ORD1657,26-01-2024,28-01-2024,First Class,CUST3212,Anjali Wilson,Consumer,Germany,London,P1007,Router,9,4023.94
353,ORD1912,13-05-2024,14-05-2024,Second Class,CUST2312,Amit Johnson,Consumer,USA,Mumbai,P1005,Headphones,2,1093.37
354,ORD2289,03-03-2025,07-03-2025,Standard Class,CUST1842,Amit Sharma,Home Office,India,Delhi,P1007,Router,1,2323.16
355,ORD1679,08-02-2023,10-02-2023,Standard Class,CUST1729,Chris Wilson,Home Office,India,Bangalore,P1002,Keyboard,5,2067.78
356,ORD1923,07-10-2024,14-10-2024,First Class,CUST1069,Robert Johnson,Home Office,India,Pune,P1007,Router,10,275.31
357,ORD1148,02-01-2024,11-01-2024,First Class,CUST2234,Rahul Johnson,Corporate,Canada,Toronto,P1002,Keyboard,7,4119.51
358,ORD1063,30-04-2024,03-05-2024,Second Class,CUST2601,Chris Taylor,Corporate,USA,New York,P1004,Monitor,6,4789.09
359,ORD1022,20-07-2024,29-07-2024,Standard Class,CUST1171,John Miller,Home Office,Canada,Pune,P1003,Mouse,5,1089.76
360,ORD2486,19-12-2023,23-12-2023,Second Class,CUST1659,,Home Office,UK,Bangalore,P1007,Router,2,947.72
361,ORD2161,22-05-2025,23-05-2025,Standard Class,CUST2190,Sneha Johnson,Corporate,India,Bangalore,P1008,SSD,10,2461.59
362,ORD1677,01-01-2024,04-01-2024,Standard Class,CUST2167,Rahul Johnson,Consumer,UK,Berlin,P1004,Monitor,8,1675.31
363,ORD2350,10-11-2023,20-11-2023,First Class,CUST2295,Robert Brown,Consumer,UK,Bangalore,P1003,Mouse,4,3575.39
364,ORD2312,22-03-2024,27-03-2024,Second Class,CUST2358,Olivia Gupta,Corporate,Canada,London,P1006,Printer,5,2460.51
365,ORD1222,29-06-2023,09-07-2023,First Class,CUST1573,Olivia Taylor,Consumer,UK,Pune,P1002,Keyboard,2,4465.92
366,ORD2038,08-10-2024,09-10-2024,Second Class,CUST1150,Amit Wilson,Home Office,Germany,Berlin,P1007,Router,3,1860.8
367,ORD1457,01-03-2025,11-03-2025,Second Class,CUST2903,Amit Taylor,Consumer,Canada,London,P1005,Headphones,9,102.43
368,ORD1489,18-05-2025,28-05-2025,Second Class,CUST2827,Michael Brown,Home Office,Germany,Delhi,P1003,Mouse,8,4698.92
369,ORD1082,13-08-2023,21-08-2023,Standard Class,CUST2082,Emily Davis,Consumer,USA,London,P1004,Monitor,7,2374.89
370,ORD1931,17-02-2023,18-02-2023,Standard Class,CUST3135,Sneha Wilson,Home Office,UK,Delhi,P1006,Printer,7,3285.69
371,ORD1748,24-08-2024,26-08-2024,Same Day,CUST1912,Amit Sharma,Corporate,UK,Berlin,P1005,Headphones,8,4441.5
372,ORD1013,28-05-2024,31-05-2024,Second Class,CUST1942,Jane Taylor,Home Office,UK,Bangalore,P1008,SSD,3,975.18
373,ORD1741,08-09-2024,10-09-2024,Same Day,CUST2352,Anjali Johnson,Corporate,Canada,Berlin,P1004,Monitor,4,2974.41
374,ORD2325,03-05-2025,10-05-2025,Second Class,CUST1176,Michael Miller,Home Office,USA,Delhi,P1001,Laptop,9,243.99
375,ORD2172,31-05-2023,01-06-2023,First Class,CUST1737,Amit Sharma,Home Office,Germany,Mumbai,P1003,Mouse,5,4738.91
376,ORD1443,31-12-2099,14-04-2024,Same Day,CUST1698,Sarah Sharma,Home Office,USA,Delhi,P1008,SSD,10,3315.26
377,ORD1541,21-06-2023,27-06-2023,Standard Class,CUST1941,Robert Sharma,Consumer,India,Mumbai,P1008,SSD,4,2637.42
378,ORD2032,01-12-2024,08-12-2024,Standard Class,CUST1726,Priya Miller,Home Office,India,Pune,P1003,Mouse,2,2437.09
379,ORD1266,09-09-2024,18-09-2024,Same Day,CUST3138,Robert Patel,Consumer,Germany,Toronto,P1001,Laptop,4,4695.19
380,ORD1987,19-03-2025,26-03-2025,Standard Class,CUST2742,Michael Wilson,Corporate,USA,Pune,P1006,Printer,5,3011.55
381,ORD2113,23-02-2024,28-02-2024,Standard Class,CUST1029,Rahul Taylor,Consumer,Germany,Mumbai,P1004,Monitor,7,3290
382,ORD2408,03-04-2025,09-04-2025,First Class,CUST1436,Michael Sharma,Home Office,Germany,New York,P1007,Router,5,4282.14
383,ORD1867,01-08-2024,07-08-2024,Same Day,CUST1834,Robert Taylor,Home Office,Canada,Delhi,P1005,Headphones,6,2817.51
384,ORD1990,17-09-2023,22-09-2023,Same Day,CUST1565,Daniel Johnson,Home Office,USA,Berlin,P1006,Printer,3,546.38
385,ORD2041,15-02-2024,21-02-2024,Second Class,CUST2593,Sneha Smith,Consumer,USA,Berlin,P1001,Laptop,10,2205.12
386,ORD1131,27-09-2023,01-10-2023,Standard Class,CUST3494,John Sharma,Corporate,Germany,New York,P1006,Printer,10,334.44
387,ORD1358,17-10-2024,25-10-2024,Standard Class,CUST1826,Daniel Taylor,Corporate,USA,Mumbai,P1008,SSD,10,2577.21
388,ORD2430,26-08-2023,05-09-2023,Standard Class,CUST2473,,Consumer,India,New York,P1003,Mouse,7,1797.98
389,ORD1809,20-02-2024,01-03-2024,Standard Class,CUST1281,Olivia Johnson,Home Office,UK,London,P1004,Monitor,6,4818.27
390,ORD1566,20-08-2023,30-08-2023,Same Day,CUST2654,Rahul Smith,Corporate,USA,Toronto,P1004,Monitor,9,577
391,ORD1148,30-05-2024,04-06-2024,Standard Class,CUST3102,David Taylor,Home Office,UnknownCountry,Berlin,P1006,Printer,7,2837.68
392,ORD1498,14-02-2025,20-02-2025,Same Day,CUST3403,Daniel Smith,Corporate,India,New York,P1008,SSD,2,1944.23
393,ORD1451,24-11-2024,28-11-2024,Same Day,CUST2446,Amit Taylor,Consumer,UK,Bangalore,P1006,Printer,5,510.4
394,ORD2379,05-02-2025,11-02-2025,Second Class,CUST2951,Emily Patel,Consumer,Germany,New York,P1002,Keyboard,3,4738.23
395,ORD2399,14-07-2023,22-07-2023,Second Class,CUST1991,Daniel Wilson,Consumer,USA,Bangalore,P1004,Monitor,4,4189.86
396,ORD1729,09-06-2023,11-06-2023,Standard Class,CUST3017,Rahul Smith,Home Office,India,Berlin,P1002,Keyboard,6,3122.3
397,ORD2008,11-08-2024,16-08-2024,Second Class,CUST3093,David Sharma,Consumer,Germany,Delhi,P1008,SSD,1,2652.39
398,ORD1866,04-05-2024,13-05-2024,First Class,CUST2612,Daniel Brown,Corporate,India,Berlin,P1001,Laptop,6,3461.59
399,ORD1024,21-11-2024,25-11-2024,Standard Class,CUST2332,Emily Miller,Corporate,USA,New York,P1007,Router,4,1383.57
400,ORD2255,18-12-2023,24-12-2023,Same Day,CUST2736,Sarah Sharma,Home Office,UK,London,P1003,Mouse,7,1434.17
401,ORD1368,08-08-2024,11-08-2024,Standard Class,CUST2105,Chris Davis,Home Office,Canada,Toronto,P1004,Monitor,4,771.93
402,ORD1306,29-04-2024,30-04-2024,Same Day,CUST3046,Michael Taylor,Home Office,UK,Berlin,P1003,Mouse,5,1292.32
403,ORD2162,18-02-2023,25-02-2023,Second Class,CUST1245,Sarah Wilson,Corporate,India,Berlin,P1002,Keyboard,6,1335.86
404,ORD1737,27-07-2024,05-08-2024,First Class,CUST1081,Robert Johnson,Corporate,Germany,Bangalore,P1005,Headphones,10,2900.68
405,ORD2329,05-07-2024,08-07-2024,First Class,CUST2331,Sneha Taylor,Corporate,Canada,Pune,P1005,Headphones,7,3087.64
406,ORD1949,08-10-2024,11-10-2024,First Class,CUST2727,Sneha Miller,Home Office,Canada,Pune,P1003,Mouse,2,851.9
407,ORD1467,18-11-2023,24-11-2023,First Class,CUST3479,Sneha Sharma,Corporate,Canada,London,P1005,Headphones,10,2628.63
408,ORD1922,28-02-2024,02-03-2024,Standard Class,CUST1512,Anjali Davis,Home Office,UK,Pune,P1003,Mouse,4,876.21
409,ORD1210,08-04-2023,10-04-2023,Standard Class,CUST1107,Chris Sharma,Home Office,India,Pune,P1008,SSD,5,3109.61
410,ORD1172,01-11-2024,08-11-2024,Second Class,CUST2013,Anjali Wilson,Corporate,USA,Delhi,P1005,Headphones,9,4200.66
411,ORD1058,05-02-2023,11-02-2023,Same Day,CUST2913,Daniel Taylor,Corporate,Germany,Berlin,P1006,Printer,3,4849.23
412,ORD2428,06-07-2024,09-07-2024,Same Day,CUST3144,Sneha Taylor,Corporate,UK,Berlin,P1008,SSD,9,1174.29
413,ORD1183,28-03-2024,02-04-2024,Same Day,CUST2064,Michael Wilson,Consumer,India,Delhi,P1006,Printer,6,1469.47
414,ORD2095,09-01-2023,17-01-2023,First Class,CUST1037,Chris Sharma,Corporate,Germany,Bangalore,P1008,SSD,1,2763.65
415,ORD1386,26-02-2024,06-03-2024,Same Day,CUST2023,Michael Sharma,Corporate,USA,New York,P1007,Router,2,2140.08
416,ORD1490,13-06-2024,23-06-2024,First Class,CUST3178,Chris Wilson,Corporate,USA,Pune,P1005,Headphones,3,726.29
417,ORD1226,14-10-2024,22-10-2024,First Class,CUST3015,Sarah Patel,Consumer,USA,Mumbai,P1008,SSD,9,159.55
418,ORD1209,16-10-2023,21-10-2023,Same Day,CUST1033,Sarah Johnson,Consumer,India,Berlin,P1003,Mouse,4,1742.47
419,ORD1638,15-03-2025,23-03-2025,Same Day,CUST1129,Emily Johnson,Consumer,India,New York,P1006,Printer,7,403.35
420,ORD1962,05-07-2023,09-07-2023,Same Day,CUST1051,Jane Davis,Corporate,Canada,Bangalore,P1005,Headphones,1,1035.94
421,ORD1192,17-06-2024,21-06-2024,Same Day,CUST2278,Olivia Patel,Consumer,India,Pune,P1008,SSD,5,2432.09
422,ORD1611,23-07-2023,29-07-2023,Second Class,CUST1462,Sarah Sharma,Corporate,India,Delhi,P1001,Laptop,5,2944.25
423,ORD1810,19-03-2025,23-03-2025,Standard Class,CUST3380,Chris Gupta,Home Office,Germany,Delhi,P1001,Laptop,6,3865.45
424,ORD1509,11-06-2023,19-06-2023,First Class,CUST1245,John Patel,Home Office,USA,Pune,P1002,Keyboard,3,2464.82
425,ORD1648,25-07-2024,31-07-2024,Second Class,CUST1087,Anjali Sharma,Corporate,USA,New York,P1008,SSD,1,2452.25
426,ORD1896,26-07-2024,31-07-2024,Second Class,CUST3321,Michael Taylor,Corporate,UK,Berlin,P1008,SSD,5,4344.93
427,ORD2226,31-05-2025,09-06-2025,Standard Class,CUST3175,Michael Gupta,Corporate,UK,London,P1003,Mouse,8,53.56
428,ORD2306,02-06-2024,09-06-2024,Standard Class,CUST2491,Chris Miller,Consumer,UK,Pune,P1003,Mouse,9,4104.3
429,ORD1388,20-06-2024,28-06-2024,First Class,CUST2321,Robert Patel,Consumer,India,Pune,P1003,Mouse,1,4184.21
430,ORD1265,02-07-2023,03-07-2023,Standard Class,CUST2988,Sarah Johnson,Consumer,Germany,Toronto,P1004,Monitor,8,2652.82
431,ORD2436,27-08-2024,01-09-2024,First Class,CUST1904,Rahul Johnson,Consumer,USA,Berlin,P1001,Laptop,2,2366.89
432,ORD2308,04-03-2023,10-03-2023,First Class,CUST1238,Daniel Miller,Corporate,Germany,Mumbai,P1007,Router,2,4180.56
433,ORD1159,10-08-2023,19-08-2023,Standard Class,CUST1946,Amit Sharma,Consumer,USA,Bangalore,P1002,Keyboard,10,3145.36
434,ORD1366,25-07-2024,03-08-2024,Standard Class,CUST3361,Emily Gupta,Home Office,Canada,Pune,P1007,Router,3,3972.68
435,ORD2126,16-02-2024,25-02-2024,Second Class,CUST3186,Rahul Gupta,Corporate,UK,London,P1006,Printer,6,2091.1
436,ORD2296,16-03-2024,22-03-2024,Second Class,CUST2536,Chris Taylor,Home Office,UK,London,P1004,Monitor,8,2265.12
437,ORD1813,01-01-2023,02-01-2023,Standard Class,CUST3120,Michael Wilson,Consumer,UK,Bangalore,P1005,Headphones,4,4285.82
438,ORD1044,01-03-2025,06-03-2025,Standard Class,CUST1154,Priya Patel,Consumer,USA,New York,P1003,Mouse,6,4453.65
439,ORD1511,27-08-2023,01-09-2023,Standard Class,CUST3336,Robert Miller,Consumer,India,London,P1005,Headphones,8,905.87
440,ORD2412,20-12-2024,30-12-2024,First Class,CUST1153,Anjali Miller,Corporate,India,Mumbai,P1002,Keyboard,6,1772.25
441,ORD1889,02-03-2024,04-03-2024,Standard Class,CUST2566,John Wilson,Home Office,India,London,P1004,Monitor,9,2846.32
442,ORD1669,29-05-2024,02-06-2024,Standard Class,CUST2609,Priya Miller,Home Office,Germany,Pune,P1003,Mouse,4,2188.08
443,ORD1807,01-06-2023,04-06-2023,Standard Class,CUST2949,Rahul Smith,Home Office,Canada,New York,P1006,Printer,2,2022.71
444,ORD1889,03-03-2025,06-03-2025,Same Day,CUST3290,Sarah Gupta,Corporate,Germany,Bangalore,P1003,Mouse,9,3099.18
445,ORD2073,10-09-2023,14-09-2023,First Class,CUST2761,Emily Miller,Consumer,India,Toronto,P1002,Keyboard,7,1858.07
446,ORD1390,25-11-2023,01-12-2023,First Class,CUST1693,Emily Miller,Corporate,Germany,Delhi,P1001,Laptop,8,-100
447,ORD1478,24-07-2023,30-07-2023,Standard Class,CUST1460,Anjali Smith,Consumer,Germany,Delhi,P1003,Mouse,5,117.98
448,ORD2420,03-04-2025,05-04-2025,Same Day,CUST2929,John Patel,Consumer,Germany,Bangalore,P1005,Headphones,4,2754.8
449,ORD1529,15-07-2024,23-07-2024,Standard Class,CUST2542,Rahul Taylor,Consumer,UK,Delhi,P1003,Mouse,1,1455.87
450,ORD2426,24-09-2024,29-09-2024,Same Day,CUST1034,Jane Sharma,Home Office,UK,London,P1001,Laptop,2,144.44
451,ORD2329,31-01-2024,04-02-2024,Standard Class,CUST2292,Priya Miller,Home Office,India,Delhi,P1007,Router,4,2528.22
452,ORD1937,28-07-2024,29-07-2024,Second Class,CUST3168,David Patel,Corporate,Canada,Delhi,P1001,Laptop,1,1766.56
453,ORD1720,30-12-2023,04-01-2024,First Class,CUST1253,Sneha Wilson,Corporate,India,New York,P1004,Monitor,4,800.96
454,ORD1804,03-11-2024,06-11-2024,Same Day,CUST3132,Sneha Miller,Home Office,USA,Toronto,P1002,Keyboard,4,2885.85
455,ORD1873,16-11-2023,26-11-2023,Same Day,CUST3220,Michael Davis,Home Office,USA,Bangalore,P1006,Printer,3,1579.54
456,ORD2444,20-06-2024,23-06-2024,Invalid Mode,CUST3313,Olivia Brown,Corporate,India,Pune,P1007,Router,3,1622.11
457,ORD1298,14-01-2025,15-01-2025,Same Day,CUST2684,David Gupta,Home Office,UK,Delhi,P1006,Printer,4,578.52
458,ORD1378,27-01-2023,06-02-2023,Second Class,CUST3442,Sarah Davis,Home Office,India,London,P1005,Headphones,2,3456.3
459,ORD1976,18-05-2023,27-05-2023,First Class,CUST1753,Daniel Sharma,Corporate,Canada,Delhi,P1008,SSD,3,1006.64
460,ORD1066,23-02-2024,24-02-2024,Same Day,CUST1911,Anjali Davis,Consumer,UnknownCountry,Delhi,P1005,Headphones,8,4342.29
461,ORD2003,05-12-2024,11-12-2024,Second Class,CUST2751,Robert Smith,Home Office,Canada,London,P1008,SSD,7,3076.95
462,ORD2171,31-08-2024,09-09-2024,Standard Class,CUST2849,Priya Smith,Consumer,Germany,Toronto,P1001,Laptop,1,2810.62
463,ORD2057,22-02-2025,23-02-2025,First Class,CUST2800,Robert Wilson,Corporate,Canada,Delhi,P1004,Monitor,7,1507.38
464,ORD1111,07-12-2024,16-12-2024,Same Day,CUST2850,Jane Taylor,Consumer,USA,Delhi,P1003,Mouse,7,2097.12
465,ORD1923,26-01-2023,01-01-2022,Second Class,CUST2862,,Corporate,USA,Pune,P1008,SSD,2,615.12
466,ORD1920,11-10-2024,17-10-2024,Same Day,CUST3095,Rahul Brown,Corporate,Germany,Toronto,P1002,Keyboard,1,3852.89
467,ORD1686,02-08-2024,05-08-2024,Second Class,CUST1732,Chris Smith,Corporate,UK,New York,P1003,Mouse,8,1479.46
468,ORD1370,01-05-2023,04-05-2023,Standard Class,CUST2036,John Gupta,Corporate,Canada,Mumbai,P1004,Monitor,10,4419.38
469,ORD1487,11-08-2023,21-08-2023,Same Day,CUST2679,Priya Johnson,Home Office,Germany,Mumbai,P1008,SSD,4,4416.73
470,ORD1569,26-09-2024,05-10-2024,Standard Class,CUST1757,Michael Smith,Home Office,UK,Mumbai,P1004,Monitor,3,4276.45
471,ORD2366,14-08-2024,24-08-2024,First Class,CUST1359,John Johnson,Corporate,USA,Delhi,P1005,Headphones,5,3074.89
472,ORD2416,17-12-2024,27-12-2024,Same Day,CUST3371,Emily Smith,Consumer,UK,London,P1003,Mouse,6,4492.77
473,ORD1138,15-02-2025,22-02-2025,First Class,CUST2928,Michael Johnson,Home Office,UK,London,P1002,Keyboard,9,2098.1
474,ORD1429,13-12-2024,17-12-2024,Standard Class,CUST3340,Anjali Taylor,Consumer,Canada,New York,P1001,Laptop,7,3063.78
475,ORD1648,23-09-2023,02-10-2023,Second Class,CUST3304,,Home Office,Canada,Berlin,P1006,Printer,3,4424.14
476,ORD1476,26-12-2024,31-12-2024,Standard Class,CUST1484,John Gupta,Home Office,India,Bangalore,P1004,Monitor,10,4994.99
477,ORD1847,16-02-2023,22-02-2023,Second Class,CUST1046,Sneha Davis,Home Office,UK,New York,P1006,Printer,2,1573.47
478,ORD2037,17-07-2024,23-07-2024,Standard Class,CUST2365,Emily Sharma,Home Office,Germany,Mumbai,P1001,Laptop,3,1010.38
479,ORD1692,19-11-2024,27-11-2024,Standard Class,CUST1556,Priya Brown,Home Office,Canada,London,P1008,SSD,8,3930.75
480,ORD1847,30-01-2025,31-01-2025,First Class,CUST3274,Amit Smith,Consumer,Germany,London,P1005,Headphones,6,377.75
481,ORD1305,15-10-2023,16-10-2023,Same Day,CUST3188,Daniel Brown,Home Office,Germany,Toronto,P1006,Printer,3,2996.2
482,ORD1631,23-12-2024,29-12-2024,First Class,CUST2695,Jane Gupta,Consumer,UK,Berlin,P1001,Laptop,5,1119.89
483,ORD1619,29-06-2023,01-07-2023,Standard Class,CUST1827,Olivia Johnson,Corporate,Germany,Mumbai,P1006,Printer,8,4529.53
484,ORD1315,14-07-2023,20-07-2023,First Class,CUST2340,Michael Johnson,Home Office,USA,Bangalore,P1008,SSD,1,2323.87
485,ORD2461,04-06-2025,13-06-2025,Standard Class,CUST2273,Olivia Smith,Home Office,Germany,Pune,P1002,Keyboard,6,2361.04
486,ORD1094,16-04-2023,25-04-2023,Standard Class,CUST3365,Chris Wilson,Home Office,USA,London,P1005,Headphones,4,1003.1
487,ORD1566,29-06-2024,05-07-2024,Standard Class,CUST2116,Michael Brown,Corporate,India,Mumbai,P1008,SSD,10,2820.15
488,ORD1209,31-07-2023,09-08-2023,First Class,CUST2110,Michael Wilson,Home Office,USA,Delhi,P1006,Printer,2,1591.32
489,ORD1693,07-07-2024,15-07-2024,Second Class,CUST1118,Priya Smith,Consumer,Canada,Mumbai,P1001,Laptop,2,2161.01
490,ORD1366,22-12-2024,01-01-2025,First Class,CUST2279,Emily Davis,Home Office,Germany,Pune,P1008,SSD,8,2860.56
491,ORD1190,12-04-2025,20-04-2025,Same Day,CUST2271,Sneha Gupta,Corporate,USA,Bangalore,P1002,Keyboard,3,4312.43
492,ORD2263,22-09-2023,28-09-2023,Second Class,CUST2353,Chris Patel,Corporate,Canada,Mumbai,P1007,Router,2,2402.91
493,ORD1719,05-05-2024,13-05-2024,First Class,CUST2427,Rahul Miller,Consumer,Germany,Pune,P1003,Mouse,7,4096.89
494,ORD1219,30-11-2023,09-12-2023,First Class,CUST3182,Priya Sharma,Home Office,Canada,Bangalore,P1002,Keyboard,10,1256.27
495,ORD1325,08-05-2024,15-05-2024,First Class,CUST1852,Daniel Miller,Corporate,Canada,London,P1002,Keyboard,9,3485.96
496,ORD1354,09-11-2024,11-11-2024,Standard Class,CUST3425,Rahul Gupta,Corporate,Germany,Pune,P1008,SSD,8,922.06
497,ORD1831,13-03-2023,23-03-2023,Same Day,CUST2341,Priya Smith,Consumer,USA,Delhi,P1002,Keyboard,10,4521.12
498,ORD2302,09-04-2025,10-04-2025,Second Class,CUST2855,Amit Wilson,Corporate,Germany,Berlin,P1003,Mouse,4,1068.03
499,ORD1648,03-11-2023,13-11-2023,Same Day,CUST2410,Jane Miller,Consumer,Germany,Toronto,P1005,Headphones,3,4269.9
500,ORD1127,14-01-2024,23-01-2024,Standard Class,CUST3293,Daniel Patel,Consumer,UK,Mumbai,P1001,Laptop,4,2186.99
501,ORD2208,08-02-2024,14-02-2024,Same Day,CUST2562,Robert Taylor,Consumer,USA,Berlin,P1007,Router,3,981.72
502,ORD1787,13-05-2025,19-05-2025,Second Class,CUST2181,Daniel Brown,Consumer,India,Pune,P1007,Router,1,762.78
503,ORD1996,04-11-2024,11-11-2024,Standard Class,CUST1562,Sneha Sharma,Corporate,Germany,Toronto,P1003,Mouse,10,940
504,ORD2043,10-03-2024,19-03-2024,Same Day,CUST2455,Sarah Brown,Corporate,Germany,Mumbai,P1008,SSD,10,2515.88
505,ORD2496,31-08-2023,09-09-2023,Same Day,CUST3237,,Consumer,India,Berlin,P1005,Headphones,6,610.16
506,ORD1986,08-12-2024,10-12-2024,First Class,CUST2904,Amit Johnson,Home Office,UnknownCountry,Pune,P1003,Mouse,4,2388.64
507,ORD2359,15-11-2024,17-11-2024,Standard Class,CUST2407,Amit Smith,Corporate,Canada,Berlin,P1005,Headphones,10,3682.38
508,ORD1862,28-12-2023,02-01-2024,Second Class,CUST1144,Anjali Miller,Home Office,UK,New York,P1005,Headphones,1,3165.04
509,ORD2184,23-06-2023,03-07-2023,First Class,CUST1111,David Gupta,Consumer,USA,Pune,P1001,Laptop,5,1297.65
510,ORD2261,15-10-2023,20-10-2023,Standard Class,CUST1456,Rahul Brown,Home Office,USA,Berlin,P1005,Headphones,6,4048.81
511,ORD1535,12-03-2025,16-03-2025,Second Class,CUST3160,Daniel Smith,Corporate,India,Delhi,P1008,SSD,10,4673.01
512,ORD1315,07-05-2025,15-05-2025,Same Day,CUST1974,Sneha Gupta,Home Office,USA,Bangalore,P1007,Router,10,3685.09
513,ORD1706,25-02-2023,02-03-2023,Standard Class,CUST1686,Priya Sharma,Corporate,UK,Berlin,P1002,Keyboard,9,1206.62
514,ORD2399,23-12-2024,30-12-2024,First Class,CUST1594,Amit Sharma,Consumer,UK,Berlin,P1008,SSD,7,3408.54
515,ORD2085,30-11-2024,01-12-2024,First Class,CUST2768,,Corporate,UK,New York,P1002,Keyboard,2,1313.95
516,ORD2196,05-02-2024,13-02-2024,Second Class,CUST3129,Emily Brown,Corporate,Germany,Mumbai,P1004,Monitor,1,4166.86
517,ORD1024,26-02-2024,28-02-2024,Same Day,CUST2439,Sarah Wilson,Corporate,USA,Mumbai,P1002,Keyboard,1,3116.02
518,ORD1116,31-08-2024,04-09-2024,Standard Class,CUST1353,Daniel Miller,Consumer,Canada,Delhi,P1002,Keyboard,2,3493.49
519,ORD1518,29-10-2023,06-11-2023,Same Day,CUST2132,Chris Sharma,Home Office,UK,New York,P1002,Keyboard,3,3914.62
520,ORD1567,06-03-2025,07-03-2025,Same Day,CUST2362,John Wilson,Corporate,USA,Berlin,P1007,Router,2,2484.02
521,ORD1410,16-09-2024,23-09-2024,Same Day,CUST1444,Michael Taylor,Corporate,USA,Pune,P1003,Mouse,8,3591.23
522,ORD1211,05-02-2023,07-02-2023,First Class,CUST2826,John Gupta,Consumer,India,Mumbai,P1002,Keyboard,7,1368.86
523,ORD2433,04-12-2023,11-12-2023,Same Day,CUST2958,,Home Office,India,Bangalore,P1001,Laptop,1,1952.9
524,ORD2411,17-04-2025,25-04-2025,Invalid Mode,CUST2365,Sneha Wilson,Corporate,India,Pune,P1002,Keyboard,6,2696.4
525,ORD1696,24-03-2023,01-04-2023,Second Class,CUST1723,Amit Smith,Corporate,USA,New York,P1005,Headphones,7,4487.48
526,ORD2291,06-12-2024,12-12-2024,Standard Class,CUST2793,Anjali Davis,Consumer,India,Bangalore,P1008,SSD,1,-100
527,ORD2214,02-09-2023,10-09-2023,Standard Class,CUST3214,Sneha Wilson,Corporate,Germany,Berlin,P1007,Router,1,233.36
528,ORD1114,12-12-2023,13-12-2023,Standard Class,CUST1867,Chris Taylor,Corporate,Germany,Delhi,P1007,Router,10,1203.28
529,ORD1147,07-02-2023,10-02-2023,Standard Class,CUST2930,Olivia Miller,Consumer,USA,Delhi,P1008,SSD,1,902.63
530,ORD1102,11-11-2023,13-11-2023,Second Class,CUST3420,Jane Johnson,Consumer,Canada,Bangalore,P1008,SSD,2,4032.04
531,ORD1872,12-12-2023,19-12-2023,Standard Class,CUST3359,Amit Brown,Corporate,USA,Mumbai,P1006,Printer,10,908.57
532,ORD1129,04-05-2023,09-05-2023,Same Day,CUST1688,Anjali Patel,Home Office,USA,Berlin,P1003,Mouse,4,4632.09
533,ORD1083,17-05-2023,19-05-2023,Second Class,CUST1064,Olivia Gupta,Consumer,India,Mumbai,P1007,Router,3,4634.38
534,ORD2447,29-10-2024,08-11-2024,Same Day,CUST2949,Anjali Brown,Consumer,USA,New York,P1005,Headphones,9,2279.57
535,ORD1489,28-06-2023,08-07-2023,Second Class,CUST3047,Rahul Johnson,Home Office,UK,London,P1001,Laptop,7,72.62
536,ORD1482,16-07-2023,18-07-2023,First Class,CUST3210,Amit Davis,Corporate,USA,New York,P1002,Keyboard,1,1008.91
537,ORD1305,02-12-2024,10-12-2024,Second Class,CUST1654,Sneha Smith,Consumer,UK,New York,P1008,SSD,4,2201.62
538,ORD1684,23-09-2024,01-10-2024,Standard Class,CUST1214,Olivia Taylor,Consumer,USA,Mumbai,P1001,Laptop,8,2598.77
539,ORD1145,29-08-2023,06-09-2023,Same Day,CUST1814,Anjali Patel,Consumer,UnknownCountry,London,P1006,Printer,4,535.42
540,ORD1844,09-06-2025,13-06-2025,Second Class,CUST1301,Priya Miller,Corporate,India,Toronto,P1007,Router,3,1120.02
541,ORD2248,10-04-2024,13-04-2024,First Class,CUST1558,Priya Davis,Home Office,UK,New York,P1007,Router,4,1712.66
542,ORD1065,09-12-2024,19-12-2024,First Class,CUST1559,Jane Gupta,Corporate,Canada,Delhi,P1001,Laptop,6,1138.28
543,,10-09-2024,13-09-2024,Second Class,CUST1354,Robert Taylor,Corporate,USA,Berlin,P1003,Mouse,8,1431.9
544,ORD2495,14-03-2024,18-03-2024,First Class,CUST2778,Rahul Davis,Home Office,USA,Mumbai,P1004,Monitor,7,4901.91
545,ORD1082,26-04-2024,05-05-2024,Same Day,CUST3175,Robert Gupta,Home Office,India,Berlin,P1001,Laptop,8,1240.53
546,,10-02-2025,11-02-2025,Second Class,CUST1543,,Consumer,India,Mumbai,P1007,Router,8,3361.73
547,ORD1331,21-12-2024,29-12-2024,Same Day,CUST2899,Chris Brown,Home Office,Canada,Delhi,P1001,Laptop,6,3152.71
548,ORD2441,10-10-2024,11-10-2024,Same Day,CUST2363,Amit Smith,Corporate,Canada,New York,P1002,Keyboard,10,2735.05
549,ORD1424,17-03-2025,19-03-2025,Standard Class,CUST3108,Olivia Patel,Consumer,India,Toronto,P1006,Printer,6,2353.5
550,ORD1083,10-01-2024,16-01-2024,Standard Class,CUST3296,Anjali Davis,Consumer,UK,Bangalore,P1003,Mouse,9,612.11
551,ORD1979,25-01-2025,01-01-2022,Second Class,CUST2312,Emily Wilson,Home Office,Canada,New York,P1004,Monitor,1,363.68
552,ORD1707,08-04-2024,16-04-2024,Same Day,CUST3178,Sneha Taylor,Corporate,Canada,London,P1002,Keyboard,2,982.35
553,ORD1937,31-03-2023,02-04-2023,Second Class,CUST2181,Jane Johnson,Consumer,UK,Pune,P1007,Router,3,2506.83
554,ORD1418,17-06-2024,18-06-2024,Same Day,CUST3217,Olivia Brown,Corporate,UK,Toronto,P1005,Headphones,8,3701.66
555,,26-10-2023,30-10-2023,Standard Class,CUST1951,Daniel Taylor,Home Office,UK,Toronto,P1002,Keyboard,10,1746.82
556,ORD2323,16-03-2025,22-03-2025,Same Day,CUST2875,David Miller,Consumer,UK,Delhi,P1008,SSD,5,1172.57
557,ORD1761,23-10-2023,24-10-2023,First Class,CUST2164,Priya Brown,Home Office,USA,New York,P1003,Mouse,3,4867.37
558,ORD2450,10-12-2024,13-12-2024,Second Class,CUST1478,John Patel,Home Office,USA,Berlin,P1003,Mouse,5,1879.88
559,ORD1420,29-07-2024,30-07-2024,First Class,CUST1605,Emily Gupta,Home Office,USA,New York,P1006,Printer,2,4606.15
560,ORD1828,26-05-2024,29-05-2024,First Class,CUST1639,John Taylor,Home Office,UK,New York,P1008,SSD,8,4485.09
561,ORD2174,13-11-2024,16-11-2024,First Class,CUST1460,Anjali Gupta,Consumer,USA,Pune,P1008,SSD,5,172.74
562,ORD2264,11-05-2025,15-05-2025,First Class,CUST1378,Emily Smith,Home Office,USA,Bangalore,P1008,SSD,5,1018.79
563,ORD1171,05-07-2024,13-07-2024,Same Day,CUST1796,Priya Patel,Home Office,Germany,Mumbai,P1002,Keyboard,6,2017.91
564,ORD2466,24-05-2025,31-05-2025,Same Day,CUST2527,John Wilson,Corporate,UK,New York,P1006,Printer,8,4377.79
565,ORD1179,09-08-2023,17-08-2023,Same Day,CUST2182,Michael Sharma,Home Office,Canada,Delhi,P1007,Router,10,3009.78
566,ORD1294,01-08-2023,06-08-2023,First Class,CUST1270,Olivia Miller,Corporate,India,Mumbai,P1008,SSD,7,3212.09
567,ORD1559,29-02-2024,03-03-2024,Second Class,CUST1816,Michael Sharma,Corporate,Germany,Berlin,P1008,SSD,1,4122.86
568,ORD1618,04-05-2025,14-05-2025,Same Day,CUST3290,Anjali Gupta,Consumer,India,Mumbai,P1005,Headphones,3,1350.25
569,ORD2311,04-05-2025,12-05-2025,First Class,CUST2708,Michael Gupta,Home Office,USA,Mumbai,P1002,Keyboard,2,3835.36
570,ORD2009,10-03-2023,20-03-2023,Same Day,CUST3316,Robert Wilson,Home Office,Canada,Pune,P1006,Printer,6,2587
571,ORD2178,18-01-2023,23-01-2023,Standard Class,CUST1598,Emily Gupta,Home Office,USA,London,P1003,Mouse,3,311.8
572,ORD1739,05-03-2024,11-03-2024,First Class,CUST2194,,Home Office,USA,Delhi,P1001,Laptop,2,3013.87
573,ORD1342,10-07-2024,16-07-2024,First Class,CUST2111,Sneha Patel,Consumer,Germany,London,P1006,Printer,3,113.84
574,ORD2061,16-10-2023,22-10-2023,Same Day,CUST2393,Olivia Brown,Consumer,USA,Delhi,P1008,SSD,9,1144.51
575,ORD1385,25-03-2025,03-04-2025,Same Day,CUST2886,Olivia Johnson,Consumer,USA,Mumbai,P1002,Keyboard,8,1773.64
576,ORD2415,07-01-2024,10-01-2024,First Class,CUST1705,Anjali Wilson,Consumer,India,Bangalore,P1008,SSD,3,4291.24
577,ORD1291,05-12-2024,09-12-2024,Second Class,CUST1859,Michael Johnson,Corporate,India,Pune,P1005,Headphones,1,3884.73
578,ORD1883,13-02-2023,17-02-2023,Standard Class,CUST3103,Rahul Smith,Corporate,India,New York,P1002,Keyboard,1,377.92
579,ORD2367,11-01-2023,13-01-2023,Second Class,CUST3406,Olivia Davis,Consumer,UK,Mumbai,P1002,Keyboard,2,770.51
580,ORD1568,16-08-2024,22-08-2024,Second Class,CUST3050,Chris Miller,Consumer,Germany,Pune,P1006,Printer,2,4106.95
581,ORD1028,25-06-2024,29-06-2024,First Class,CUST1703,,Consumer,India,Bangalore,P1004,Monitor,9,4263.92
582,ORD1972,11-01-2024,21-01-2024,Same Day,CUST1439,Michael Patel,Corporate,Canada,Bangalore,P1003,Mouse,9,1176.39
583,ORD1231,18-02-2025,24-02-2025,Same Day,CUST1451,Amit Brown,Corporate,UK,New York,P1002,Keyboard,9,3624.58
584,ORD1168,02-12-2023,10-12-2023,Same Day,CUST2161,Priya Miller,Home Office,UK,Berlin,P1002,Keyboard,4,2791.88
585,ORD1595,25-05-2025,01-06-2025,Standard Class,CUST2948,Sneha Patel,Consumer,India,Berlin,P1004,Monitor,2,2012.03
586,ORD2070,05-11-2024,07-11-2024,Second Class,CUST2617,Robert Miller,Consumer,USA,Pune,P1002,Keyboard,6,4877.28
587,ORD1693,25-07-2023,04-08-2023,Standard Class,CUST1953,Daniel Sharma,Home Office,Canada,New York,P1007,Router,10,2988.57
588,ORD2318,14-02-2024,20-02-2024,Same Day,CUST2984,Amit Wilson,Consumer,Canada,Pune,P1008,SSD,2,1290.91
589,ORD2018,25-08-2023,28-08-2023,Standard Class,CUST1216,Daniel Johnson,Corporate,India,Delhi,P1001,Laptop,7,3042.69
590,ORD1669,06-06-2023,11-06-2023,Standard Class,CUST3129,Chris Gupta,Corporate,USA,New York,P1002,Keyboard,8,2476.74
591,ORD1535,09-07-2024,15-07-2024,Standard Class,CUST2762,Olivia Johnson,Corporate,Canada,London,P1001,Laptop,7,2240.65
592,ORD1073,03-02-2023,06-02-2023,Second Class,CUST3013,Robert Brown,Corporate,Canada,Berlin,P1005,Headphones,2,2865.83
593,ORD2004,31-12-2099,15-11-2024,Same Day,CUST3302,Daniel Brown,Home Office,India,Toronto,P1008,SSD,5,2498.72
594,ORD1773,23-09-2024,29-09-2024,First Class,CUST1251,John Miller,Consumer,USA,London,P1005,Headphones,6,4057.29
595,ORD2195,28-01-2023,03-02-2023,Standard Class,CUST2753,Emily Patel,Corporate,UK,Mumbai,P1007,Router,4,1275.69
596,ORD2327,16-11-2023,26-11-2023,Standard Class,CUST2248,Jane Patel,Consumer,India,London,P1002,Keyboard,1,2331.5
597,ORD1865,04-08-2024,13-08-2024,First Class,CUST1083,Anjali Gupta,Home Office,India,London,P1007,Router,7,2873.25
598,ORD1660,09-08-2024,11-08-2024,Standard Class,CUST1843,Emily Gupta,Home Office,UK,Delhi,P1008,SSD,10,1532.63
599,ORD1892,26-07-2023,03-08-2023,Second Class,CUST2177,David Smith,Corporate,UnknownCountry,Toronto,P1002,Keyboard,4,3141.63
600,ORD1188,04-01-2025,14-01-2025,First Class,CUST2119,Jane Miller,Home Office,Canada,Toronto,P1002,Keyboard,4,-100
601,ORD1157,29-10-2024,03-11-2024,Invalid Mode,CUST3211,Emily Davis,Corporate,Canada,New York,P1005,Headphones,10,2601.08
602,ORD2375,20-02-2025,01-03-2025,Standard Class,CUST3114,Daniel Brown,Home Office,Canada,Bangalore,P1003,Mouse,8,1376.28
603,ORD2306,29-06-2024,09-07-2024,Standard Class,CUST3139,Sarah Patel,Corporate,USA,Bangalore,P1007,Router,3,3744.85
604,ORD1614,14-05-2025,21-05-2025,First Class,CUST1263,Sneha Davis,Corporate,UK,New York,P1007,Router,3,1319.41
605,ORD2231,30-08-2023,06-09-2023,Standard Class,CUST1614,Sarah Smith,Consumer,UK,Berlin,P1004,Monitor,8,2821.13
606,ORD1893,08-03-2024,09-03-2024,Second Class,CUST2117,Michael Smith,Corporate,UK,Delhi,P1004,Monitor,1,4820.75
607,ORD1995,12-03-2025,13-03-2025,Standard Class,CUST2285,Rahul Wilson,Consumer,Canada,London,P1001,Laptop,2,2014.63
608,ORD2483,12-05-2025,15-05-2025,Standard Class,CUST3338,Anjali Taylor,Consumer,Germany,New York,P1004,Monitor,8,4428.6
609,ORD1487,06-09-2024,08-09-2024,First Class,CUST3393,Anjali Sharma,Home Office,USA,Toronto,P1006,Printer,4,764.18
610,ORD1358,08-08-2023,13-08-2023,Same Day,CUST2041,Daniel Miller,Consumer,Canada,London,P1008,SSD,2,1616.63
611,ORD1867,01-05-2024,05-05-2024,Second Class,CUST2486,Priya Patel,Corporate,India,Mumbai,P1005,Headphones,1,3468.88
612,ORD2375,03-09-2023,08-09-2023,First Class,CUST2486,Olivia Johnson,Home Office,USA,Berlin,P1007,Router,7,88.94
613,ORD1804,19-09-2023,24-09-2023,Second Class,CUST2218,Sarah Brown,Corporate,UK,Toronto,P1002,Keyboard,1,1406.48
614,ORD1164,22-04-2025,30-04-2025,Same Day,CUST2362,Anjali Sharma,Consumer,USA,New York,P1008,SSD,9,378.52
615,ORD1861,08-09-2024,17-09-2024,Same Day,CUST1112,Chris Smith,Home Office,USA,Berlin,P1006,Printer,3,65.23
616,ORD1409,05-10-2024,10-10-2024,Standard Class,CUST1453,Michael Davis,Home Office,USA,Toronto,P1006,Printer,6,2284.88
617,ORD1273,24-09-2023,27-09-2023,First Class,CUST1813,Jane Sharma,Corporate,USA,Toronto,P1006,Printer,7,4726.55
618,ORD2168,18-08-2023,19-08-2023,Second Class,CUST1364,Priya Davis,Corporate,USA,Mumbai,P1001,Laptop,7,3109.12
619,ORD2229,24-09-2023,27-09-2023,First Class,CUST1696,Rahul Johnson,Consumer,Germany,Toronto,P1002,Keyboard,8,4144.92
620,ORD2012,02-05-2023,06-05-2023,Second Class,CUST2090,David Gupta,Corporate,USA,Toronto,P1004,Monitor,4,3020.41
621,ORD1579,14-01-2025,18-01-2025,Second Class,CUST2673,Chris Brown,Consumer,UK,New York,P1007,Router,4,3107.52
622,ORD1508,14-01-2024,24-01-2024,Standard Class,CUST1042,Priya Brown,Corporate,Canada,Bangalore,P1008,SSD,7,3556.84
623,ORD2223,20-09-2023,22-09-2023,Standard Class,CUST1213,Emily Davis,Corporate,UK,Mumbai,P1002,Keyboard,1,1305.6
624,ORD2269,26-01-2024,31-01-2024,First Class,CUST1541,Olivia Taylor,Consumer,Germany,Delhi,P1007,Router,5,890.84
625,ORD2009,14-12-2023,22-12-2023,Standard Class,CUST2299,Anjali Taylor,Corporate,USA,New York,P1003,Mouse,2,1600.68
626,ORD1261,26-05-2024,31-05-2024,Same Day,CUST2158,Olivia Wilson,Home Office,UK,London,P1006,Printer,7,4468.73
627,ORD1646,24-01-2025,01-02-2025,Same Day,CUST1217,Sarah Brown,Consumer,USA,Delhi,P1003,Mouse,1,2377.73
628,ORD1334,23-12-2024,31-12-2024,Standard Class,CUST3027,John Gupta,Corporate,Germany,Berlin,P1007,Router,8,2490.29
629,,06-06-2025,09-06-2025,First Class,CUST1383,Sarah Wilson,Consumer,USA,New York,P1002,Keyboard,10,4459.93
630,ORD2199,06-08-2023,16-08-2023,Second Class,CUST2705,Olivia Johnson,Consumer,Canada,Pune,P1001,Laptop,6,178.51
631,ORD2395,27-11-2024,29-11-2024,First Class,CUST3418,Olivia Johnson,Corporate,USA,Mumbai,P1007,Router,2,2328.15
632,ORD2449,06-11-2024,14-11-2024,First Class,CUST3433,Sneha Smith,Corporate,India,Berlin,P1008,SSD,6,4739.72
633,ORD2165,13-05-2023,17-05-2023,First Class,CUST2323,Chris Smith,Home Office,India,Toronto,P1001,Laptop,2,2024.35
634,ORD1364,03-09-2023,10-09-2023,Standard Class,CUST1852,Michael Sharma,Corporate,UK,Delhi,P1002,Keyboard,2,1527.81
635,ORD1885,23-01-2025,28-01-2025,First Class,CUST1393,Daniel Patel,Home Office,USA,Berlin,P1003,Mouse,8,4432.79
636,ORD1975,02-10-2023,12-10-2023,Standard Class,CUST2730,Chris Patel,Home Office,USA,Toronto,P1007,Router,7,510.09
637,ORD2051,16-12-2023,24-12-2023,Second Class,CUST3028,Amit Taylor,Consumer,UK,Berlin,P1004,Monitor,7,441.96
638,ORD1978,31-12-2099,07-11-2023,First Class,CUST2018,Amit Sharma,Corporate,Germany,Mumbai,P1003,Mouse,9,428.84
639,ORD1092,09-06-2024,11-06-2024,Same Day,CUST1387,Priya Miller,Corporate,UK,New York,P1007,Router,10,454.76
640,ORD2031,17-01-2023,19-01-2023,Second Class,CUST1746,Daniel Sharma,Consumer,India,Toronto,P1008,SSD,5,1604.03
641,ORD2482,10-04-2024,18-04-2024,First Class,CUST1766,Sarah Brown,Consumer,Germany,New York,P1005,Headphones,2,2197.3
642,ORD1036,06-01-2023,13-01-2023,Standard Class,CUST1703,Sneha Gupta,Corporate,Canada,Berlin,P1002,Keyboard,5,3111.57
643,ORD2263,05-01-2024,12-01-2024,Standard Class,CUST1512,Michael Smith,Consumer,India,Mumbai,P1005,Headphones,4,4302.11
644,ORD1428,07-05-2024,10-05-2024,Same Day,CUST3206,Sarah Johnson,Corporate,Canada,Delhi,P1004,Monitor,8,2138.3
645,ORD1238,20-06-2023,23-06-2023,Same Day,CUST2931,John Gupta,Home Office,USA,Bangalore,P1008,SSD,5,2868.68
646,ORD1802,22-02-2023,28-02-2023,Standard Class,CUST2768,Robert Gupta,Home Office,Germany,New York,P1001,Laptop,1,2463.11
647,ORD1995,09-06-2024,19-06-2024,Second Class,CUST1248,Amit Smith,Corporate,Germany,London,P1008,SSD,9,364.38
648,ORD2327,03-03-2024,11-03-2024,Same Day,CUST2420,Priya Sharma,Consumer,USA,New York,P1002,Keyboard,4,2372.74
649,ORD1897,26-08-2023,04-09-2023,First Class,CUST3466,Daniel Gupta,Consumer,UK,Toronto,P1004,Monitor,7,4173.75
650,ORD2378,30-10-2024,05-11-2024,Second Class,CUST1848,David Johnson,Home Office,Canada,Delhi,P1008,SSD,3,1037.45
651,ORD2240,18-05-2024,20-05-2024,Same Day,CUST2243,Sarah Davis,Home Office,India,Mumbai,P1007,Router,6,4410.49
652,ORD1731,24-11-2024,01-01-2022,Standard Class,CUST1260,Emily Sharma,Consumer,Germany,Bangalore,P1003,Mouse,2,2831.81
653,ORD1996,22-09-2023,28-09-2023,Standard Class,CUST3281,David Brown,Home Office,Germany,Pune,P1006,Printer,1,4636.83
654,ORD1896,29-03-2025,06-04-2025,Standard Class,CUST3500,Rahul Johnson,Home Office,India,Pune,P1002,Keyboard,3,3168.13
655,ORD1420,06-01-2024,09-01-2024,Same Day,CUST3072,Priya Johnson,Consumer,UK,London,P1005,Headphones,3,658.77
656,ORD1413,25-03-2024,01-04-2024,Second Class,CUST2940,Emily Wilson,Home Office,USA,Pune,P1001,Laptop,5,1893.56
657,ORD1849,05-01-2024,09-01-2024,Same Day,CUST1934,Michael Sharma,Corporate,Canada,Berlin,P1003,Mouse,9,3983.31
658,ORD1740,31-01-2023,08-02-2023,Standard Class,CUST3119,Jane Johnson,Corporate,UK,Toronto,P1003,Mouse,3,2198.66
659,ORD1805,16-02-2025,17-02-2025,Standard Class,CUST3129,David Sharma,Corporate,Germany,New York,P1003,Mouse,6,4550.69
660,ORD1016,26-04-2025,01-05-2025,Same Day,CUST2827,Sneha Davis,Home Office,Germany,Berlin,P1003,Mouse,6,4443.99
661,,19-02-2024,23-02-2024,Standard Class,CUST1151,Amit Patel,Corporate,USA,New York,P1005,Headphones,4,509.46
662,ORD2130,16-11-2023,25-11-2023,Second Class,CUST1095,John Taylor,Home Office,UK,Bangalore,P1006,Printer,5,3646.22
663,ORD2034,24-04-2023,25-04-2023,First Class,CUST3078,Emily Johnson,Consumer,India,Berlin,P1006,Printer,5,2883.55
664,ORD1010,09-04-2024,15-04-2024,Second Class,CUST2434,David Wilson,Home Office,Germany,Delhi,P1004,Monitor,7,2622.35
665,ORD1507,18-04-2023,24-04-2023,First Class,CUST2860,Jane Brown,Home Office,Canada,Toronto,P1004,Monitor,2,506.63
666,ORD1870,14-05-2023,22-05-2023,Same Day,CUST1319,Emily Taylor,Corporate,Germany,Toronto,P1004,Monitor,5,2942.3
667,ORD2303,31-12-2099,17-03-2024,Same Day,CUST1667,Michael Taylor,Consumer,Canada,Berlin,P1008,SSD,3,4841.76
668,ORD2051,02-06-2025,11-06-2025,Second Class,CUST2865,Priya Smith,Home Office,USA,London,P1002,Keyboard,2,3027.92
669,ORD1836,23-04-2023,25-04-2023,First Class,CUST1164,Amit Brown,Consumer,UK,New York,P1006,Printer,6,1551.14
670,ORD1995,29-01-2023,01-02-2023,Same Day,CUST1199,Olivia Wilson,Corporate,USA,Delhi,P1003,Mouse,8,60.32
671,ORD2121,24-12-2023,26-12-2023,Same Day,CUST2970,Rahul Wilson,Home Office,Canada,London,P1001,Laptop,7,2402.38
672,ORD2474,03-05-2025,13-05-2025,Second Class,CUST3067,Sneha Gupta,Corporate,Canada,Delhi,P1003,Mouse,6,492.11
673,ORD2279,11-11-2024,01-01-2022,Same Day,CUST1953,Olivia Sharma,Corporate,Germany,Mumbai,P1007,Router,8,3692.77
674,ORD2322,01-04-2023,04-04-2023,First Class,CUST3298,Sneha Johnson,Home Office,Germany,Pune,P1001,Laptop,4,4778.08
675,ORD2109,13-08-2024,14-08-2024,Same Day,CUST3058,Olivia Smith,Consumer,Germany,Delhi,P1004,Monitor,1,1411.06
676,ORD1421,09-09-2023,19-09-2023,Standard Class,CUST3185,Rahul Patel,Corporate,Germany,Mumbai,P1008,SSD,8,4316.77
677,ORD1047,15-12-2023,22-12-2023,Same Day,CUST1098,Daniel Taylor,Corporate,Canada,New York,P1003,Mouse,2,617.49
678,ORD1203,08-07-2024,11-07-2024,Second Class,CUST1748,David Johnson,Consumer,UK,Toronto,P1005,Headphones,3,341.62
679,ORD1666,05-07-2023,01-01-2022,First Class,CUST2597,Jane Patel,Consumer,Canada,London,P1001,Laptop,5,1908.79
680,ORD1247,23-02-2023,27-02-2023,Second Class,CUST3019,Amit Taylor,Corporate,India,New York,P1004,Monitor,1,1625.77
681,ORD2132,21-02-2024,23-02-2024,Standard Class,CUST2669,Sneha Davis,Consumer,UK,Pune,P1008,SSD,4,3826.74
682,ORD2334,15-03-2025,18-03-2025,Same Day,CUST2826,Jane Taylor,Consumer,USA,London,P1005,Headphones,9,4927.28
683,ORD1502,04-07-2024,11-07-2024,Standard Class,CUST1004,,Home Office,UK,Delhi,P1008,SSD,1,347.87
684,ORD1987,07-10-2023,17-10-2023,Same Day,CUST2439,Daniel Davis,Home Office,Germany,New York,P1005,Headphones,1,849.01
685,ORD2093,30-07-2024,01-08-2024,Standard Class,CUST2619,Anjali Johnson,Consumer,Germany,New York,P1005,Headphones,7,1093.71
686,ORD2033,01-04-2025,07-04-2025,First Class,CUST2854,David Davis,Home Office,UK,London,P1006,Printer,4,2326.01
687,ORD2227,03-12-2023,04-12-2023,Standard Class,CUST3493,Priya Smith,Consumer,USA,Toronto,P1003,Mouse,9,4481.58
688,ORD2440,15-05-2024,22-05-2024,Standard Class,CUST3206,John Gupta,Home Office,India,London,P1002,Keyboard,7,4145.96
689,ORD1733,01-02-2024,04-02-2024,Standard Class,CUST2895,Emily Davis,Corporate,India,Bangalore,P1001,Laptop,1,3804.18
690,ORD2393,27-12-2024,02-01-2025,Standard Class,CUST2241,Chris Davis,Consumer,Canada,London,P1004,Monitor,1,1439.74
691,ORD2441,24-12-2024,03-01-2025,Standard Class,CUST1803,Daniel Sharma,Consumer,UK,Berlin,P1004,Monitor,3,2781.34
692,ORD2351,26-01-2025,05-02-2025,Standard Class,CUST3409,Michael Johnson,Consumer,UK,Bangalore,P1003,Mouse,9,3658.05
693,ORD1561,16-07-2023,17-07-2023,Same Day,CUST1008,Robert Smith,Corporate,Canada,Toronto,P1005,Headphones,5,652.5
694,ORD2061,22-04-2024,30-04-2024,Standard Class,CUST1919,John Wilson,Corporate,Germany,Berlin,P1006,Printer,6,75.54
695,ORD1398,09-12-2023,11-12-2023,Second Class,CUST2735,Jane Davis,Consumer,USA,London,P1001,Laptop,5,361.08
696,ORD2280,10-04-2023,11-04-2023,Same Day,CUST1098,Rahul Patel,Corporate,USA,Pune,P1008,SSD,8,1229.88
697,ORD1697,02-05-2025,03-05-2025,Second Class,CUST1298,Chris Miller,Home Office,Canada,Pune,P1006,Printer,8,2915.73
698,ORD1175,04-03-2023,05-03-2023,First Class,CUST1266,Chris Brown,Consumer,Canada,Mumbai,P1007,Router,5,-100
699,ORD1884,09-03-2023,11-03-2023,Standard Class,CUST2207,Daniel Sharma,Corporate,India,Toronto,P1001,Laptop,4,4329.68
700,ORD2351,30-09-2024,01-10-2024,Invalid Mode,CUST2901,Chris Sharma,Home Office,Germany,Pune,P1008,SSD,6,3272.06
701,ORD2383,12-03-2025,13-03-2025,First Class,CUST3407,,Consumer,India,Pune,P1008,SSD,10,3957.61
702,ORD1396,09-08-2024,12-08-2024,First Class,CUST2724,Priya Miller,Corporate,USA,Bangalore,P1005,Headphones,3,3995.28
703,ORD1123,11-05-2023,16-05-2023,First Class,CUST2274,Rahul Taylor,Consumer,USA,Berlin,P1007,Router,5,3036.48
704,ORD1596,13-01-2024,14-01-2024,Standard Class,CUST1972,Amit Taylor,Consumer,Canada,London,P1003,Mouse,4,4883.73
705,ORD2311,26-07-2023,28-07-2023,Second Class,CUST2948,Anjali Gupta,Home Office,UK,London,P1006,Printer,10,1533.18
706,ORD1673,16-06-2023,18-06-2023,Standard Class,CUST3031,Sarah Smith,Home Office,USA,Bangalore,P1008,SSD,8,3138.4
707,ORD1489,07-05-2024,13-05-2024,Second Class,CUST2639,Michael Smith,Corporate,India,Pune,P1007,Router,6,198.59
708,ORD1235,26-05-2023,31-05-2023,Second Class,CUST3398,Olivia Patel,Consumer,India,Bangalore,P1008,SSD,4,1456.3
709,ORD1448,26-09-2023,29-09-2023,Second Class,CUST1731,Sarah Smith,Consumer,UK,Pune,P1006,Printer,1,4165.66
710,ORD1281,24-01-2024,26-01-2024,Second Class,CUST2249,Priya Davis,Corporate,UK,Delhi,P1006,Printer,9,4886.65
711,ORD2276,20-03-2024,22-03-2024,Second Class,CUST1535,Chris Davis,Consumer,Germany,Toronto,P1002,Keyboard,6,1623.86
712,ORD1879,13-10-2024,17-10-2024,Second Class,CUST3193,David Brown,Corporate,USA,Mumbai,P1001,Laptop,5,4370.61
713,ORD2040,21-08-2024,29-08-2024,Standard Class,CUST2927,Chris Miller,Consumer,USA,Toronto,P1004,Monitor,9,1902.62
714,ORD2062,20-04-2024,23-04-2024,First Class,CUST3152,Anjali Gupta,Home Office,Canada,Berlin,P1006,Printer,5,2926.87
715,ORD2306,20-03-2025,30-03-2025,Second Class,CUST1899,Olivia Davis,Corporate,USA,Toronto,P1001,Laptop,4,1564.7
716,ORD1772,08-08-2024,11-08-2024,Invalid Mode,CUST3255,Jane Brown,Consumer,UK,Berlin,P1006,Printer,9,1790.3
717,ORD2195,12-02-2023,20-02-2023,Same Day,CUST2847,Priya Sharma,Corporate,UK,Berlin,P1006,Printer,6,1401.45
718,ORD1050,03-07-2023,11-07-2023,First Class,CUST1310,Emily Johnson,Corporate,Germany,Pune,P1004,Monitor,5,4636.7
719,ORD1201,02-05-2023,04-05-2023,Standard Class,CUST3236,Sarah Patel,Consumer,UK,New York,P1006,Printer,5,3738.8
720,ORD2399,15-05-2025,20-05-2025,Second Class,CUST3224,Olivia Wilson,Consumer,UK,New York,P1004,Monitor,6,3926.48
721,ORD1827,20-02-2024,01-03-2024,Same Day,CUST3099,Chris Brown,Corporate,USA,Bangalore,P1001,Laptop,4,2398.47
722,ORD2056,24-08-2024,02-09-2024,Same Day,CUST2395,Chris Johnson,Corporate,USA,Toronto,P1008,SSD,7,1087.44
723,ORD1921,23-05-2025,01-06-2025,First Class,CUST1569,Rahul Brown,Corporate,India,Berlin,P1001,Laptop,6,1732.12
724,ORD1858,11-03-2024,18-03-2024,First Class,CUST3404,John Miller,Consumer,USA,Delhi,P1005,Headphones,6,2862.54
725,ORD2234,14-09-2024,24-09-2024,Same Day,CUST1836,Robert Johnson,Home Office,Canada,Bangalore,P1007,Router,8,587.76
726,ORD2166,07-04-2024,12-04-2024,Second Class,CUST1427,Sneha Taylor,Consumer,India,Berlin,P1002,Keyboard,1,974.13
727,ORD1142,31-01-2024,05-02-2024,Second Class,CUST2192,Sneha Taylor,Consumer,Canada,Mumbai,P1004,Monitor,6,2616.73
728,ORD1351,01-12-2023,08-12-2023,Second Class,CUST1453,Michael Taylor,Corporate,Canada,Pune,P1007,Router,7,4777.73
729,ORD1422,14-05-2023,18-05-2023,Same Day,CUST2944,Michael Miller,Home Office,UK,Bangalore,P1005,Headphones,9,3598.02
730,ORD1939,10-10-2023,14-10-2023,Second Class,CUST2825,Jane Sharma,Home Office,USA,London,P1001,Laptop,10,4402.23
731,ORD1942,18-04-2024,28-04-2024,Standard Class,CUST2179,Sneha Gupta,Corporate,UK,Toronto,P1001,Laptop,10,4125.98
732,ORD1358,01-03-2024,05-03-2024,Same Day,CUST2875,Robert Brown,Home Office,Germany,Pune,P1003,Mouse,7,3508.29
733,ORD1089,03-09-2023,06-09-2023,First Class,CUST1273,Anjali Davis,Corporate,Canada,Pune,P1005,Headphones,6,428.84
734,ORD1215,31-05-2024,06-06-2024,Same Day,CUST1675,David Davis,Home Office,India,Berlin,P1007,Router,1,412.32
735,ORD2422,22-11-2024,30-11-2024,First Class,CUST2635,Daniel Davis,Corporate,India,Mumbai,P1007,Router,5,617.68
736,ORD1279,01-12-2023,09-12-2023,Same Day,CUST1279,Jane Taylor,Home Office,USA,Berlin,P1008,SSD,3,2380.4
737,ORD1571,11-05-2025,14-05-2025,Standard Class,CUST3486,Jane Brown,Corporate,India,Toronto,P1003,Mouse,3,434.05
738,ORD1022,24-11-2024,01-01-2022,Same Day,CUST2466,Michael Davis,Home Office,India,Bangalore,P1003,Mouse,8,3498.87
739,ORD2300,10-04-2025,19-04-2025,Same Day,CUST2262,Priya Smith,Home Office,India,Mumbai,P1002,Keyboard,7,3847.22
740,ORD1511,19-01-2024,23-01-2024,Standard Class,CUST1065,Robert Smith,Consumer,UK,Bangalore,P1004,Monitor,2,1141.81
741,ORD1197,27-03-2025,30-03-2025,Standard Class,CUST2702,Amit Johnson,Corporate,UK,Bangalore,P1003,Mouse,10,1075.24
742,ORD2109,09-02-2024,16-02-2024,Second Class,CUST1875,Jane Patel,Corporate,USA,Mumbai,P1002,Keyboard,7,3287.26
743,ORD1024,03-02-2024,07-02-2024,Second Class,CUST1270,Sneha Wilson,Home Office,Germany,London,P1008,SSD,1,383.29
744,ORD1447,25-02-2024,01-03-2024,Standard Class,CUST3196,Chris Miller,Consumer,UK,Pune,P1008,SSD,10,1655.55
745,ORD2292,14-12-2024,21-12-2024,First Class,CUST1718,Sneha Patel,Home Office,Canada,Pune,P1003,Mouse,6,137.36
746,ORD2198,04-04-2024,11-04-2024,Standard Class,CUST1952,John Miller,Consumer,UK,Bangalore,P1004,Monitor,7,3798.37
747,ORD2269,23-03-2023,24-03-2023,First Class,CUST3042,David Davis,Consumer,Canada,Bangalore,P1003,Mouse,1,1228.42
748,ORD2485,04-09-2024,12-09-2024,Second Class,CUST2139,Emily Smith,Home Office,Canada,New York,P1006,Printer,1,1183.6
749,ORD2500,06-12-2023,12-12-2023,Second Class,CUST3209,John Davis,Home Office,USA,Toronto,P1004,Monitor,9,1642.1
750,ORD1905,06-10-2024,07-10-2024,Same Day,CUST1286,Sarah Smith,Home Office,USA,Bangalore,P1002,Keyboard,3,504.21
751,ORD2213,16-07-2024,20-07-2024,Standard Class,CUST2745,Anjali Gupta,Corporate,USA,Bangalore,P1004,Monitor,4,2148.88
752,ORD2240,12-09-2023,17-09-2023,Same Day,CUST1824,David Gupta,Consumer,UK,Toronto,P1005,Headphones,7,880.44
753,ORD1903,08-03-2024,17-03-2024,Second Class,CUST2974,John Sharma,Corporate,India,New York,P1007,Router,10,2709.13
754,ORD2132,14-01-2025,17-01-2025,Same Day,CUST2899,David Gupta,Corporate,Canada,Berlin,P1005,Headphones,2,1699.51
755,ORD2464,25-04-2024,29-04-2024,Second Class,CUST1017,John Taylor,Home Office,UK,Berlin,P1003,Mouse,7,4632.17
756,ORD1808,30-01-2025,05-02-2025,Same Day,CUST2260,,Consumer,Canada,Mumbai,P1007,Router,2,-100
757,ORD2158,16-06-2023,20-06-2023,First Class,CUST2427,Amit Gupta,Home Office,UK,Mumbai,P1007,Router,7,4636.27
758,ORD1505,06-09-2023,14-09-2023,First Class,CUST1115,Anjali Brown,Corporate,Germany,Berlin,P1001,Laptop,3,1308.73
759,ORD2233,15-08-2024,18-08-2024,Standard Class,CUST1378,Sneha Sharma,Corporate,Germany,Pune,P1001,Laptop,9,4554.25
760,ORD1866,19-06-2023,26-06-2023,First Class,CUST3050,Amit Sharma,Home Office,UK,Toronto,P1005,Headphones,2,590.91
761,ORD2172,06-03-2025,12-03-2025,First Class,CUST1858,Olivia Sharma,Home Office,UK,Mumbai,P1003,Mouse,3,4091.13
762,ORD1003,10-04-2023,12-04-2023,Same Day,CUST2181,Anjali Sharma,Consumer,USA,London,P1007,Router,3,3535.03
763,ORD1405,13-05-2024,16-05-2024,Same Day,CUST3322,Daniel Davis,Consumer,USA,Mumbai,P1002,Keyboard,3,4055.43
764,ORD1392,23-09-2023,30-09-2023,Standard Class,CUST1680,Jane Wilson,Consumer,Canada,Pune,P1008,SSD,5,368.1
765,ORD1060,22-08-2024,26-08-2024,Same Day,CUST1412,John Smith,Corporate,India,Mumbai,P1008,SSD,2,1094.79
766,ORD1014,20-01-2024,30-01-2024,Same Day,CUST2938,Chris Patel,Home Office,Canada,London,P1005,Headphones,6,3425.21
767,ORD1702,19-11-2023,23-11-2023,Same Day,CUST2550,Rahul Smith,Corporate,UK,Pune,P1006,Printer,1,2311.75
768,ORD2430,16-02-2024,19-02-2024,Standard Class,CUST3173,David Davis,Corporate,Canada,Berlin,P1001,Laptop,9,2094.98
769,ORD1384,04-01-2023,10-01-2023,First Class,CUST1187,Chris Patel,Home Office,Canada,Bangalore,P1001,Laptop,10,2448.45
770,ORD2254,24-03-2025,26-03-2025,Same Day,CUST2950,,Home Office,Canada,New York,P1006,Printer,10,1015.63
771,ORD1293,09-06-2025,18-06-2025,Second Class,CUST3039,Chris Johnson,Corporate,Germany,Berlin,P1001,Laptop,3,4487.22
772,ORD1236,08-05-2024,17-05-2024,Second Class,CUST1866,Michael Johnson,Consumer,Canada,Mumbai,P1004,Monitor,3,4648.57
773,ORD1668,28-01-2024,02-02-2024,First Class,CUST2950,Olivia Johnson,Home Office,USA,Berlin,P1004,Monitor,2,3987.93
774,ORD1681,11-06-2025,15-06-2025,First Class,CUST2544,Olivia Sharma,Home Office,Germany,Toronto,P1002,Keyboard,4,1156.58
775,ORD1236,25-10-2023,01-01-2022,Standard Class,CUST2393,Anjali Miller,Consumer,India,London,P1002,Keyboard,3,4273.99
776,ORD1778,13-08-2024,14-08-2024,Standard Class,CUST3416,Amit Davis,Corporate,Canada,London,P1005,Headphones,6,3997.71
777,ORD1258,16-06-2024,26-06-2024,Standard Class,CUST2619,John Taylor,Corporate,UK,Delhi,P1004,Monitor,5,4194.22
778,ORD2023,27-11-2024,05-12-2024,First Class,CUST1597,Anjali Smith,Home Office,UK,New York,P1003,Mouse,9,4952.16
779,ORD1252,08-10-2023,18-10-2023,Second Class,CUST3027,David Sharma,Consumer,UK,Delhi,P1008,SSD,4,4247.95
780,ORD1460,18-12-2024,19-12-2024,Same Day,CUST2604,David Brown,Consumer,Germany,Toronto,P1003,Mouse,6,2141.07
781,ORD1969,23-12-2023,30-12-2023,Standard Class,CUST3162,Anjali Wilson,Corporate,USA,Toronto,P1007,Router,2,697.96
782,ORD2188,05-06-2025,06-06-2025,Same Day,CUST1670,Rahul Brown,Corporate,Canada,New York,P1005,Headphones,3,1088.34
783,ORD1400,22-01-2025,01-01-2022,Standard Class,CUST1604,Robert Sharma,Home Office,USA,Mumbai,P1006,Printer,2,1810.14
784,ORD1970,03-07-2023,04-07-2023,First Class,CUST3430,Robert Brown,Home Office,Canada,Bangalore,P1002,Keyboard,1,638.07
785,ORD1812,15-05-2024,20-05-2024,Same Day,CUST1367,Chris Gupta,Home Office,Canada,New York,P1003,Mouse,8,1868.25
786,ORD1245,30-04-2023,02-05-2023,Same Day,CUST3087,Sarah Smith,Home Office,Germany,Berlin,P1002,Keyboard,5,3483.94
787,ORD1193,24-03-2025,03-04-2025,Same Day,CUST2983,Sneha Sharma,Corporate,Germany,Delhi,P1003,Mouse,2,1659.88
788,ORD2461,01-06-2025,10-06-2025,Same Day,CUST1080,Robert Taylor,Home Office,Germany,Berlin,P1003,Mouse,2,2618.56
789,ORD2197,05-07-2024,07-07-2024,Standard Class,CUST1740,Daniel Miller,Home Office,USA,Mumbai,P1004,Monitor,9,2263.8
790,ORD1643,06-05-2023,07-05-2023,Second Class,CUST1660,Jane Taylor,Corporate,India,Pune,P1003,Mouse,2,2555.43
791,ORD1744,11-07-2024,14-07-2024,Standard Class,CUST2017,David Smith,Home Office,UK,Berlin,P1007,Router,3,2906.5
792,ORD2423,17-11-2023,26-11-2023,Second Class,CUST1405,Sneha Smith,Consumer,India,Bangalore,P1006,Printer,3,1533.56
793,ORD1440,18-05-2023,28-05-2023,First Class,CUST2136,Michael Miller,Corporate,India,New York,P1004,Monitor,5,1939.82
794,ORD1334,14-02-2024,22-02-2024,First Class,CUST2742,Anjali Brown,Home Office,UnknownCountry,Pune,P1002,Keyboard,5,4977.03
795,ORD2427,23-10-2024,27-10-2024,Second Class,CUST2719,,Corporate,Canada,Toronto,P1006,Printer,1,4821.89
796,ORD1506,21-03-2023,26-03-2023,Invalid Mode,CUST3246,Robert Johnson,Corporate,India,London,P1002,Keyboard,6,3901.45
797,ORD1299,08-06-2025,12-06-2025,Standard Class,CUST1401,Robert Davis,Corporate,India,Pune,P1005,Headphones,3,2656.05
798,ORD1627,25-08-2024,02-09-2024,First Class,CUST3343,Daniel Wilson,Home Office,UK,Pune,P1002,Keyboard,1,895.2
799,ORD1797,05-07-2023,11-07-2023,Same Day,CUST3426,Michael Wilson,Consumer,Germany,Delhi,P1007,Router,3,756.22
800,ORD2162,23-01-2025,28-01-2025,First Class,CUST2020,Sneha Miller,Corporate,UnknownCountry,Delhi,P1001,Laptop,8,4931.92
801,ORD1959,29-05-2024,03-06-2024,Same Day,CUST3132,,Corporate,India,New York,P1005,Headphones,7,3864.36
802,ORD1184,11-10-2024,13-10-2024,Second Class,CUST1383,Michael Miller,Consumer,India,New York,P1002,Keyboard,9,4651.47
803,ORD1021,10-03-2024,19-03-2024,Same Day,CUST3039,Amit Taylor,Home Office,India,Toronto,P1003,Mouse,1,3100.62
804,ORD1014,01-01-2025,08-01-2025,Second Class,CUST3163,Sneha Miller,Consumer,Germany,Berlin,,Printer,3,3388.88
805,ORD2072,19-08-2023,22-08-2023,First Class,CUST1546,Amit Patel,Consumer,Canada,Berlin,P1002,Keyboard,7,893.9
806,ORD1231,13-12-2023,17-12-2023,First Class,CUST2225,Priya Wilson,Corporate,USA,Mumbai,P1002,Keyboard,10,1998.43
807,ORD1624,20-10-2024,29-10-2024,Same Day,CUST2999,John Patel,Consumer,Germany,Berlin,P1001,Laptop,6,1526.84
808,ORD1219,06-01-2023,12-01-2023,Same Day,CUST2452,John Johnson,Corporate,Canada,Bangalore,P1003,Mouse,2,2669.03
809,ORD1314,25-02-2024,27-02-2024,Standard Class,CUST1637,Chris Wilson,Consumer,Canada,Toronto,P1008,SSD,6,1531.46
810,ORD1877,06-07-2023,15-07-2023,Standard Class,CUST2796,Sneha Gupta,Consumer,USA,London,P1005,Headphones,7,78.76
811,ORD2452,23-07-2023,25-07-2023,First Class,CUST1164,Michael Sharma,Corporate,UK,Mumbai,P1004,Monitor,3,3347.71
812,ORD1981,12-11-2024,17-11-2024,Same Day,CUST3003,Amit Gupta,Home Office,USA,London,P1002,Keyboard,7,2534.2
813,ORD1796,15-05-2023,17-05-2023,Standard Class,CUST1516,Michael Patel,Home Office,India,Bangalore,P1002,Keyboard,1,3407.64
814,ORD1700,15-03-2024,25-03-2024,Same Day,CUST2966,David Wilson,Corporate,India,Toronto,P1001,Laptop,4,3107.19
815,ORD2493,07-06-2024,10-06-2024,First Class,CUST1471,Daniel Wilson,Home Office,USA,Toronto,P1004,Monitor,4,2395.77
816,ORD1211,18-12-2024,27-12-2024,Second Class,CUST3421,Sneha Brown,Consumer,India,Delhi,P1003,Mouse,7,239.91
817,ORD1393,30-05-2023,06-06-2023,Second Class,CUST1372,Daniel Smith,Corporate,Canada,New York,P1001,Laptop,4,1147.79
818,ORD1872,05-05-2024,06-05-2024,Standard Class,CUST2246,Jane Wilson,Corporate,UK,London,P1007,Router,7,1272.49
819,ORD1097,06-07-2023,07-07-2023,Standard Class,CUST2317,Sarah Wilson,Corporate,UK,Pune,P1001,Laptop,7,964.96
820,ORD2006,08-01-2024,14-01-2024,Standard Class,CUST1396,Sneha Smith,Home Office,Germany,Delhi,P1005,Headphones,6,1834.82
821,ORD1740,30-01-2025,09-02-2025,Second Class,CUST2130,Sarah Miller,Corporate,India,Pune,P1006,Printer,3,3166.32
822,ORD2232,04-05-2023,05-05-2023,Second Class,CUST2825,Olivia Johnson,Consumer,Germany,London,P1004,Monitor,5,3640.49
823,ORD1413,30-06-2024,03-07-2024,Second Class,CUST1785,Robert Taylor,Home Office,UK,London,P1001,Laptop,6,2269.99
824,ORD2469,01-05-2023,08-05-2023,Same Day,CUST2716,Amit Taylor,Consumer,USA,New York,P1002,Keyboard,3,1483.8
825,ORD2159,04-03-2023,08-03-2023,Same Day,CUST3180,Daniel Taylor,Consumer,USA,Berlin,P1007,Router,9,1951.54
826,ORD1799,15-02-2024,25-02-2024,Second Class,CUST1753,John Brown,Home Office,USA,Mumbai,P1005,Headphones,9,2304.43
827,ORD2449,07-01-2025,16-01-2025,First Class,CUST1902,David Wilson,Home Office,India,Delhi,P1005,Headphones,4,275.78
828,ORD1487,26-10-2023,27-10-2023,First Class,CUST1544,David Smith,Home Office,USA,Bangalore,P1003,Mouse,9,625.11
829,ORD2328,22-12-2023,01-01-2024,First Class,CUST1340,Anjali Taylor,Corporate,USA,Toronto,P1006,Printer,10,1509.73
830,ORD1117,02-10-2024,03-10-2024,Second Class,CUST2145,Michael Wilson,Consumer,Germany,Pune,,Printer,7,4731
831,ORD1527,09-06-2025,19-06-2025,Same Day,CUST1903,Emily Wilson,Consumer,Germany,Toronto,P1004,Monitor,3,2257.98
832,ORD2494,13-01-2025,20-01-2025,Second Class,CUST2962,Jane Gupta,Consumer,Canada,Delhi,P1006,Printer,3,984.86
833,ORD2004,16-01-2025,19-01-2025,Standard Class,CUST2270,Michael Brown,Corporate,Germany,Bangalore,P1005,Headphones,2,760.44
834,ORD1873,09-09-2023,17-09-2023,Standard Class,CUST3157,Michael Smith,Home Office,India,Toronto,P1007,Router,7,152.54
835,ORD1027,20-02-2025,21-02-2025,Second Class,CUST1342,David Brown,Home Office,Germany,Mumbai,P1003,Mouse,1,4790.21
836,ORD1217,09-07-2024,15-07-2024,Second Class,CUST1570,Priya Miller,Corporate,USA,New York,P1002,Keyboard,6,2420.6
837,ORD1499,27-02-2023,08-03-2023,Standard Class,CUST1086,Daniel Smith,Consumer,Germany,New York,P1005,Headphones,2,2582.13
838,ORD1850,26-05-2023,27-05-2023,Standard Class,CUST1928,Robert Sharma,Consumer,UK,New York,P1004,Monitor,4,4612.37
839,ORD2401,31-12-2099,31-01-2024,Second Class,CUST1451,Sarah Johnson,Corporate,UK,Pune,P1008,SSD,10,1701.94
840,ORD1738,28-03-2023,29-03-2023,Second Class,CUST2755,Amit Patel,Home Office,USA,Toronto,P1003,Mouse,3,4470.93
841,ORD2407,05-11-2023,15-11-2023,First Class,CUST1425,David Gupta,Home Office,UK,New York,P1005,Headphones,2,3954.84
842,ORD1304,07-03-2025,10-03-2025,Second Class,CUST2599,Priya Gupta,Consumer,India,Toronto,P1006,Printer,5,766.11
843,ORD1661,11-05-2023,14-05-2023,First Class,CUST2307,Priya Sharma,Corporate,Canada,London,P1007,Router,3,4020.6
844,ORD2339,09-09-2023,16-09-2023,Same Day,CUST3206,Amit Gupta,Home Office,Germany,Bangalore,P1007,Router,7,463.91
845,ORD2464,07-03-2024,16-03-2024,Standard Class,CUST1963,Emily Smith,Consumer,India,London,P1004,Monitor,9,2395.94
846,ORD1273,23-04-2023,24-04-2023,First Class,CUST1570,David Gupta,Consumer,Germany,Toronto,P1006,Printer,4,1093.15
847,ORD1459,27-02-2023,02-03-2023,Second Class,CUST2546,Anjali Smith,Home Office,Canada,London,P1002,Keyboard,1,3521.94
848,ORD2357,18-08-2024,20-08-2024,Second Class,CUST1123,Michael Patel,Consumer,India,Bangalore,P1008,SSD,2,111.76
849,ORD1852,03-06-2023,06-06-2023,Second Class,CUST3160,Anjali Wilson,Corporate,Canada,London,P1008,SSD,8,3917.91
850,ORD2423,14-01-2023,19-01-2023,Second Class,CUST1245,Olivia Smith,Home Office,USA,Delhi,P1002,Keyboard,1,2012.13
851,ORD1867,27-11-2024,05-12-2024,First Class,CUST1931,Robert Brown,Corporate,India,Toronto,P1005,Headphones,3,3728.52
852,ORD1820,25-09-2024,26-09-2024,Same Day,CUST1752,Daniel Taylor,Home Office,India,Berlin,P1004,Monitor,8,1600.29
853,ORD2314,19-02-2024,26-02-2024,Standard Class,CUST2521,Sneha Sharma,Consumer,UK,Pune,P1003,Mouse,2,435.15
854,ORD2235,08-03-2025,14-03-2025,Second Class,CUST2155,Michael Taylor,Consumer,India,Bangalore,P1001,Laptop,10,104.34
855,ORD1633,12-07-2023,21-07-2023,Standard Class,CUST1984,David Johnson,Home Office,Germany,Mumbai,P1004,Monitor,10,4933.15
856,ORD1990,16-02-2023,01-01-2022,Standard Class,CUST2264,John Patel,Corporate,Canada,Bangalore,P1006,Printer,6,3771.62
857,ORD2486,31-12-2023,03-01-2024,First Class,CUST2668,Olivia Taylor,Consumer,Germany,Delhi,P1002,Keyboard,1,2956.52
858,ORD1782,03-05-2024,13-05-2024,First Class,CUST1660,Michael Gupta,Consumer,India,Bangalore,P1001,Laptop,4,4047.01
859,ORD2339,25-05-2023,28-05-2023,Same Day,CUST1537,Emily Wilson,Corporate,Germany,Toronto,P1006,Printer,1,4458.87
860,ORD2398,01-02-2024,05-02-2024,Standard Class,CUST1624,Rahul Gupta,Consumer,India,Delhi,P1004,Monitor,5,2758.32
861,ORD1178,25-05-2024,27-05-2024,First Class,CUST1695,Olivia Wilson,Consumer,India,New York,P1008,SSD,10,1848.47
862,ORD1182,14-03-2023,17-03-2023,First Class,CUST2938,David Gupta,Home Office,UnknownCountry,Pune,P1008,SSD,10,2466.88
863,ORD1744,29-05-2025,03-06-2025,Same Day,CUST1528,Priya Patel,Home Office,Germany,London,P1007,Router,6,463.28
864,ORD1846,02-06-2024,10-06-2024,Standard Class,CUST1233,Anjali Davis,Home Office,Germany,Mumbai,P1005,Headphones,3,4272.65
865,ORD1595,20-01-2024,23-01-2024,Standard Class,CUST1913,Robert Gupta,Home Office,India,London,P1007,Router,8,2369.02
866,ORD2095,17-04-2025,25-04-2025,Standard Class,CUST1738,Anjali Johnson,Corporate,Canada,Bangalore,P1002,Keyboard,7,1677.17
867,ORD1649,17-12-2023,27-12-2023,Second Class,CUST2950,Jane Wilson,Corporate,India,Delhi,P1008,SSD,8,770.29
868,ORD1437,24-11-2023,04-12-2023,Same Day,CUST1255,Olivia Patel,Corporate,Canada,Bangalore,,Laptop,1,1096.89
869,ORD1046,31-12-2099,22-02-2025,First Class,CUST1721,Jane Brown,Consumer,UK,Toronto,P1005,Headphones,2,1526.77
870,ORD2458,07-04-2024,14-04-2024,First Class,CUST1753,Daniel Smith,Consumer,Canada,London,P1004,Monitor,5,864.44
871,ORD1715,05-03-2024,13-03-2024,Second Class,CUST2789,Emily Miller,Corporate,India,Bangalore,P1008,SSD,2,3627.48
872,ORD2184,23-09-2024,26-09-2024,First Class,CUST1058,Michael Gupta,Consumer,Canada,London,,Printer,2,3970.48
873,ORD2380,21-02-2024,26-02-2024,Same Day,CUST1514,Sneha Gupta,Home Office,Germany,Pune,P1001,Laptop,1,1132.18
874,ORD1384,06-03-2024,15-03-2024,Same Day,CUST1885,Emily Davis,Consumer,Germany,Mumbai,P1003,Mouse,6,4078.21
875,ORD1033,06-11-2023,11-11-2023,Same Day,CUST2867,Robert Sharma,Corporate,UK,Toronto,P1002,Keyboard,9,4871.65
876,ORD1687,27-04-2023,30-04-2023,Same Day,CUST2528,Michael Taylor,Home Office,USA,Toronto,P1008,SSD,7,1460.89
877,ORD2350,06-12-2024,13-12-2024,Standard Class,CUST1358,Chris Johnson,Consumer,UnknownCountry,Toronto,P1005,Headphones,2,2507.2
878,ORD2277,11-07-2024,13-07-2024,Standard Class,CUST2187,Daniel Sharma,Consumer,USA,Berlin,P1008,SSD,9,1936.35
879,ORD1400,26-05-2025,03-06-2025,First Class,CUST2900,Robert Sharma,Consumer,UK,Bangalore,P1002,Keyboard,9,1453.84
880,ORD2348,28-09-2023,03-10-2023,Second Class,CUST1017,Olivia Sharma,Consumer,India,Mumbai,P1007,Router,3,3963.03
881,ORD2062,19-04-2025,29-04-2025,First Class,CUST1698,Rahul Sharma,Consumer,Germany,Toronto,P1006,Printer,4,3100.53
882,ORD1805,28-04-2025,29-04-2025,Second Class,CUST2599,Anjali Brown,Corporate,UK,Delhi,P1007,Router,7,1193.3
883,ORD2454,31-03-2025,03-04-2025,Same Day,CUST2065,Daniel Taylor,Consumer,UK,Bangalore,P1002,Keyboard,2,511.66
884,ORD1895,12-01-2023,22-01-2023,Standard Class,CUST3226,Olivia Johnson,Home Office,Canada,Mumbai,P1003,Mouse,3,4917.9
885,ORD2299,08-10-2024,14-10-2024,Second Class,CUST1908,David Davis,Home Office,USA,Toronto,P1003,Mouse,5,3313.33
886,ORD1563,26-03-2023,29-03-2023,Standard Class,CUST1454,Priya Miller,Consumer,India,Delhi,P1001,Laptop,5,1346.87
887,ORD1369,06-04-2023,08-04-2023,First Class,CUST1851,Robert Johnson,Corporate,India,Toronto,P1008,SSD,2,2458.26
888,ORD2281,20-03-2023,24-03-2023,Same Day,CUST2284,Sneha Gupta,Consumer,USA,New York,P1007,Router,1,4523.01
889,ORD2350,03-08-2024,13-08-2024,Standard Class,CUST2404,Emily Gupta,Home Office,Germany,Mumbai,P1001,Laptop,3,2632.66
890,ORD1521,05-05-2023,09-05-2023,Standard Class,CUST3121,Amit Brown,Consumer,UK,Pune,P1001,Laptop,4,196.01
891,ORD1283,31-12-2099,16-08-2023,First Class,CUST2120,Priya Davis,Consumer,UK,New York,P1003,Mouse,8,3738.71
892,ORD2015,22-03-2024,31-03-2024,Second Class,CUST2024,Michael Davis,Home Office,UK,Toronto,P1007,Router,2,2939.06
893,ORD2203,16-11-2023,19-11-2023,Same Day,CUST2775,Olivia Gupta,Corporate,Germany,New York,P1004,Monitor,6,3133.41
894,ORD2243,28-01-2024,04-02-2024,First Class,CUST2531,Olivia Johnson,Corporate,USA,Mumbai,P1004,Monitor,9,1302.67
895,ORD1839,28-10-2023,07-11-2023,Same Day,CUST1122,Jane Brown,Corporate,Canada,Delhi,P1006,Printer,6,1264.32
896,ORD1440,03-11-2024,09-11-2024,Second Class,CUST2287,Jane Smith,Corporate,India,London,P1006,Printer,4,-100
897,ORD1658,27-08-2023,05-09-2023,Same Day,CUST2161,Rahul Davis,Home Office,USA,Pune,P1002,Keyboard,9,1426.34
898,ORD2244,06-04-2025,08-04-2025,Same Day,CUST2301,Daniel Patel,Consumer,USA,Mumbai,P1007,Router,8,2518.32
899,ORD1562,07-03-2024,01-01-2022,Same Day,CUST1700,Rahul Patel,Home Office,Canada,Bangalore,P1002,Keyboard,10,155.28
900,ORD1036,21-10-2024,31-10-2024,Same Day,CUST2164,Michael Sharma,Consumer,Germany,Mumbai,P1001,Laptop,6,3241.64
901,ORD1142,26-04-2024,28-04-2024,First Class,CUST2125,Emily Patel,Corporate,India,London,P1007,Router,8,3080.99
902,ORD1805,02-11-2023,10-11-2023,Standard Class,CUST2531,Rahul Johnson,Consumer,USA,Mumbai,P1008,SSD,1,736.74
903,ORD1661,01-06-2025,08-06-2025,Second Class,CUST1360,Sarah Patel,Home Office,India,Mumbai,P1004,Monitor,5,4422.43
904,ORD1088,24-04-2023,25-04-2023,Standard Class,CUST2080,Emily Miller,Corporate,UK,Delhi,P1005,Headphones,3,2938.09
905,ORD1245,31-12-2099,16-05-2023,Same Day,CUST2830,Sneha Johnson,Home Office,Germany,Bangalore,P1003,Mouse,10,2415.74
906,ORD2003,15-10-2023,21-10-2023,Second Class,CUST1376,David Wilson,Home Office,India,London,P1008,SSD,9,4185.93
907,ORD1496,06-11-2024,10-11-2024,Standard Class,CUST3025,John Davis,Consumer,USA,Berlin,P1002,Keyboard,7,980.19
908,ORD1214,15-12-2023,19-12-2023,First Class,CUST2859,Sneha Brown,Home Office,India,Delhi,P1006,Printer,4,4587.65
909,ORD1789,08-04-2024,18-04-2024,Same Day,CUST1769,Jane Wilson,Corporate,USA,New York,P1004,Monitor,10,3259.5
910,ORD1301,17-04-2024,19-04-2024,Second Class,CUST1067,Olivia Gupta,Consumer,UK,Mumbai,P1002,Keyboard,8,-100
911,ORD1927,27-12-2023,01-01-2024,Standard Class,CUST2451,Robert Davis,Consumer,Canada,Toronto,P1002,Keyboard,9,1702.01
912,ORD1903,07-10-2023,13-10-2023,Standard Class,CUST2566,Anjali Sharma,Consumer,UK,Bangalore,P1002,Keyboard,7,924.39
913,ORD1565,26-06-2024,06-07-2024,Same Day,CUST1447,Sneha Smith,Home Office,USA,Pune,P1008,SSD,4,620.18
914,ORD1073,12-08-2024,17-08-2024,Standard Class,CUST3179,Jane Wilson,Consumer,Germany,Toronto,P1004,Monitor,7,1994.78
915,ORD1450,21-01-2025,26-01-2025,Second Class,CUST1700,Chris Davis,Corporate,UK,New York,P1008,SSD,1,516.5
916,ORD2030,18-12-2024,28-12-2024,First Class,CUST1977,Michael Patel,Home Office,India,Delhi,P1008,SSD,3,1694.17
917,ORD1932,26-05-2023,27-05-2023,Same Day,CUST2368,John Brown,Corporate,UnknownCountry,Delhi,P1008,SSD,1,2990.33
918,ORD1970,20-08-2024,21-08-2024,Second Class,CUST2935,Jane Smith,Consumer,Germany,New York,P1008,SSD,4,2650.08
919,ORD1342,12-02-2025,15-02-2025,Standard Class,CUST2247,Chris Patel,Corporate,Canada,London,P1002,Keyboard,9,1323.83
920,ORD1996,17-09-2023,23-09-2023,Standard Class,CUST2444,David Patel,Home Office,Germany,Berlin,P1008,SSD,2,1386.19
921,ORD2063,15-01-2025,16-01-2025,Same Day,CUST1902,Sneha Brown,Corporate,Canada,Mumbai,P1003,Mouse,4,2909.04
922,ORD2425,17-03-2024,23-03-2024,Standard Class,CUST1793,Olivia Sharma,Home Office,India,New York,P1004,Monitor,9,4501.15
923,ORD1920,16-06-2025,25-06-2025,First Class,CUST2428,Olivia Patel,Corporate,Germany,Toronto,P1003,Mouse,5,1581.15
924,ORD1084,16-08-2024,25-08-2024,Standard Class,CUST2775,Chris Gupta,Home Office,UK,New York,P1006,Printer,2,4848.88
925,ORD2021,02-12-2024,05-12-2024,Second Class,CUST3142,David Miller,Home Office,USA,New York,P1008,SSD,8,1476.89
926,ORD1603,16-01-2023,24-01-2023,Second Class,CUST2159,Daniel Miller,Consumer,India,Berlin,,Laptop,5,75.2
927,ORD1721,07-11-2024,08-11-2024,First Class,CUST1564,Emily Wilson,Home Office,Germany,Delhi,P1001,Laptop,2,3580.33
928,ORD1292,20-01-2025,24-01-2025,Standard Class,CUST2191,Sarah Smith,Corporate,UK,Bangalore,P1007,Router,7,2141.69
929,ORD1200,25-09-2023,30-09-2023,Second Class,CUST3309,Robert Patel,Home Office,USA,Bangalore,P1005,Headphones,5,721.67
930,ORD2135,24-07-2023,29-07-2023,Standard Class,CUST2217,,Home Office,USA,Toronto,P1005,Headphones,7,525.41
931,ORD2078,28-03-2024,03-04-2024,Same Day,CUST2450,Robert Gupta,Corporate,Canada,Berlin,P1006,Printer,1,4567.16
932,ORD1054,24-02-2025,03-03-2025,Second Class,CUST2238,Chris Davis,Home Office,Germany,London,P1002,Keyboard,3,3123.4
933,ORD2158,17-06-2025,22-06-2025,Same Day,CUST1515,Robert Smith,Corporate,Germany,Berlin,P1001,Laptop,1,469.06
934,ORD1553,29-04-2025,01-05-2025,Standard Class,CUST2190,Rahul Gupta,Home Office,UK,Mumbai,P1006,Printer,2,3715.34
935,ORD2381,07-06-2024,08-06-2024,Second Class,CUST3302,Anjali Gupta,Consumer,USA,Delhi,P1004,Monitor,5,3159.79
936,ORD2472,07-01-2023,15-01-2023,Standard Class,CUST1275,John Brown,Home Office,India,Pune,P1004,Monitor,4,1061.25
937,ORD1970,26-01-2023,04-02-2023,Same Day,CUST1227,Olivia Johnson,Corporate,Canada,Berlin,P1008,SSD,3,4110.34
938,ORD2119,24-09-2023,04-10-2023,Standard Class,CUST2770,Michael Smith,Consumer,USA,Bangalore,P1008,SSD,3,2582
939,ORD2432,13-07-2024,17-07-2024,Same Day,CUST2187,David Johnson,Home Office,Canada,London,P1008,SSD,5,1986.39
940,ORD2428,30-03-2025,01-04-2025,Same Day,CUST2740,Michael Smith,Corporate,Canada,Pune,P1008,SSD,10,1977.68
941,ORD2188,07-11-2023,08-11-2023,Standard Class,CUST2452,Michael Gupta,Home Office,Canada,New York,P1008,SSD,1,4909.68
942,ORD1732,27-05-2024,05-06-2024,First Class,CUST3150,Robert Taylor,Consumer,USA,Delhi,P1004,Monitor,6,3296.87
943,ORD2153,14-12-2023,22-12-2023,First Class,CUST2240,Olivia Sharma,Consumer,Canada,Toronto,P1003,Mouse,8,3048.92
944,ORD1369,12-08-2024,21-08-2024,Second Class,CUST2327,Rahul Miller,Corporate,Germany,Toronto,P1005,Headphones,2,272.4
945,ORD2500,12-06-2023,16-06-2023,Standard Class,CUST3045,Olivia Gupta,Corporate,USA,Bangalore,P1002,Keyboard,2,4503.98
946,ORD1356,15-01-2025,22-01-2025,Standard Class,CUST1253,Rahul Wilson,Consumer,India,Pune,P1007,Router,8,3828.59
947,ORD2242,08-10-2024,09-10-2024,First Class,CUST1440,Anjali Gupta,Corporate,USA,Bangalore,P1003,Mouse,4,1299.85
948,ORD1896,26-11-2024,01-12-2024,Second Class,CUST1663,Robert Taylor,Consumer,India,Mumbai,P1004,Monitor,2,1057.52
949,ORD1287,06-01-2023,12-01-2023,Standard Class,CUST2395,Michael Taylor,Corporate,USA,Bangalore,P1007,Router,10,4146.5
950,ORD2025,27-12-2023,02-01-2024,Standard Class,CUST2797,Robert Sharma,Consumer,Germany,Pune,P1003,Mouse,3,3922.82
951,ORD1610,14-04-2023,16-04-2023,Second Class,CUST1210,Rahul Taylor,Corporate,India,Bangalore,P1008,SSD,5,4615.25
952,ORD1514,04-02-2024,10-02-2024,Second Class,CUST2179,Jane Taylor,Home Office,UnknownCountry,New York,P1002,Keyboard,7,3112.29
953,ORD2118,15-12-2024,17-12-2024,First Class,CUST1122,John Patel,Corporate,UK,Bangalore,P1008,SSD,6,4445.74
954,ORD1121,23-05-2023,27-05-2023,Standard Class,CUST1965,Priya Johnson,Home Office,Germany,Mumbai,P1006,Printer,6,4906.23
955,ORD1852,04-09-2024,14-09-2024,Same Day,CUST1530,David Smith,Consumer,India,Berlin,P1002,Keyboard,9,1164.96
956,ORD1717,17-03-2024,25-03-2024,Second Class,CUST1087,Olivia Smith,Consumer,USA,Toronto,P1005,Headphones,1,2784.86
957,ORD1106,01-02-2024,08-02-2024,Same Day,CUST2748,Amit Brown,Consumer,Canada,Pune,P1003,Mouse,10,4913.55
958,ORD1753,27-12-2023,31-12-2023,Same Day,CUST1237,Sarah Davis,Consumer,Germany,Mumbai,P1006,Printer,4,2094.67
959,ORD2098,04-08-2024,05-08-2024,Second Class,CUST1232,Jane Smith,Consumer,Canada,Delhi,P1001,Laptop,5,266.41
960,ORD1716,08-09-2024,12-09-2024,Second Class,CUST3482,Robert Gupta,Home Office,India,Pune,P1005,Headphones,2,1288.48
961,ORD2113,30-07-2023,07-08-2023,Second Class,CUST2816,Anjali Wilson,Corporate,Germany,New York,P1006,Printer,4,2657.88
962,ORD1547,23-11-2023,02-12-2023,Standard Class,CUST2419,Olivia Sharma,Home Office,Germany,Berlin,P1002,Keyboard,5,438.31
963,ORD1280,11-05-2025,20-05-2025,First Class,CUST3264,Sarah Johnson,Corporate,USA,Mumbai,P1004,Monitor,4,3506.79
964,,21-02-2025,01-03-2025,Standard Class,CUST3043,Daniel Smith,Corporate,UK,Toronto,P1002,Keyboard,5,4144.54
965,ORD1173,03-03-2023,08-03-2023,Same Day,CUST1077,Daniel Sharma,Corporate,Canada,Mumbai,P1007,Router,4,1068.36
966,ORD1377,06-11-2024,13-11-2024,First Class,CUST1128,Amit Patel,Consumer,Germany,London,P1001,Laptop,5,4060.71
967,ORD2210,10-08-2023,11-08-2023,Invalid Mode,CUST2751,Chris Smith,Consumer,Germany,Toronto,P1006,Printer,5,4299.64
968,ORD2095,19-04-2024,26-04-2024,Second Class,CUST2561,Priya Davis,Consumer,India,New York,P1005,Headphones,5,473.41
969,ORD1511,28-02-2025,09-03-2025,First Class,CUST3339,Robert Smith,Home Office,UK,London,P1005,Headphones,5,3313.19
970,ORD2337,09-04-2025,19-04-2025,Standard Class,CUST2257,Rahul Patel,Corporate,USA,Berlin,P1001,Laptop,8,135.47
971,ORD1018,22-04-2024,23-04-2024,Same Day,CUST3279,Sarah Sharma,Consumer,Germany,Pune,P1006,Printer,5,4490.37
972,ORD2129,18-11-2023,20-11-2023,Second Class,CUST2056,Chris Wilson,Corporate,Canada,Delhi,P1008,SSD,4,3170.17
973,ORD1300,11-06-2025,21-06-2025,Second Class,CUST1468,Sneha Smith,Consumer,Germany,Berlin,P1001,Laptop,10,1620.81
974,ORD2133,04-01-2025,08-01-2025,First Class,CUST2054,John Patel,Home Office,India,Bangalore,P1001,Laptop,6,590.36
975,ORD2038,30-03-2024,01-04-2024,Second Class,CUST1835,Emily Miller,Corporate,Canada,Pune,P1002,Keyboard,7,4385.47
976,ORD1293,26-01-2023,01-02-2023,First Class,CUST2671,Olivia Patel,Corporate,UK,Mumbai,P1006,Printer,3,1873.09
977,ORD1595,03-06-2023,13-06-2023,Standard Class,CUST3494,Sarah Patel,Home Office,Germany,London,P1001,Laptop,4,1925.26
978,ORD2193,03-02-2023,06-02-2023,Standard Class,CUST1316,Olivia Davis,Home Office,Germany,Toronto,P1007,Router,9,3678.58
979,ORD2080,28-03-2025,29-03-2025,Same Day,CUST2298,David Davis,Home Office,UK,Bangalore,P1008,SSD,6,1253.21
980,ORD1741,25-08-2023,02-09-2023,Standard Class,CUST1987,Priya Sharma,Corporate,India,London,P1006,Printer,9,2552.94
981,ORD1741,31-10-2024,08-11-2024,Same Day,CUST2715,Sarah Miller,Consumer,Germany,Bangalore,P1004,Monitor,7,3386.82
982,ORD2363,22-05-2023,01-06-2023,First Class,CUST2399,Emily Johnson,Consumer,Canada,Toronto,P1005,Headphones,9,4917.08
983,ORD2179,31-12-2099,25-05-2024,Same Day,CUST1063,Michael Johnson,Corporate,UK,Berlin,P1003,Mouse,2,675.67
984,ORD1069,03-05-2025,10-05-2025,Second Class,CUST1299,Michael Taylor,Home Office,Canada,Toronto,P1001,Laptop,6,680.89
985,ORD2427,24-07-2024,28-07-2024,Standard Class,CUST2379,Olivia Patel,Home Office,Germany,Pune,P1005,Headphones,1,415.08
986,ORD1726,04-04-2024,11-04-2024,Same Day,CUST2184,Chris Gupta,Home Office,USA,Delhi,P1008,SSD,10,4585.89
987,ORD2043,27-03-2023,30-03-2023,First Class,CUST2857,Robert Patel,Corporate,USA,New York,P1001,Laptop,2,1199.7
988,ORD2010,16-12-2023,17-12-2023,First Class,CUST2322,Robert Patel,Consumer,USA,Mumbai,P1007,Router,4,2181.16
989,ORD1569,11-08-2024,21-08-2024,Standard Class,CUST2422,David Brown,Consumer,UK,New York,P1006,Printer,8,2222.64
990,ORD1346,23-10-2023,28-10-2023,Second Class,CUST2141,Michael Johnson,Consumer,Germany,Delhi,P1002,Keyboard,1,3012.04
991,ORD1081,06-07-2024,15-07-2024,Standard Class,CUST3000,Daniel Smith,Corporate,USA,New York,P1004,Monitor,10,2161.19
992,ORD1911,17-06-2024,20-06-2024,First Class,CUST1448,Anjali Johnson,Corporate,Canada,Berlin,P1008,SSD,5,479.98
993,ORD1280,13-10-2023,15-10-2023,Standard Class,CUST1911,Anjali Johnson,Corporate,USA,London,P1006,Printer,5,2294.65
994,ORD2050,19-11-2024,21-11-2024,Standard Class,CUST2775,Jane Taylor,Corporate,USA,Mumbai,P1006,Printer,1,1267.27
995,ORD2200,21-01-2024,25-01-2024,First Class,CUST2925,Michael Gupta,Consumer,Canada,New York,P1004,Monitor,3,1032.94
996,ORD1181,12-06-2024,16-06-2024,Same Day,CUST1275,Priya Taylor,Home Office,UnknownCountry,Delhi,P1001,Laptop,1,2119.89
997,ORD1538,20-09-2024,27-09-2024,First Class,CUST2983,Amit Brown,Corporate,USA,New York,P1004,Monitor,8,2476.6
998,ORD2290,06-02-2024,16-02-2024,Same Day,CUST2210,Jane Davis,Consumer,UK,Toronto,P1006,Printer,8,1660.72
999,ORD2356,11-03-2024,13-03-2024,Same Day,CUST2306,Sneha Johnson,Corporate,Canada,Delhi,P1003,Mouse,8,4208.6
1000,ORD2001,07-09-2024,14-09-2024,Standard Class,CUST2191,David Taylor,Consumer,Canada,Mumbai,P1004,Monitor,9,3870.4
1001,ORD1535,22-11-2024,28-11-2024,Same Day,CUST2810,Robert Sharma,Corporate,India,New York,P1007,Router,8,3654.52
1002,ORD1695,13-10-2024,14-10-2024,Same Day,CUST2678,Sarah Miller,Consumer,Germany,Bangalore,P1005,Headphones,2,4742
1003,ORD2256,17-09-2024,23-09-2024,Standard Class,CUST1086,Chris Sharma,Consumer,UK,London,P1003,Mouse,9,364.15
1004,ORD1100,15-06-2024,19-06-2024,Second Class,CUST1643,Daniel Taylor,Corporate,USA,New York,P1006,Printer,3,4557.74
1005,ORD1678,28-02-2024,03-03-2024,Standard Class,CUST1147,Daniel Smith,Home Office,India,Toronto,P1004,Monitor,8,259.31
1006,ORD1579,05-11-2023,06-11-2023,Second Class,CUST1138,David Johnson,Corporate,Canada,Delhi,P1004,Monitor,5,4316.82
1007,ORD1156,17-03-2023,26-03-2023,Standard Class,CUST1060,Anjali Taylor,Home Office,USA,Pune,P1007,Router,10,3973.47
1008,ORD1397,01-05-2025,11-05-2025,First Class,CUST2741,Amit Smith,Corporate,UK,Berlin,P1005,Headphones,4,543.41
1009,ORD2343,13-08-2024,21-08-2024,First Class,CUST2759,Jane Davis,Corporate,Germany,New York,P1007,Router,8,1457.89
1010,ORD2439,30-06-2024,09-07-2024,Same Day,CUST1070,Priya Sharma,Corporate,Germany,Pune,P1004,Monitor,8,1159.1
1011,ORD1050,11-02-2024,15-02-2024,First Class,CUST2952,Rahul Johnson,Home Office,UK,London,P1008,SSD,3,-100
1012,ORD1171,08-04-2023,17-04-2023,Second Class,CUST3006,Rahul Davis,Consumer,USA,Toronto,P1003,Mouse,10,4198.45
1013,ORD2071,10-01-2025,20-01-2025,Standard Class,CUST3021,David Sharma,Corporate,UK,Delhi,P1004,Monitor,1,1641.14
1014,ORD2157,05-09-2024,12-09-2024,First Class,CUST1856,Chris Taylor,Corporate,Germany,Berlin,P1001,Laptop,6,4799.4
1015,ORD1482,26-11-2023,04-12-2023,Standard Class,CUST1430,Robert Johnson,Corporate,USA,Mumbai,P1008,SSD,3,2623.7
1016,ORD1248,20-06-2023,24-06-2023,Standard Class,CUST1159,Olivia Sharma,Corporate,USA,Berlin,P1008,SSD,3,3757.52
1017,ORD2120,04-03-2024,11-03-2024,First Class,CUST1481,Robert Wilson,Home Office,UK,London,P1001,Laptop,10,4453.25
1018,ORD2154,27-10-2024,30-10-2024,First Class,CUST3143,Sneha Davis,Home Office,UK,New York,P1003,Mouse,8,2341.26
1019,ORD1676,03-02-2025,06-02-2025,Same Day,CUST1040,Emily Sharma,Consumer,USA,Berlin,P1003,Mouse,2,4966.89
1020,ORD1011,16-11-2023,20-11-2023,Standard Class,CUST3202,Priya Patel,Consumer,India,Berlin,P1004,Monitor,10,824.44
1021,ORD1717,13-10-2024,22-10-2024,First Class,CUST1057,Olivia Davis,Corporate,UK,Toronto,P1004,Monitor,10,3660.15
1022,ORD1752,01-10-2024,08-10-2024,Second Class,CUST1317,Rahul Brown,Consumer,USA,New York,P1005,Headphones,3,1351.54
1023,ORD1209,10-05-2023,19-05-2023,First Class,CUST3357,Chris Miller,Home Office,UK,Berlin,P1007,Router,4,882.09
1024,ORD1474,10-08-2023,12-08-2023,Second Class,CUST1675,Priya Smith,Corporate,India,Mumbai,P1003,Mouse,3,2582.94
1025,ORD1900,11-03-2024,19-03-2024,First Class,CUST3049,Chris Johnson,Consumer,Germany,Toronto,P1006,Printer,7,3880.9
1026,ORD2446,30-04-2024,06-05-2024,First Class,CUST3173,Jane Miller,Consumer,USA,New York,P1005,Headphones,3,4207.39
1027,ORD2147,28-03-2024,05-04-2024,Standard Class,CUST3285,Olivia Sharma,Home Office,UK,Delhi,P1005,Headphones,1,4337.39
1028,ORD1954,28-02-2025,06-03-2025,Second Class,CUST3292,Olivia Davis,Corporate,UK,Delhi,P1007,Router,1,1019.39
1029,ORD1739,22-06-2024,26-06-2024,First Class,CUST2345,Jane Patel,Corporate,Germany,Mumbai,,Laptop,10,1401.49
1030,ORD2325,09-10-2023,17-10-2023,Standard Class,CUST2036,David Smith,Home Office,India,Berlin,P1007,Router,10,3179.59
1031,ORD2004,27-06-2023,05-07-2023,Standard Class,CUST2513,John Miller,Home Office,USA,Delhi,P1002,Keyboard,3,459.98
1032,ORD1244,27-02-2023,07-03-2023,First Class,CUST1399,Daniel Taylor,Corporate,USA,Mumbai,P1001,Laptop,6,4194.5
1033,ORD1648,27-12-2024,30-12-2024,Standard Class,CUST2651,Robert Smith,Consumer,USA,Delhi,P1006,Printer,5,465.65
1034,ORD1908,15-02-2023,20-02-2023,Same Day,CUST1708,Sneha Smith,Corporate,UK,London,P1004,Monitor,2,1740.19
1035,ORD2163,06-05-2025,08-05-2025,Standard Class,CUST1476,Olivia Johnson,Consumer,India,Delhi,P1008,SSD,6,2976.19
1036,ORD1041,24-02-2025,27-02-2025,Second Class,CUST2534,Priya Johnson,Home Office,USA,New York,P1001,Laptop,4,3749.67
1037,ORD1271,14-11-2023,15-11-2023,First Class,CUST1729,David Brown,Home Office,UK,Toronto,P1007,Router,4,4184.61
1038,ORD1558,24-07-2023,27-07-2023,First Class,CUST2800,David Johnson,Corporate,UK,London,,Headphones,6,3873.23
1039,ORD2071,05-04-2024,08-04-2024,Same Day,CUST1637,Amit Miller,Consumer,Canada,London,P1001,Laptop,5,1076.86
1040,ORD2432,30-05-2024,08-06-2024,Standard Class,CUST3102,Chris Davis,Corporate,USA,Berlin,P1005,Headphones,5,205.67
1041,ORD1236,13-06-2024,16-06-2024,Second Class,CUST2913,Rahul Patel,Corporate,Germany,Toronto,P1008,SSD,10,4511.31
1042,ORD1660,19-12-2024,21-12-2024,Standard Class,CUST1650,Robert Gupta,Corporate,UK,Pune,P1006,Printer,3,4570.09
1043,ORD1627,16-06-2023,24-06-2023,Standard Class,CUST2798,Chris Miller,Corporate,Germany,Toronto,P1003,Mouse,7,2394.18
1044,ORD1498,16-09-2023,22-09-2023,Same Day,CUST2643,David Smith,Consumer,Germany,Pune,P1006,Printer,7,2158.18
1045,ORD1551,14-08-2024,21-08-2024,Second Class,CUST3097,Michael Wilson,Home Office,Germany,Bangalore,P1001,Laptop,10,3771.66
1046,ORD1266,10-11-2024,16-11-2024,Standard Class,CUST2266,Chris Brown,Corporate,Canada,Toronto,P1001,Laptop,3,2329.91
1047,ORD2348,01-06-2023,05-06-2023,First Class,CUST2259,Jane Brown,Consumer,USA,Toronto,P1003,Mouse,2,3634.47
1048,ORD1315,02-12-2024,11-12-2024,Standard Class,CUST2955,Michael Patel,Consumer,Canada,Toronto,P1006,Printer,4,4568.52
1049,ORD2368,21-01-2024,29-01-2024,Standard Class,CUST2587,Michael Patel,Consumer,Canada,London,,Monitor,5,4107.97
1050,ORD2495,12-06-2025,19-06-2025,Standard Class,CUST2420,Priya Miller,Consumer,USA,Delhi,P1007,Router,4,1877.21
1051,ORD1696,28-05-2024,29-05-2024,Standard Class,CUST1942,Michael Gupta,Consumer,India,Bangalore,P1007,Router,5,2205.23
1052,ORD1695,29-01-2024,01-02-2024,Second Class,CUST2167,David Sharma,Home Office,Canada,Mumbai,P1007,Router,5,4794.64
1053,ORD1863,03-07-2023,06-07-2023,Standard Class,CUST2904,Chris Johnson,Corporate,India,Toronto,P1007,Router,1,846.37
1054,ORD1263,11-08-2024,20-08-2024,Same Day,CUST1047,Priya Sharma,Corporate,India,New York,P1007,Router,7,1330.31
1055,ORD2298,29-04-2023,09-05-2023,First Class,CUST2939,Anjali Patel,Home Office,UK,Pune,P1008,SSD,3,4904.64
1056,ORD2088,16-02-2025,23-02-2025,Second Class,CUST1028,Emily Miller,Corporate,USA,Berlin,P1002,Keyboard,7,290.29
1057,ORD1576,10-02-2023,12-02-2023,Same Day,CUST2503,John Miller,Home Office,UK,New York,P1008,SSD,7,1720.44
1058,ORD1606,24-02-2025,25-02-2025,Second Class,CUST2201,Emily Sharma,Consumer,Canada,London,P1005,Headphones,5,3198.11
1059,ORD2220,25-04-2023,01-05-2023,Same Day,CUST2018,Michael Johnson,Home Office,India,Delhi,P1001,Laptop,3,3182.95
1060,ORD1882,09-10-2023,15-10-2023,Second Class,CUST3144,Rahul Gupta,Consumer,India,London,P1008,SSD,6,239.52
1061,ORD2247,11-01-2025,13-01-2025,Standard Class,CUST2383,Olivia Wilson,Corporate,Canada,Mumbai,P1007,Router,3,4754.28
1062,ORD1526,08-01-2025,10-01-2025,Standard Class,CUST1784,Rahul Wilson,Corporate,Germany,Bangalore,P1007,Router,1,1902.47
1063,ORD1968,09-08-2023,16-08-2023,Second Class,CUST2133,Amit Smith,Home Office,Canada,Delhi,P1005,Headphones,5,1399.76
1064,ORD1833,01-08-2023,02-08-2023,Second Class,CUST2125,David Gupta,Home Office,UK,Pune,P1007,Router,4,1162.88
1065,ORD2452,29-11-2023,03-12-2023,First Class,CUST3495,Daniel Gupta,Home Office,Canada,London,P1002,Keyboard,9,1975.75
1066,ORD2142,13-01-2023,19-01-2023,First Class,CUST2418,Daniel Gupta,Consumer,Canada,Berlin,P1006,Printer,4,2684.59
1067,ORD1348,20-11-2024,27-11-2024,Same Day,CUST1132,Sneha Miller,Consumer,Canada,London,P1005,Headphones,2,1077.38
1068,ORD2084,14-01-2024,19-01-2024,First Class,CUST2849,Sneha Gupta,Consumer,USA,Delhi,P1005,Headphones,10,1790.55
1069,ORD1883,01-03-2024,02-03-2024,Same Day,CUST1961,Robert Taylor,Consumer,UnknownCountry,Pune,P1005,Headphones,2,2008.96
1070,ORD1432,24-04-2023,04-05-2023,Second Class,CUST1651,Chris Sharma,Home Office,Canada,London,P1005,Headphones,4,2119.99
1071,ORD2227,13-10-2023,19-10-2023,Standard Class,CUST2301,Amit Taylor,Home Office,Canada,Bangalore,P1006,Printer,7,2499.42
1072,ORD1950,21-10-2023,29-10-2023,Second Class,CUST2638,David Smith,Home Office,UK,Berlin,P1003,Mouse,3,3432.59
1073,ORD1201,28-01-2024,07-02-2024,Same Day,CUST2680,Sarah Smith,Home Office,USA,Delhi,P1007,Router,10,3118.61
1074,ORD1164,05-09-2024,15-09-2024,Standard Class,CUST2331,Rahul Davis,Consumer,Germany,Berlin,P1007,Router,2,4761.64
1075,ORD1046,30-01-2025,09-02-2025,Second Class,CUST1661,Priya Patel,Home Office,USA,Delhi,P1007,Router,8,4688.85
1076,ORD1409,27-11-2023,30-11-2023,Standard Class,CUST1126,Sarah Miller,Corporate,Canada,Bangalore,P1005,Headphones,10,2246.08
1077,ORD1495,26-03-2025,29-03-2025,Standard Class,CUST3474,,Consumer,USA,Berlin,P1008,SSD,2,84.07
1078,ORD1066,29-11-2024,06-12-2024,Same Day,CUST1288,Chris Sharma,Corporate,Germany,Pune,P1008,SSD,10,3253.09
1079,ORD2093,01-01-2025,02-01-2025,Same Day,CUST1244,David Sharma,Home Office,India,London,P1008,SSD,7,3597.29
1080,ORD2047,06-10-2024,14-10-2024,Standard Class,CUST1424,Michael Wilson,Home Office,India,Delhi,P1007,Router,6,2093.82
1081,ORD1695,26-05-2023,30-05-2023,Second Class,CUST2083,Jane Patel,Home Office,India,Berlin,P1008,SSD,8,3774.89
1082,ORD1532,17-12-2023,22-12-2023,First Class,CUST2844,Anjali Wilson,Home Office,UK,Mumbai,P1008,SSD,3,782.72
1083,ORD1590,27-01-2023,31-01-2023,First Class,CUST2192,David Brown,Home Office,UK,Berlin,P1006,Printer,8,3382.73
1084,ORD1316,31-01-2025,03-02-2025,First Class,CUST2573,David Davis,Consumer,USA,New York,P1003,Mouse,3,2941.96
1085,ORD1531,08-01-2024,17-01-2024,Same Day,CUST1697,Emily Brown,Home Office,Germany,London,P1007,Router,9,1903.09
1086,ORD1993,25-10-2024,28-10-2024,Second Class,CUST2982,Olivia Sharma,Consumer,India,London,P1008,SSD,4,1581.08
1087,ORD1459,03-06-2023,08-06-2023,Second Class,CUST2460,Priya Gupta,Home Office,India,Bangalore,P1002,Keyboard,4,1849.62
1088,ORD1067,13-02-2024,15-02-2024,Standard Class,CUST2111,Amit Taylor,Home Office,Germany,Pune,P1006,Printer,1,2260.83
1089,ORD2070,11-09-2023,15-09-2023,Second Class,CUST2003,Sarah Gupta,Consumer,India,New York,P1005,Headphones,9,1423.51
1090,ORD1389,20-01-2025,22-01-2025,First Class,CUST1249,Sarah Davis,Consumer,Germany,Berlin,P1003,Mouse,8,536.44
1091,ORD1104,23-11-2023,25-11-2023,Same Day,CUST1476,Priya Johnson,Corporate,USA,Pune,P1004,Monitor,9,2967.41
1092,ORD2225,31-12-2099,18-05-2024,Same Day,CUST1456,Anjali Gupta,Home Office,USA,Berlin,P1001,Laptop,1,1296.15
1093,ORD1833,07-09-2024,12-09-2024,Second Class,CUST2346,Amit Gupta,Home Office,UK,New York,P1008,SSD,5,4342.94
1094,ORD1509,16-12-2023,21-12-2023,Same Day,CUST1456,Chris Brown,Corporate,India,London,P1005,Headphones,9,2379.01
1095,,03-07-2023,05-07-2023,First Class,CUST1387,Olivia Gupta,Corporate,Germany,Delhi,P1007,Router,4,3905.02
1096,ORD1474,07-08-2023,12-08-2023,First Class,CUST3172,Priya Johnson,Home Office,UK,Bangalore,P1005,Headphones,10,3375.84
1097,ORD1663,10-06-2023,14-06-2023,Second Class,CUST1646,Rahul Brown,Corporate,Germany,Berlin,P1007,Router,10,3954.31
1098,ORD2487,03-10-2023,07-10-2023,Same Day,CUST2243,Emily Brown,Corporate,UK,London,P1005,Headphones,6,2276.05
1099,ORD1871,30-07-2024,06-08-2024,Standard Class,CUST2655,John Sharma,Corporate,USA,Berlin,P1007,Router,5,146.42
1100,ORD2442,27-07-2023,31-07-2023,First Class,CUST2529,John Patel,Corporate,Canada,London,P1005,Headphones,9,2821.86
1101,ORD1408,27-03-2025,31-03-2025,First Class,CUST1437,Jane Davis,Consumer,UK,Berlin,P1008,SSD,10,2375.87
1102,ORD1094,10-03-2025,17-03-2025,Second Class,CUST2147,Rahul Miller,Corporate,India,Pune,P1008,SSD,1,3216.16
1103,ORD1565,04-07-2024,10-07-2024,First Class,CUST1454,Priya Brown,Home Office,India,London,P1008,SSD,7,4130.34
1104,ORD1308,26-08-2024,31-08-2024,Standard Class,CUST2795,Sarah Patel,Home Office,Germany,New York,P1004,Monitor,9,2678.59
1105,ORD1596,07-12-2024,08-12-2024,Standard Class,CUST2285,Daniel Patel,Corporate,USA,Delhi,P1003,Mouse,6,2368.22
1106,ORD1943,06-01-2024,12-01-2024,First Class,CUST2045,Rahul Smith,Consumer,India,Toronto,P1004,Monitor,7,2011.72
1107,,28-03-2025,29-03-2025,First Class,CUST1066,Rahul Sharma,Consumer,Germany,London,P1001,Laptop,9,2485.45
1108,ORD2177,08-12-2023,10-12-2023,Standard Class,CUST3286,Chris Johnson,Home Office,USA,Pune,P1002,Keyboard,10,4616.36
1109,ORD2249,27-10-2024,31-10-2024,Same Day,CUST2134,Priya Gupta,Home Office,USA,London,P1002,Keyboard,2,949.29
1110,ORD2178,14-12-2023,22-12-2023,Standard Class,CUST2644,Rahul Wilson,Consumer,Germany,Toronto,P1007,Router,1,92.26
1111,ORD1660,13-03-2024,16-03-2024,Second Class,CUST3393,Sneha Patel,Home Office,Canada,Bangalore,P1005,Headphones,10,4630.51
1112,ORD2464,07-06-2025,17-06-2025,Second Class,CUST1607,Sarah Wilson,Consumer,India,Mumbai,P1003,Mouse,9,3029.51
1113,ORD1080,09-03-2025,12-03-2025,Standard Class,CUST2341,Daniel Patel,Consumer,USA,Bangalore,P1006,Printer,5,858.28
1114,ORD1555,27-08-2023,31-08-2023,Standard Class,CUST1562,,Consumer,Canada,Mumbai,P1006,Printer,8,4344.29
1115,ORD1427,25-01-2024,26-01-2024,Same Day,CUST2635,Sarah Davis,Corporate,Germany,Pune,P1008,SSD,2,4847.76
1116,ORD2037,15-08-2024,24-08-2024,Second Class,CUST1858,Jane Gupta,Home Office,Germany,London,P1002,Keyboard,6,2104.88
1117,ORD1430,03-04-2023,12-04-2023,Invalid Mode,CUST2045,Amit Johnson,Corporate,India,Mumbai,P1006,Printer,7,4026.89
1118,ORD1819,28-05-2025,30-05-2025,First Class,CUST2269,Daniel Johnson,Corporate,UnknownCountry,Bangalore,P1006,Printer,2,3269.64
1119,ORD1798,15-06-2025,23-06-2025,First Class,CUST2324,John Brown,Consumer,USA,Mumbai,P1001,Laptop,3,2617.18
1120,ORD1287,12-12-2024,20-12-2024,Standard Class,CUST3442,Chris Davis,Home Office,UK,London,P1001,Laptop,10,2103.64
1121,ORD1322,05-03-2024,08-03-2024,Second Class,CUST1743,Emily Johnson,Consumer,India,Berlin,P1003,Mouse,4,1565.02
1122,ORD2280,18-01-2024,23-01-2024,Standard Class,CUST1105,Emily Smith,Corporate,India,Delhi,P1006,Printer,7,280.17
1123,ORD1772,19-02-2025,01-03-2025,Second Class,CUST1410,John Patel,Consumer,India,Toronto,P1003,Mouse,2,606.43
1124,ORD1974,20-04-2024,27-04-2024,Second Class,CUST3470,Chris Smith,Corporate,Canada,Berlin,P1008,SSD,5,684.58
1125,ORD2344,06-07-2024,12-07-2024,Same Day,CUST3018,Anjali Miller,Consumer,USA,Bangalore,P1002,Keyboard,9,692.55
1126,ORD1292,19-08-2023,21-08-2023,Same Day,CUST2156,Olivia Miller,Consumer,USA,Bangalore,P1002,Keyboard,5,963.9
1127,ORD2350,05-11-2023,11-11-2023,First Class,CUST1539,Emily Sharma,Corporate,USA,Mumbai,P1008,SSD,7,3177.81
1128,ORD1405,06-07-2023,07-07-2023,Standard Class,CUST1974,Michael Sharma,Corporate,India,Berlin,P1003,Mouse,8,4295.52
1129,ORD1384,05-10-2024,15-10-2024,Same Day,CUST1879,Priya Miller,Corporate,Germany,Berlin,P1007,Router,2,3737.55
1130,ORD2342,25-02-2025,06-03-2025,First Class,CUST1763,David Patel,Corporate,Germany,Berlin,P1006,Printer,2,3356.66
1131,ORD1701,20-02-2025,01-03-2025,Standard Class,CUST2496,Robert Smith,Home Office,USA,Pune,P1005,Headphones,4,-100
1132,ORD1227,04-05-2023,13-05-2023,Second Class,CUST2423,David Gupta,Corporate,Germany,Pune,P1005,Headphones,9,953.93
1133,ORD2046,19-07-2023,22-07-2023,Standard Class,CUST1813,Anjali Patel,Home Office,UnknownCountry,Delhi,P1004,Monitor,10,4306.63
1134,ORD2075,18-02-2023,27-02-2023,Second Class,CUST3174,Michael Patel,Consumer,India,Delhi,P1006,Printer,10,1169.97
1135,ORD2466,05-06-2023,14-06-2023,Second Class,CUST2140,John Sharma,Corporate,Canada,Toronto,P1007,Router,8,2366.62
1136,ORD1278,08-01-2025,13-01-2025,Standard Class,CUST2029,Anjali Taylor,Home Office,UK,Bangalore,P1001,Laptop,10,2990.23
1137,ORD1136,02-03-2023,09-03-2023,Second Class,CUST2969,Daniel Brown,Consumer,Canada,Delhi,P1003,Mouse,7,1985.45
1138,ORD1396,12-09-2023,18-09-2023,Second Class,CUST2131,Michael Sharma,Consumer,Germany,Delhi,P1002,Keyboard,4,2244.74
1139,ORD2376,10-10-2023,16-10-2023,Standard Class,CUST3132,David Taylor,Consumer,Germany,Berlin,P1001,Laptop,4,3319.09
1140,ORD1611,21-04-2025,23-04-2025,Second Class,CUST1288,Olivia Patel,Corporate,India,Toronto,P1008,SSD,5,608.55
1141,ORD1955,12-03-2024,22-03-2024,Same Day,CUST2192,Sarah Taylor,Consumer,India,London,P1003,Mouse,4,4353.34
1142,ORD2361,21-05-2024,28-05-2024,Standard Class,CUST1430,Daniel Wilson,Home Office,UK,New York,P1007,Router,9,1677.71
1143,ORD2365,06-05-2025,11-05-2025,Standard Class,CUST1052,Jane Gupta,Consumer,Germany,Berlin,P1006,Printer,4,2975.87
1144,ORD2363,30-09-2023,02-10-2023,Same Day,CUST3484,Amit Sharma,Consumer,Germany,Pune,P1008,SSD,10,4199.12
1145,ORD2316,11-04-2023,21-04-2023,Standard Class,CUST1977,Emily Miller,Home Office,Germany,Toronto,P1002,Keyboard,7,3605.53
1146,ORD1081,22-12-2023,30-12-2023,Standard Class,CUST2633,Daniel Sharma,Home Office,India,Bangalore,P1008,SSD,10,944.65
1147,ORD2291,03-12-2023,05-12-2023,Same Day,CUST1116,Anjali Gupta,Corporate,UK,London,P1005,Headphones,6,4869.22
1148,ORD1509,11-10-2023,19-10-2023,First Class,CUST2876,Anjali Wilson,Consumer,USA,London,P1001,Laptop,7,3778.93
1149,ORD1352,14-05-2025,22-05-2025,First Class,CUST2440,Rahul Taylor,Home Office,USA,London,P1002,Keyboard,5,551.43
1150,ORD2478,03-04-2023,10-04-2023,Same Day,CUST1762,Chris Sharma,Consumer,UK,Berlin,P1006,Printer,6,1718.16
1151,ORD1896,06-01-2024,09-01-2024,First Class,CUST1065,Jane Davis,Home Office,UnknownCountry,New York,P1003,Mouse,9,2714.36
1152,ORD1815,25-09-2024,27-09-2024,Standard Class,CUST1370,Anjali Miller,Home Office,Canada,New York,P1004,Monitor,3,-100
1153,ORD2091,29-12-2023,05-01-2024,Same Day,CUST1424,Daniel Wilson,Home Office,Germany,Pune,P1003,Mouse,6,4997.22
1154,ORD1906,25-04-2025,26-04-2025,Second Class,CUST2121,John Gupta,Consumer,USA,Bangalore,P1004,Monitor,4,2229.76
1155,ORD1442,29-05-2023,30-05-2023,Second Class,CUST1085,Daniel Miller,Corporate,Canada,Toronto,P1005,Headphones,9,2778.57
1156,ORD2163,16-07-2023,23-07-2023,Same Day,CUST3357,Olivia Sharma,Home Office,UK,London,P1003,Mouse,5,2185.01
1157,ORD1746,29-08-2023,04-09-2023,Standard Class,CUST1550,Emily Davis,Home Office,Germany,Delhi,P1006,Printer,2,4906
1158,ORD2039,26-12-2024,03-01-2025,Standard Class,CUST3474,Sarah Patel,Home Office,Germany,Bangalore,P1006,Printer,8,1382.21
1159,ORD1108,16-04-2024,26-04-2024,Same Day,CUST3420,Robert Johnson,Consumer,India,Berlin,P1008,SSD,9,3268.87
1160,ORD1711,03-05-2024,06-05-2024,First Class,CUST1267,Anjali Wilson,Home Office,UK,Mumbai,P1002,Keyboard,10,2479.51
1161,ORD2442,21-02-2025,24-02-2025,Second Class,CUST2851,David Taylor,Home Office,UK,London,P1007,Router,4,2870.79
1162,ORD2040,21-02-2024,24-02-2024,Standard Class,CUST3496,John Patel,Home Office,India,Pune,P1006,Printer,10,364.96
1163,ORD1847,17-01-2025,20-01-2025,Second Class,CUST3463,Chris Brown,Consumer,India,Berlin,P1004,Monitor,2,1692.36
1164,ORD1192,18-02-2024,28-02-2024,Same Day,CUST2561,Anjali Gupta,Consumer,UK,Delhi,P1007,Router,2,1590.42
1165,ORD1363,25-12-2024,01-01-2025,Same Day,CUST1371,Michael Wilson,Corporate,USA,Bangalore,P1005,Headphones,6,4928.9
1166,ORD2296,25-03-2023,31-03-2023,Standard Class,CUST3145,David Smith,Home Office,India,Mumbai,P1008,SSD,6,522.68
1167,ORD1003,25-06-2024,26-06-2024,First Class,CUST2575,David Smith,Home Office,Germany,London,P1001,Laptop,2,4780.77
1168,ORD1386,13-10-2024,23-10-2024,Second Class,CUST3192,Sarah Patel,Consumer,USA,London,P1008,SSD,10,925.8
1169,ORD1902,24-12-2024,27-12-2024,Same Day,CUST1124,Rahul Smith,Home Office,India,New York,P1003,Mouse,5,583.49
1170,ORD2398,04-07-2023,14-07-2023,Standard Class,CUST3038,Sarah Miller,Consumer,Germany,London,P1003,Mouse,8,4646.6
1171,ORD2122,01-05-2025,08-05-2025,Standard Class,CUST3271,Jane Patel,Consumer,UK,Delhi,P1008,SSD,4,4803.92
1172,ORD2005,12-07-2023,19-07-2023,Invalid Mode,CUST1240,Olivia Gupta,Home Office,Germany,Pune,P1001,Laptop,9,500.22
1173,ORD2341,25-11-2023,04-12-2023,Second Class,CUST2157,Emily Brown,Corporate,USA,New York,P1007,Router,7,2050.98
1174,ORD1772,26-03-2023,03-04-2023,Same Day,CUST1427,Emily Taylor,Corporate,Germany,Toronto,P1001,Laptop,5,2513.19
1175,ORD1588,28-02-2025,01-03-2025,Second Class,CUST1365,David Miller,Home Office,Germany,Delhi,P1001,Laptop,6,3709.32
1176,ORD2094,29-01-2023,30-01-2023,Same Day,CUST1771,Emily Taylor,Consumer,Canada,Delhi,P1005,Headphones,9,1885.58
1177,ORD2431,15-02-2023,19-02-2023,Same Day,CUST1760,Olivia Davis,Home Office,UK,Pune,P1002,Keyboard,4,2501.61
1178,ORD2169,17-10-2024,27-10-2024,Standard Class,CUST2562,Sarah Johnson,Corporate,India,Bangalore,P1001,Laptop,6,4922.79
1179,ORD1798,26-04-2025,30-04-2025,Same Day,CUST1183,Michael Brown,Home Office,USA,New York,P1006,Printer,7,3417.96
1180,ORD2454,03-06-2025,08-06-2025,First Class,CUST2676,Anjali Smith,Corporate,Canada,Toronto,P1004,Monitor,5,4221.04
1181,ORD1388,16-04-2025,24-04-2025,Standard Class,CUST2619,John Gupta,Consumer,USA,Pune,P1005,Headphones,2,620.63
1182,ORD2000,10-03-2023,13-03-2023,Second Class,CUST2050,Sneha Sharma,Corporate,Germany,New York,P1006,Printer,5,4284.77
1183,ORD1535,22-04-2023,24-04-2023,Second Class,CUST1354,Amit Gupta,Consumer,USA,Mumbai,P1007,Router,8,2420.16
1184,ORD1228,23-08-2023,24-08-2023,Second Class,CUST1342,Chris Johnson,Consumer,Canada,London,P1007,Router,8,-100
1185,ORD1905,03-09-2024,04-09-2024,Second Class,CUST2302,John Miller,Consumer,USA,London,P1004,Monitor,5,4613.11
1186,ORD1717,18-04-2024,22-04-2024,Same Day,CUST2556,Michael Wilson,Home Office,India,Bangalore,P1001,Laptop,3,3154.71
1187,ORD1687,04-11-2024,12-11-2024,Same Day,CUST1284,Daniel Davis,Home Office,Germany,New York,P1001,Laptop,9,847.44
1188,ORD2120,22-11-2023,23-11-2023,Standard Class,CUST2679,Amit Taylor,Consumer,Germany,Delhi,P1002,Keyboard,6,1883.34
1189,ORD1293,17-04-2023,21-04-2023,Same Day,CUST1014,Rahul Smith,Corporate,Germany,Pune,P1001,Laptop,4,3822.77
1190,ORD1072,31-07-2024,09-08-2024,Standard Class,CUST2951,Olivia Miller,Home Office,Canada,New York,P1002,Keyboard,10,1964.5
1191,ORD1486,31-12-2099,08-12-2024,First Class,CUST2863,Priya Brown,Corporate,Germany,London,,Headphones,4,764.82
1192,ORD2304,18-01-2025,21-01-2025,First Class,CUST1656,Emily Smith,Corporate,UK,Delhi,P1007,Router,1,2326.66
1193,ORD2455,19-06-2025,28-06-2025,Same Day,CUST1512,Daniel Patel,Consumer,Canada,Toronto,P1004,Monitor,7,2329.88
1194,ORD1926,30-03-2024,06-04-2024,First Class,CUST2383,Emily Sharma,Consumer,Germany,Bangalore,P1008,SSD,4,1123.95
1195,ORD1391,05-08-2024,09-08-2024,Same Day,CUST3245,Daniel Sharma,Corporate,UK,Bangalore,P1006,Printer,7,749.59
1196,ORD1222,09-07-2024,17-07-2024,Same Day,CUST1208,Sarah Davis,Corporate,Germany,Delhi,P1005,Headphones,7,4688.75
1197,ORD1884,04-07-2023,12-07-2023,Second Class,CUST2580,Rahul Brown,Corporate,Germany,Delhi,P1001,Laptop,7,2896.59
1198,ORD1405,04-06-2023,11-06-2023,Same Day,CUST2006,Daniel Brown,Corporate,UK,Mumbai,P1006,Printer,2,3945.46
1199,ORD1175,22-01-2023,23-01-2023,First Class,CUST1368,Emily Patel,Consumer,USA,Bangalore,P1001,Laptop,5,4211.36
1200,ORD1743,30-09-2024,06-10-2024,Same Day,CUST2386,Anjali Brown,Corporate,UK,Pune,P1008,SSD,9,841.07
1201,ORD1311,17-06-2023,24-06-2023,Same Day,CUST1648,Amit Taylor,Home Office,Canada,New York,P1002,Keyboard,4,4881.82
1202,ORD2359,31-05-2023,08-06-2023,Standard Class,CUST1555,Olivia Sharma,Corporate,Canada,Berlin,P1002,Keyboard,3,3847.33
1203,ORD2200,05-12-2024,11-12-2024,Second Class,CUST2832,Olivia Smith,Corporate,Germany,London,P1008,SSD,6,4939.69
1204,ORD1757,12-03-2023,15-03-2023,Invalid Mode,CUST2612,Olivia Brown,Consumer,USA,London,P1003,Mouse,5,3571.47
1205,ORD1170,30-12-2023,09-01-2024,Standard Class,CUST3417,Robert Brown,Corporate,UK,Bangalore,P1008,SSD,9,1437.22
1206,ORD2065,25-01-2023,02-02-2023,Second Class,CUST1213,Sneha Davis,Home Office,UK,New York,P1006,Printer,8,4980.96
1207,ORD1691,11-02-2023,16-02-2023,Standard Class,CUST2363,Amit Smith,Consumer,Germany,Mumbai,P1008,SSD,10,145.1
1208,ORD1779,24-07-2023,01-08-2023,Same Day,CUST1147,Anjali Wilson,Home Office,Canada,London,P1007,Router,6,4025.57
1209,ORD1869,21-02-2024,27-02-2024,First Class,CUST2071,Amit Davis,Corporate,UK,New York,P1003,Mouse,2,4571.12
1210,ORD2375,28-03-2023,03-04-2023,Standard Class,CUST1526,Chris Johnson,Consumer,India,Delhi,P1002,Keyboard,6,371.55
1211,ORD2171,31-03-2025,04-04-2025,Standard Class,CUST1039,Anjali Smith,Home Office,UK,Pune,P1002,Keyboard,3,2934.64
1212,ORD1943,08-10-2024,14-10-2024,Standard Class,CUST1230,Anjali Brown,Consumer,India,Delhi,P1002,Keyboard,2,3605.36
1213,ORD1187,04-01-2023,11-01-2023,Second Class,CUST1204,Anjali Johnson,Corporate,UK,Bangalore,P1004,Monitor,8,4096.88
1214,ORD2450,22-05-2024,01-06-2024,Same Day,CUST2179,Anjali Miller,Consumer,Canada,Delhi,P1003,Mouse,9,81.25
1215,ORD1360,22-07-2023,27-07-2023,Second Class,CUST1507,Anjali Johnson,Consumer,USA,London,P1003,Mouse,4,854
1216,ORD2301,06-05-2025,16-05-2025,Same Day,CUST3075,Sneha Wilson,Consumer,Canada,New York,P1005,Headphones,6,3690.44
1217,ORD2086,08-01-2023,13-01-2023,Second Class,CUST1264,John Johnson,Corporate,UnknownCountry,Mumbai,P1005,Headphones,10,3790.47
1218,ORD1880,23-03-2023,31-03-2023,Standard Class,CUST2304,Rahul Patel,Home Office,Germany,Pune,P1001,Laptop,10,1349.06
1219,ORD1653,06-04-2024,12-04-2024,First Class,CUST3046,David Gupta,Corporate,Germany,Bangalore,P1008,SSD,4,2956.78
1220,ORD1087,08-12-2024,14-12-2024,Same Day,CUST2890,Emily Sharma,Corporate,Canada,Berlin,P1007,Router,3,753.31
1221,ORD1789,05-03-2024,06-03-2024,First Class,CUST2562,Daniel Brown,Corporate,UnknownCountry,Mumbai,P1003,Mouse,7,3967.31
1222,ORD2355,26-06-2023,29-06-2023,Second Class,CUST1388,John Sharma,Corporate,USA,New York,P1003,Mouse,6,1028.89
1223,ORD2018,06-02-2024,09-02-2024,First Class,CUST1932,Sarah Gupta,Home Office,Canada,Toronto,P1005,Headphones,7,4739.29
1224,ORD1327,14-05-2024,15-05-2024,Standard Class,CUST1274,Emily Gupta,Home Office,UK,Delhi,P1006,Printer,4,2617.88
1225,ORD2012,02-04-2025,06-04-2025,Same Day,CUST1053,David Brown,Corporate,UK,Toronto,P1007,Router,10,653.14
1226,ORD1265,26-06-2024,01-07-2024,First Class,CUST1524,Emily Miller,Corporate,India,Mumbai,P1006,Printer,8,1881.54
1227,ORD1504,03-08-2023,09-08-2023,First Class,CUST2950,Chris Wilson,Home Office,UK,London,P1004,Monitor,4,-100
1228,ORD1659,11-03-2025,21-03-2025,Second Class,CUST2020,Priya Miller,Corporate,India,London,P1004,Monitor,9,4409.6
1229,ORD1786,07-02-2025,10-02-2025,Standard Class,CUST3167,Priya Gupta,Home Office,UK,Pune,P1006,Printer,8,1978.4
1230,ORD1395,21-03-2025,26-03-2025,First Class,CUST1241,Priya Davis,Consumer,India,London,P1003,Mouse,6,4132.94
1231,ORD1988,29-07-2024,01-08-2024,First Class,CUST2985,Emily Miller,Home Office,USA,Bangalore,P1005,Headphones,10,3045.15
1232,ORD1605,21-01-2025,22-01-2025,First Class,CUST2016,Chris Sharma,Corporate,India,New York,P1004,Monitor,5,1060.99
1233,ORD1606,26-01-2023,27-01-2023,Standard Class,CUST2509,Priya Brown,Corporate,Canada,Delhi,P1007,Router,10,2248.49
1234,ORD1643,21-04-2023,26-04-2023,First Class,CUST1810,Anjali Miller,Corporate,UK,Delhi,P1008,SSD,10,686.25
1235,ORD1034,07-05-2023,08-05-2023,Same Day,CUST2510,Michael Patel,Home Office,Canada,Mumbai,P1006,Printer,7,3249.33
1236,ORD1810,02-07-2023,08-07-2023,First Class,CUST2327,Rahul Miller,Consumer,Germany,Mumbai,P1001,Laptop,3,2508.55
1237,,24-05-2023,27-05-2023,Second Class,CUST1962,Jane Patel,Corporate,UK,Pune,P1002,Keyboard,7,1750.69
1238,ORD1142,19-05-2024,26-05-2024,Same Day,CUST2621,Anjali Brown,Home Office,India,Bangalore,P1001,Laptop,8,837.35
1239,ORD1534,21-08-2023,25-08-2023,Standard Class,CUST1214,Sneha Davis,Corporate,India,Mumbai,P1001,Laptop,4,3804.71
1240,ORD1312,10-06-2025,13-06-2025,First Class,CUST2587,Chris Sharma,Consumer,Germany,New York,P1006,Printer,8,166.39
1241,ORD2463,14-12-2024,21-12-2024,Standard Class,CUST1819,Rahul Smith,Consumer,USA,Berlin,P1002,Keyboard,1,1779.44
1242,ORD1165,18-08-2024,24-08-2024,Same Day,CUST1871,Michael Taylor,Consumer,Germany,New York,P1003,Mouse,5,2803.5
1243,ORD2046,02-02-2024,05-02-2024,First Class,CUST2370,Sarah Patel,Corporate,Canada,Pune,P1004,Monitor,5,2285.67
1244,ORD1912,09-09-2024,18-09-2024,Second Class,CUST1757,Jane Smith,Corporate,India,Bangalore,P1007,Router,4,3810.81
1245,ORD1611,02-05-2025,06-05-2025,First Class,CUST2899,John Davis,Home Office,UK,Bangalore,P1005,Headphones,9,167.87
1246,ORD1025,10-08-2023,13-08-2023,Second Class,CUST3046,Anjali Sharma,Home Office,UK,Berlin,P1006,Printer,7,3028.97
1247,ORD1338,18-05-2024,26-05-2024,Second Class,CUST1318,Rahul Johnson,Consumer,India,Mumbai,P1005,Headphones,1,4736.6
1248,ORD1000,07-11-2023,15-11-2023,Second Class,CUST1398,John Patel,Consumer,USA,Toronto,P1007,Router,6,426.69
1249,ORD1855,31-10-2024,01-11-2024,Standard Class,CUST1491,David Brown,Corporate,Canada,Bangalore,P1005,Headphones,2,4601.06
1250,ORD2396,22-03-2025,23-03-2025,Second Class,CUST1058,Jane Johnson,Home Office,USA,Berlin,P1008,SSD,10,3489.85
1251,ORD1559,04-10-2023,05-10-2023,Standard Class,CUST1627,Sarah Johnson,Corporate,Canada,Mumbai,P1008,SSD,1,2512.25
1252,ORD1953,27-02-2024,01-03-2024,Standard Class,CUST1258,Chris Wilson,Home Office,UK,Berlin,P1001,Laptop,4,4019.61
1253,ORD1049,18-11-2024,23-11-2024,Second Class,CUST2834,Chris Smith,Home Office,India,Toronto,P1004,Monitor,9,4763.12
1254,ORD2000,21-03-2025,25-03-2025,First Class,CUST2491,Jane Miller,Corporate,Canada,Berlin,P1001,Laptop,9,861.28
1255,ORD2348,16-01-2024,25-01-2024,First Class,CUST2420,Robert Brown,Home Office,Canada,London,P1003,Mouse,8,4918.39
1256,ORD1598,01-06-2023,09-06-2023,First Class,CUST2768,Jane Miller,Corporate,USA,London,P1007,Router,6,3245.05
1257,ORD1923,10-02-2025,19-02-2025,Standard Class,CUST2406,Amit Brown,Home Office,UK,Delhi,P1003,Mouse,10,740.63
1258,ORD1421,24-04-2025,01-05-2025,Same Day,CUST1458,Amit Taylor,Consumer,Germany,Pune,P1002,Keyboard,10,70
1259,ORD2127,11-11-2024,14-11-2024,First Class,CUST3003,Jane Patel,Home Office,UK,Toronto,P1004,Monitor,9,3301.61
1260,ORD1804,13-08-2023,23-08-2023,Same Day,CUST1435,Sarah Gupta,Consumer,USA,Mumbai,P1006,Printer,9,-100
1261,ORD2014,28-05-2023,30-05-2023,Second Class,CUST2663,David Davis,Home Office,India,Bangalore,P1005,Headphones,1,130.29
1262,ORD1605,04-05-2023,08-05-2023,Standard Class,CUST1274,David Gupta,Consumer,Canada,London,P1003,Mouse,7,102.31
1263,ORD2223,04-11-2023,10-11-2023,First Class,CUST1853,David Sharma,Home Office,Germany,Berlin,P1007,Router,10,2987.01
1264,ORD2390,18-05-2024,19-05-2024,First Class,CUST2439,John Wilson,Home Office,Canada,Toronto,P1008,SSD,9,3860.45
1265,ORD1865,06-12-2024,16-12-2024,Same Day,CUST1111,Robert Smith,Corporate,India,Berlin,P1006,Printer,5,2741.49
1266,ORD1169,09-09-2023,11-09-2023,Same Day,CUST2381,Sarah Miller,Corporate,India,London,P1008,SSD,5,2785.5
1267,ORD2441,25-05-2025,02-06-2025,Same Day,CUST1388,John Brown,Home Office,India,Berlin,P1004,Monitor,2,2535.26
1268,ORD1948,09-10-2023,19-10-2023,Standard Class,CUST2037,Rahul Johnson,Home Office,Germany,Berlin,P1007,Router,3,4516.2
1269,ORD1600,24-05-2025,27-05-2025,First Class,CUST3462,Emily Sharma,Consumer,USA,Pune,P1001,Laptop,4,2436.62
1270,ORD1510,06-01-2023,13-01-2023,Same Day,CUST1179,David Brown,Consumer,UK,Berlin,P1003,Mouse,4,3583.45
1271,ORD2435,29-04-2023,01-05-2023,Second Class,CUST1540,Anjali Miller,Home Office,India,Berlin,P1003,Mouse,8,1865.04
1272,ORD2431,16-03-2024,17-03-2024,Standard Class,CUST2714,Priya Smith,Corporate,Canada,Toronto,P1006,Printer,2,372.62
1273,ORD1538,17-06-2025,23-06-2025,Same Day,CUST3077,Olivia Davis,Consumer,India,Mumbai,P1008,SSD,3,477.57
1274,ORD1382,11-11-2024,15-11-2024,First Class,CUST3282,David Gupta,Consumer,USA,Toronto,P1008,SSD,2,2820.35
1275,ORD1475,27-07-2023,30-07-2023,Second Class,CUST2600,John Patel,Consumer,Germany,Mumbai,P1005,Headphones,2,2646.59
1276,ORD1544,22-08-2024,31-08-2024,First Class,CUST1561,Emily Davis,Corporate,USA,Bangalore,P1001,Laptop,8,2417.46
1277,ORD1438,12-04-2023,15-04-2023,Standard Class,CUST1598,Sneha Brown,Home Office,USA,Pune,P1007,Router,8,2591.25
1278,ORD1148,02-08-2024,05-08-2024,Same Day,CUST2481,Sarah Wilson,Corporate,India,Toronto,P1004,Monitor,1,4359.81
1279,ORD1808,29-01-2023,02-02-2023,Same Day,CUST2842,Rahul Davis,Home Office,USA,Berlin,P1006,Printer,10,4749.47
1280,ORD2043,21-02-2024,24-02-2024,First Class,CUST3036,Chris Johnson,Corporate,Germany,Mumbai,P1004,Monitor,7,378.35
1281,ORD1173,22-12-2024,25-12-2024,First Class,CUST2136,Robert Wilson,Corporate,UK,New York,P1001,Laptop,9,3046.21
1282,ORD1631,25-05-2025,02-06-2025,Same Day,CUST3414,Anjali Taylor,Home Office,Germany,Delhi,P1008,SSD,8,1718.52
1283,ORD2416,16-05-2024,22-05-2024,First Class,CUST2098,Olivia Wilson,Corporate,Germany,Bangalore,P1002,Keyboard,6,4637.76
1284,ORD1663,03-09-2023,13-09-2023,First Class,CUST2254,Sarah Patel,Home Office,Canada,New York,P1004,Monitor,5,3008.91
1285,ORD2371,05-11-2024,09-11-2024,First Class,CUST1778,Sneha Patel,Home Office,Germany,London,P1003,Mouse,4,4000.25
1286,ORD2191,16-06-2024,19-06-2024,First Class,CUST2011,Sarah Miller,Home Office,UK,Delhi,P1002,Keyboard,8,1906.24
1287,ORD1802,10-05-2024,15-05-2024,First Class,CUST1599,David Miller,Consumer,UK,Pune,P1008,SSD,7,4074.92
1288,ORD1805,04-01-2023,06-01-2023,First Class,CUST3027,Priya Taylor,Home Office,UK,Toronto,P1004,Monitor,4,1365.22
1289,ORD1875,05-10-2024,13-10-2024,Same Day,CUST2790,Robert Patel,Consumer,USA,Delhi,P1002,Keyboard,2,1838.61
1290,ORD1111,12-02-2023,14-02-2023,Standard Class,CUST3246,Amit Wilson,Consumer,India,Toronto,P1005,Headphones,4,247.69
1291,ORD2352,03-08-2024,04-08-2024,Standard Class,CUST2382,Rahul Wilson,Corporate,Canada,Bangalore,P1001,Laptop,4,1141.17
1292,ORD2236,07-08-2024,12-08-2024,Second Class,CUST1621,John Taylor,Home Office,UK,Bangalore,P1006,Printer,3,4038.27
1293,ORD1784,28-07-2023,06-08-2023,Second Class,CUST1373,Rahul Miller,Corporate,Canada,Pune,P1001,Laptop,2,1268.66
1294,ORD1832,15-08-2023,19-08-2023,Second Class,CUST1710,Olivia Davis,Corporate,India,Mumbai,P1008,SSD,4,3372.25
1295,ORD1891,16-08-2024,26-08-2024,Same Day,CUST1874,Sarah Johnson,Consumer,Canada,Berlin,P1007,Router,8,794.41
1296,ORD1787,21-05-2025,31-05-2025,Standard Class,CUST3217,Chris Wilson,Consumer,Canada,Toronto,P1007,Router,9,1744.33
1297,ORD1042,26-05-2024,04-06-2024,Same Day,CUST3484,Sarah Patel,Consumer,India,Toronto,P1007,Router,3,3950.95
1298,ORD1424,12-08-2023,18-08-2023,Same Day,CUST2122,Sarah Wilson,Consumer,Canada,Berlin,P1006,Printer,1,3448.14
1299,ORD2153,07-09-2023,09-09-2023,Standard Class,CUST2592,Rahul Patel,Corporate,Canada,Mumbai,P1008,SSD,8,2209.64
1300,ORD1912,10-03-2024,12-03-2024,First Class,CUST2426,Sarah Wilson,Corporate,UK,Berlin,P1007,Router,3,884.28
1301,,22-10-2024,31-10-2024,Standard Class,CUST2562,Emily Smith,Consumer,India,Delhi,P1004,Monitor,2,3096.48
1302,ORD2132,21-02-2023,26-02-2023,First Class,CUST2855,Michael Wilson,Consumer,Canada,New York,P1002,Keyboard,3,1183.99
1303,ORD1638,20-06-2023,29-06-2023,Second Class,CUST1377,Rahul Smith,Home Office,USA,New York,P1002,Keyboard,9,2377.73
1304,ORD1866,21-06-2023,25-06-2023,Second Class,CUST3468,Anjali Johnson,Consumer,India,New York,P1001,Laptop,3,2693.07
1305,ORD1947,20-07-2024,26-07-2024,Second Class,CUST3185,Olivia Brown,Consumer,India,London,P1003,Mouse,3,3843.43
1306,ORD2051,12-04-2025,13-04-2025,Same Day,CUST1552,Michael Smith,Corporate,USA,Delhi,P1001,Laptop,4,4315.36
1307,ORD1752,10-08-2024,15-08-2024,Second Class,CUST2863,Michael Johnson,Home Office,USA,Delhi,P1008,SSD,10,3784.84
1308,ORD1137,22-01-2024,25-01-2024,First Class,CUST2887,Amit Gupta,Home Office,Canada,Toronto,P1001,Laptop,9,2359.77
1309,ORD2325,31-12-2099,22-06-2024,First Class,CUST3144,Olivia Sharma,Consumer,UnknownCountry,Berlin,P1007,Router,3,4033.95
1310,ORD1423,17-03-2023,27-03-2023,First Class,CUST1473,Rahul Sharma,Corporate,Canada,New York,P1006,Printer,6,168.19
1311,ORD1997,23-07-2023,24-07-2023,Same Day,CUST1602,Priya Miller,Home Office,USA,New York,P1004,Monitor,7,1260.23
1312,ORD1033,21-08-2023,29-08-2023,Same Day,CUST2635,Priya Gupta,Corporate,USA,Berlin,P1005,Headphones,3,2108.21
1313,ORD1105,09-09-2023,12-09-2023,First Class,CUST2532,John Patel,Corporate,Canada,Toronto,P1002,Keyboard,2,3011.27
1314,ORD1726,20-04-2025,29-04-2025,Standard Class,CUST2963,Jane Patel,Corporate,USA,New York,P1008,SSD,9,871.43
1315,ORD1207,30-05-2023,08-06-2023,Standard Class,CUST1101,Amit Davis,Home Office,Germany,London,P1005,Headphones,1,2269.38
1316,ORD1684,28-03-2025,07-04-2025,First Class,CUST2337,David Patel,Consumer,Germany,Pune,P1008,SSD,8,3804.54
1317,ORD1887,20-02-2025,01-03-2025,Standard Class,CUST1628,Olivia Sharma,Corporate,Canada,New York,P1001,Laptop,3,753.95
1318,ORD1402,06-04-2023,16-04-2023,First Class,CUST2615,Sarah Smith,Consumer,UK,Mumbai,P1007,Router,3,1012.74
1319,ORD2165,18-07-2023,25-07-2023,Same Day,CUST3240,Rahul Wilson,Consumer,India,Pune,P1003,Mouse,3,4301.26
1320,ORD1543,14-01-2025,22-01-2025,Second Class,CUST2918,Olivia Brown,Home Office,Canada,Pune,P1002,Keyboard,2,3363.61
1321,ORD1701,23-09-2024,29-09-2024,First Class,CUST3363,Amit Taylor,Home Office,UK,London,P1008,SSD,9,820.21
1322,ORD2396,05-05-2025,15-05-2025,Second Class,CUST1926,Daniel Smith,Corporate,Canada,New York,P1005,Headphones,6,4702.7
1323,ORD1615,25-05-2024,01-06-2024,First Class,CUST2055,Jane Brown,Home Office,USA,Bangalore,P1001,Laptop,4,2348.52
1324,ORD1313,11-04-2023,20-04-2023,Same Day,CUST2637,Robert Miller,Corporate,UK,Pune,P1006,Printer,4,-100
1325,ORD1985,09-11-2024,11-11-2024,Standard Class,CUST2784,Robert Sharma,Consumer,Canada,Berlin,P1006,Printer,1,1702.24
1326,ORD1758,02-05-2023,07-05-2023,Same Day,CUST3014,Olivia Sharma,Home Office,USA,Toronto,P1004,Monitor,7,4254.78
1327,ORD1586,07-09-2023,17-09-2023,First Class,CUST1652,Rahul Patel,Home Office,Canada,Pune,P1003,Mouse,2,456.37
1328,ORD1017,03-06-2023,12-06-2023,Same Day,CUST1378,Olivia Brown,Consumer,UnknownCountry,Berlin,P1007,Router,3,211.79
1329,ORD1596,31-12-2099,19-05-2025,Standard Class,CUST1165,Michael Wilson,Corporate,India,Mumbai,P1006,Printer,10,457.61
1330,ORD1080,21-09-2024,22-09-2024,Second Class,CUST2600,Daniel Gupta,Consumer,UK,New York,P1004,Monitor,10,4192.41
1331,ORD1146,01-05-2025,11-05-2025,Second Class,CUST1266,Priya Miller,Corporate,USA,Pune,P1005,Headphones,8,3052.09
1332,ORD2411,18-10-2023,19-10-2023,First Class,CUST1666,Anjali Gupta,Corporate,UK,New York,P1007,Router,5,3284.77
1333,ORD1821,04-03-2024,08-03-2024,First Class,CUST1862,Sarah Gupta,Consumer,USA,Mumbai,P1005,Headphones,2,340.8
1334,ORD1241,01-06-2023,01-01-2022,Second Class,CUST1611,Anjali Johnson,Corporate,UK,London,P1008,SSD,10,1234.31
1335,ORD1986,21-03-2024,28-03-2024,First Class,CUST1859,Olivia Gupta,Home Office,India,London,P1002,Keyboard,3,1984.43
1336,ORD1706,09-03-2023,10-03-2023,First Class,CUST2595,Michael Gupta,Corporate,Canada,London,P1001,Laptop,8,707.87
1337,ORD1669,02-02-2025,09-02-2025,Second Class,CUST1030,Daniel Brown,Corporate,Canada,Pune,P1006,Printer,8,4383.83
1338,ORD1685,01-06-2023,02-06-2023,Second Class,CUST3100,Rahul Gupta,Corporate,USA,Delhi,P1003,Mouse,7,240.32
1339,ORD1018,08-10-2024,14-10-2024,First Class,CUST2381,John Johnson,Corporate,Germany,Bangalore,P1006,Printer,4,781.64
1340,ORD2393,05-11-2024,14-11-2024,Same Day,CUST3165,Rahul Miller,Home Office,USA,Toronto,P1005,Headphones,1,2302.01
1341,ORD2472,28-08-2024,06-09-2024,Same Day,CUST1182,David Patel,Consumer,Canada,Pune,P1005,Headphones,8,4156.29
1342,ORD1854,19-04-2024,29-04-2024,First Class,CUST3420,Sarah Gupta,Corporate,UK,Mumbai,P1004,Monitor,4,3358.74
1343,ORD2186,18-09-2023,25-09-2023,Standard Class,CUST3173,Sarah Smith,Consumer,Canada,Bangalore,P1005,Headphones,7,61.14
1344,ORD1097,31-12-2099,24-03-2023,Standard Class,CUST3055,Daniel Wilson,Home Office,India,Berlin,P1007,Router,10,1106.4
1345,ORD2354,19-07-2024,24-07-2024,Second Class,CUST2593,Amit Patel,Consumer,Germany,Bangalore,P1002,Keyboard,1,3441.17
1346,ORD1163,03-12-2023,07-12-2023,Standard Class,CUST1407,Michael Wilson,Consumer,UK,New York,P1008,SSD,7,851.21
1347,ORD1873,28-07-2023,31-07-2023,Standard Class,CUST2182,David Taylor,Home Office,Germany,Pune,P1006,Printer,2,4914.93
1348,ORD1248,23-05-2025,24-05-2025,Standard Class,CUST2106,Michael Johnson,Corporate,UK,Pune,P1004,Monitor,9,3841.7
1349,ORD2094,21-04-2024,30-04-2024,Same Day,CUST2139,Chris Johnson,Corporate,India,London,P1002,Keyboard,3,1970.01
1350,ORD1387,12-07-2024,17-07-2024,Standard Class,CUST1259,Michael Brown,Corporate,USA,Bangalore,P1001,Laptop,8,4956.01
1351,ORD2293,26-12-2023,27-12-2023,Same Day,CUST2771,Jane Taylor,Corporate,USA,Delhi,P1006,Printer,4,3124.32
1352,ORD1990,03-03-2025,13-03-2025,Second Class,CUST3024,Amit Gupta,Corporate,UK,London,P1002,Keyboard,4,4504.85
1353,ORD1074,08-04-2024,12-04-2024,First Class,CUST1070,Sneha Patel,Home Office,UK,Toronto,P1001,Laptop,1,4849.44
1354,ORD1949,29-03-2023,01-04-2023,Standard Class,CUST3428,Michael Gupta,Corporate,Germany,London,P1002,Keyboard,2,3143.49
1355,ORD1066,16-03-2025,22-03-2025,First Class,CUST3199,Daniel Sharma,Corporate,India,Pune,P1004,Monitor,1,4698.29
1356,ORD2361,21-05-2023,26-05-2023,Second Class,CUST2149,Emily Sharma,Consumer,Germany,London,P1007,Router,2,2516.52
1357,ORD1614,21-02-2024,22-02-2024,First Class,CUST2342,Michael Johnson,Consumer,Germany,Pune,P1001,Laptop,6,611.2
1358,ORD1541,25-02-2025,03-03-2025,Standard Class,CUST1748,Rahul Davis,Home Office,India,Bangalore,P1006,Printer,1,1418.75
1359,ORD2126,11-02-2025,20-02-2025,First Class,CUST3262,Sneha Wilson,Consumer,Canada,Mumbai,P1002,Keyboard,5,4598.25
1360,ORD1860,06-04-2023,12-04-2023,Standard Class,CUST1560,Jane Johnson,Home Office,India,Pune,P1005,Headphones,8,260.5
1361,ORD1739,20-02-2024,29-02-2024,First Class,CUST1650,,Consumer,India,London,P1002,Keyboard,3,966.39
1362,ORD2165,18-12-2024,20-12-2024,Same Day,CUST1894,Anjali Brown,Consumer,Germany,Bangalore,P1001,Laptop,7,76.17
1363,ORD2071,15-06-2025,20-06-2025,Same Day,CUST3242,Sarah Smith,Corporate,USA,Toronto,P1004,Monitor,4,4133.88
1364,ORD1599,19-12-2023,22-12-2023,Same Day,CUST3368,David Wilson,Consumer,Germany,Pune,P1007,Router,7,1312.25
1365,ORD2239,24-05-2024,25-05-2024,Same Day,CUST3419,Sarah Wilson,Home Office,USA,Delhi,P1002,Keyboard,10,643.89
1366,ORD2374,12-09-2023,15-09-2023,Second Class,CUST2023,Anjali Smith,Home Office,India,Toronto,P1001,Laptop,3,4827.84
1367,ORD1566,26-04-2023,06-05-2023,Second Class,CUST1453,Daniel Smith,Corporate,India,London,P1001,Laptop,4,2263.02
1368,ORD1301,11-01-2025,13-01-2025,First Class,CUST2683,Robert Taylor,Home Office,UK,Berlin,P1006,Printer,4,4295.89
1369,ORD1298,31-07-2023,07-08-2023,Second Class,CUST1994,Priya Gupta,Corporate,Canada,Mumbai,P1006,Printer,5,65.13
1370,ORD1949,12-06-2023,13-06-2023,Same Day,CUST3147,David Davis,Corporate,India,New York,P1001,Laptop,3,1453.06
1371,ORD1362,12-03-2024,13-03-2024,Standard Class,CUST3402,Priya Patel,Corporate,USA,Berlin,P1008,SSD,4,3457.73
1372,ORD1564,09-05-2025,17-05-2025,First Class,CUST1657,Priya Davis,Corporate,USA,Mumbai,P1007,Router,4,3243.84
1373,ORD1787,13-08-2023,22-08-2023,Standard Class,CUST2096,Anjali Patel,Home Office,UK,Pune,P1003,Mouse,5,4316.91
1374,ORD2057,29-03-2025,03-04-2025,Standard Class,CUST1257,Rahul Johnson,Consumer,UK,New York,P1007,Router,4,3800.8
1375,ORD2368,23-07-2024,02-08-2024,Same Day,CUST3164,John Brown,Consumer,UK,Toronto,P1003,Mouse,10,1739.42
1376,ORD1985,18-07-2023,21-07-2023,First Class,CUST2740,David Wilson,Home Office,USA,Toronto,P1002,Keyboard,10,2847.82
1377,ORD1730,09-04-2023,16-04-2023,Second Class,CUST2003,Emily Smith,Corporate,UK,Berlin,P1008,SSD,4,2685.81
1378,ORD2009,22-08-2023,29-08-2023,Standard Class,CUST1422,Rahul Brown,Consumer,Canada,Mumbai,P1001,Laptop,4,2362.06
1379,ORD2095,26-01-2025,28-01-2025,Same Day,CUST1555,Sarah Davis,Consumer,UK,Pune,P1002,Keyboard,1,1319.46
1380,ORD2203,23-02-2024,25-02-2024,Same Day,CUST1856,Jane Patel,Consumer,Germany,Pune,P1005,Headphones,2,4036.81
1381,ORD2225,03-07-2024,07-07-2024,Same Day,CUST2134,Amit Brown,Home Office,India,Berlin,P1001,Laptop,4,3988.83
1382,ORD1677,13-04-2023,15-04-2023,First Class,CUST1000,Robert Patel,Corporate,Canada,Delhi,P1004,Monitor,1,3707.56
1383,ORD2284,08-08-2024,09-08-2024,Second Class,CUST1704,Daniel Brown,Consumer,India,Delhi,P1005,Headphones,4,4145.02
1384,ORD1404,16-05-2023,21-05-2023,Standard Class,CUST2841,Sarah Miller,Consumer,India,Pune,P1008,SSD,4,1864.88
10,ORD1613,04-05-2025,11-05-2025,Standard Class,CUST1651,Priya Sharma,Consumer,USA,London,P1003,Mouse,1,2688.5
1386,ORD2401,13-05-2025,20-05-2025,Standard Class,CUST1645,Sarah Johnson,Consumer,Canada,Pune,P1002,Keyboard,7,1184.82
1387,ORD1340,30-09-2023,09-10-2023,Same Day,CUST1644,Daniel Miller,Home Office,UnknownCountry,Bangalore,P1006,Printer,8,2153.19
1388,ORD2251,06-05-2025,14-05-2025,First Class,CUST2065,Rahul Davis,Home Office,India,Bangalore,P1005,Headphones,7,1512.89
1389,ORD2096,21-04-2024,23-04-2024,Second Class,CUST1220,Sarah Taylor,Consumer,Germany,Berlin,P1002,Keyboard,7,4551.2
1390,ORD2189,30-12-2024,02-01-2025,Second Class,CUST3207,Olivia Davis,Consumer,USA,Mumbai,P1001,Laptop,9,4298.6
1391,ORD2113,17-03-2023,21-03-2023,First Class,CUST3150,Amit Johnson,Corporate,UK,London,P1002,Keyboard,9,724.09
1392,ORD1365,15-02-2023,22-02-2023,Second Class,CUST1572,Chris Davis,Home Office,India,Delhi,P1008,SSD,10,2239.62
1393,ORD1864,08-01-2025,17-01-2025,First Class,CUST2887,Michael Wilson,Corporate,India,Mumbai,P1002,Keyboard,1,3911.24
1394,ORD2361,08-12-2024,09-12-2024,Standard Class,CUST2320,Michael Miller,Consumer,India,Bangalore,P1001,Laptop,8,4767.79
1395,ORD1201,25-03-2024,03-04-2024,Standard Class,CUST3477,John Brown,Corporate,UK,Toronto,P1006,Printer,2,3983.71
1396,ORD2032,23-10-2024,28-10-2024,First Class,CUST1652,Jane Taylor,Consumer,Germany,Berlin,P1005,Headphones,5,2481.14
1397,ORD1156,04-06-2023,07-06-2023,Standard Class,CUST2286,Robert Gupta,Consumer,Germany,Toronto,P1005,Headphones,8,179.94
1398,ORD2227,20-02-2023,21-02-2023,Second Class,CUST2547,Emily Patel,Consumer,UK,New York,P1005,Headphones,9,792.3
1399,ORD1773,30-07-2024,01-01-2022,Same Day,CUST1611,Chris Wilson,Home Office,USA,London,P1004,Monitor,6,3323.55
1400,ORD1749,14-11-2023,17-11-2023,Standard Class,CUST3263,Anjali Smith,Home Office,Canada,Mumbai,P1007,Router,7,1079.19
1401,ORD1840,08-09-2024,18-09-2024,First Class,CUST1069,Chris Miller,Home Office,Germany,Delhi,P1008,SSD,3,369.35
1402,ORD1548,01-04-2025,02-04-2025,Same Day,CUST2035,Daniel Taylor,Consumer,Germany,Mumbai,P1002,Keyboard,5,3146.61
1403,ORD1529,27-05-2025,30-05-2025,Same Day,CUST2019,Amit Davis,Corporate,USA,Pune,P1008,SSD,7,1375.61
1404,ORD1317,20-11-2024,22-11-2024,Same Day,CUST2208,Anjali Brown,Home Office,Germany,New York,P1003,Mouse,7,1523.05
1405,ORD1042,06-09-2023,13-09-2023,First Class,CUST3164,Robert Davis,Consumer,UK,New York,P1003,Mouse,2,2336.73
1406,ORD1083,21-04-2025,28-04-2025,Same Day,CUST1641,Emily Patel,Corporate,India,Delhi,P1005,Headphones,7,3953.86
1407,ORD2476,22-11-2024,28-11-2024,Second Class,CUST2203,Sarah Smith,Home Office,UnknownCountry,Berlin,P1006,Printer,7,1573.26
1408,ORD1573,02-06-2025,07-06-2025,Second Class,CUST1446,Emily Davis,Home Office,Germany,Delhi,P1001,Laptop,5,1691.18
1409,ORD1274,21-04-2024,01-01-2022,First Class,CUST1153,David Smith,Corporate,USA,Bangalore,P1001,Laptop,4,1084.24
1410,ORD1727,18-07-2023,27-07-2023,First Class,CUST1500,Robert Davis,Consumer,India,Pune,P1005,Headphones,2,3570.96
1411,ORD1931,22-06-2024,30-06-2024,Standard Class,CUST3484,Sarah Davis,Home Office,India,Bangalore,P1002,Keyboard,8,1123.07
1412,ORD1829,21-10-2024,27-10-2024,Standard Class,CUST2665,Daniel Smith,Home Office,India,Pune,P1004,Monitor,10,3818.7
1413,ORD2017,15-02-2025,21-02-2025,Standard Class,CUST2891,Amit Sharma,Home Office,Germany,Mumbai,P1007,Router,1,4561.98
1414,ORD1427,20-04-2025,21-04-2025,Standard Class,CUST2370,Chris Sharma,Consumer,Germany,Delhi,P1001,Laptop,10,2643.16
1415,ORD1026,08-09-2023,15-09-2023,Same Day,CUST3037,David Wilson,Home Office,India,Toronto,P1006,Printer,1,4417.29
1416,ORD2392,07-08-2023,14-08-2023,First Class,CUST1548,Olivia Smith,Consumer,UK,Pune,P1006,Printer,2,4360.67
1417,ORD2309,01-03-2025,11-03-2025,Standard Class,CUST3208,David Davis,Consumer,Canada,Berlin,P1005,Headphones,6,4198.42
1418,ORD2201,23-05-2023,30-05-2023,Second Class,CUST1645,,Home Office,Germany,Delhi,P1004,Monitor,2,1238.7
1419,ORD1563,10-12-2023,01-01-2022,Standard Class,CUST1377,David Smith,Home Office,UK,Delhi,P1007,Router,9,2703.72
1420,ORD1087,29-04-2025,05-05-2025,First Class,CUST1973,Priya Sharma,Corporate,Canada,Mumbai,P1001,Laptop,9,3483.75
1421,ORD1238,03-02-2025,06-02-2025,Standard Class,CUST1172,Sarah Smith,Home Office,USA,London,P1007,Router,7,2019.26
1422,ORD2244,01-04-2023,02-04-2023,Second Class,CUST2866,Jane Patel,Home Office,USA,Pune,P1007,Router,3,3849.59
1423,ORD1520,15-12-2023,21-12-2023,Same Day,CUST3085,Amit Brown,Corporate,Germany,Pune,P1001,Laptop,8,3150.57
1424,ORD1993,10-03-2024,19-03-2024,Second Class,CUST3148,Daniel Wilson,Corporate,India,Pune,P1003,Mouse,4,-100
1425,ORD2135,06-01-2023,15-01-2023,Second Class,CUST2403,David Davis,Corporate,Germany,Delhi,P1008,SSD,7,278.3
1426,ORD1478,22-10-2024,28-10-2024,Standard Class,CUST1419,Sneha Patel,Corporate,India,Mumbai,P1002,Keyboard,9,1872.8
13,ORD2156,17-08-2024,19-08-2024,First Class,CUST3351,Michael Smith,Home Office,Canada,New York,P1005,Headphones,10,4046.26
1428,ORD1825,13-02-2025,23-02-2025,Same Day,CUST2214,Daniel Taylor,Home Office,Germany,Berlin,P1007,Router,2,4451.3
1429,ORD1605,29-05-2023,07-06-2023,Same Day,CUST3329,Sarah Brown,Corporate,Germany,Pune,P1006,Printer,5,155.3
1430,ORD2024,14-11-2023,24-11-2023,Second Class,CUST1779,Jane Brown,Consumer,UK,Delhi,P1004,Monitor,7,2050.85
1431,ORD2146,26-02-2023,05-03-2023,Same Day,CUST1634,Robert Johnson,Corporate,Canada,Mumbai,P1001,Laptop,8,910.88
1432,ORD1442,13-11-2023,22-11-2023,Second Class,CUST2334,Sneha Miller,Corporate,USA,Delhi,P1004,Monitor,9,3797.21
1433,ORD1583,27-04-2025,28-04-2025,Same Day,CUST1482,Michael Miller,Home Office,Canada,London,P1006,Printer,1,2768.8
1434,ORD1301,20-02-2024,01-03-2024,Second Class,CUST2778,Sneha Wilson,Consumer,UnknownCountry,Toronto,P1006,Printer,10,1922.57
1435,ORD1833,07-10-2024,09-10-2024,Standard Class,CUST3301,Priya Sharma,Consumer,USA,Bangalore,P1004,Monitor,9,1602.79
1436,ORD1689,07-02-2025,09-02-2025,Second Class,CUST2093,Robert Taylor,Consumer,USA,New York,P1005,Headphones,9,1395.91
1437,ORD1083,25-05-2025,26-05-2025,Same Day,CUST1916,John Smith,Home Office,Germany,Toronto,P1003,Mouse,10,1983.83
1438,ORD1797,06-03-2023,07-03-2023,Same Day,CUST3063,Sarah Johnson,Consumer,USA,London,P1002,Keyboard,1,287.18
1439,ORD1135,20-01-2024,29-01-2024,Invalid Mode,CUST1328,David Miller,Consumer,UK,Mumbai,P1001,Laptop,8,2068.57
1440,ORD1362,02-06-2025,11-06-2025,Same Day,CUST2684,Sneha Brown,Consumer,UK,Bangalore,P1004,Monitor,5,1387.1
1441,ORD2014,27-03-2024,04-04-2024,Same Day,CUST1664,John Gupta,Consumer,Canada,Toronto,P1005,Headphones,3,3001.74
1442,ORD1705,20-01-2023,29-01-2023,Same Day,CUST2942,,Consumer,USA,Pune,P1002,Keyboard,5,162.54
1443,ORD2073,21-11-2024,30-11-2024,Standard Class,CUST1799,Sarah Davis,Corporate,USA,Pune,P1005,Headphones,3,4773.26
1444,ORD1643,02-01-2024,05-01-2024,First Class,CUST2643,Jane Gupta,Home Office,India,Berlin,P1004,Monitor,1,1064.34
1445,ORD1336,25-11-2024,27-11-2024,Second Class,CUST1001,Robert Johnson,Consumer,Canada,Bangalore,P1002,Keyboard,9,4898.74
1446,ORD1650,16-05-2023,24-05-2023,First Class,CUST2540,Jane Davis,Consumer,Canada,Pune,P1008,SSD,9,1518.8
1447,ORD1541,29-08-2024,30-08-2024,First Class,CUST1195,Michael Sharma,Corporate,Germany,Mumbai,P1003,Mouse,2,2184.24
1448,ORD1583,24-02-2023,28-02-2023,Second Class,CUST2024,Daniel Johnson,Corporate,Canada,Pune,P1008,SSD,3,4529.96
1449,ORD2023,14-11-2024,23-11-2024,Second Class,CUST1307,John Brown,Home Office,India,Berlin,P1003,Mouse,10,2704.41
1450,ORD1373,15-04-2023,19-04-2023,Same Day,CUST1702,Rahul Taylor,Corporate,Canada,Berlin,P1005,Headphones,4,3801.5
1451,ORD1474,14-06-2025,23-06-2025,Standard Class,CUST3110,Michael Taylor,Home Office,UK,Toronto,P1004,Monitor,1,1725.43
1452,ORD2172,07-02-2025,15-02-2025,Invalid Mode,CUST3410,Amit Sharma,Corporate,India,Berlin,P1001,Laptop,8,3515.55
1453,ORD1824,31-05-2025,08-06-2025,Same Day,CUST3122,Chris Brown,Consumer,UK,Mumbai,P1004,Monitor,7,2726.07
1454,ORD1172,05-11-2024,08-11-2024,Second Class,CUST2430,Emily Brown,Consumer,Canada,London,P1003,Mouse,1,3897.57
1455,ORD2104,03-04-2024,05-04-2024,Same Day,CUST3332,Michael Johnson,Home Office,USA,Pune,P1005,Headphones,10,736.78
1456,ORD2162,12-02-2024,20-02-2024,Invalid Mode,CUST1963,Robert Miller,Home Office,Germany,New York,P1001,Laptop,9,4346.98
1457,ORD1324,10-05-2023,11-05-2023,Standard Class,CUST3478,Anjali Davis,Home Office,Germany,Toronto,P1006,Printer,10,3597.92
1458,ORD1513,03-06-2024,08-06-2024,First Class,CUST3480,Emily Miller,Home Office,Germany,Pune,P1003,Mouse,2,1453.65
1459,ORD1925,03-10-2024,12-10-2024,Standard Class,CUST2807,Jane Patel,Consumer,USA,Toronto,P1008,SSD,8,1982.96
1460,ORD1401,06-07-2024,09-07-2024,Same Day,CUST2125,Robert Johnson,Home Office,India,Berlin,P1001,Laptop,8,3071.64
1461,ORD2008,29-01-2024,07-02-2024,Same Day,CUST3071,Priya Brown,Consumer,UK,Bangalore,P1003,Mouse,8,4971.25
1462,ORD1078,20-03-2025,29-03-2025,Standard Class,CUST2632,Sneha Brown,Home Office,USA,London,P1006,Printer,1,3492.73
1463,ORD1061,10-11-2024,16-11-2024,Same Day,CUST2359,Sneha Gupta,Home Office,India,Mumbai,P1007,Router,2,881.2
1464,ORD2109,30-06-2023,06-07-2023,First Class,CUST2028,Michael Taylor,Corporate,Canada,Toronto,P1006,Printer,4,744.75
1465,ORD2252,29-10-2023,01-11-2023,Second Class,CUST3181,Anjali Miller,Corporate,Canada,Bangalore,P1004,Monitor,4,2753.6
1466,ORD2172,16-04-2023,22-04-2023,Second Class,CUST2067,Jane Patel,Consumer,Germany,London,P1007,Router,8,930.6
1467,ORD1703,03-02-2024,06-02-2024,Same Day,CUST3413,Sarah Davis,Corporate,Germany,London,P1003,Mouse,2,1156.59
1468,ORD2033,19-04-2023,28-04-2023,First Class,CUST2498,John Gupta,Home Office,UK,Toronto,P1007,Router,9,1655.66
1469,ORD2249,25-11-2023,03-12-2023,First Class,CUST1918,John Davis,Corporate,Germany,Pune,P1005,Headphones,9,4130.43
1470,ORD1152,02-05-2025,04-05-2025,Same Day,CUST1675,John Davis,Home Office,UK,Bangalore,P1008,SSD,5,3977.58
1471,ORD1176,08-05-2025,14-05-2025,Same Day,CUST2259,Jane Patel,Corporate,Canada,Pune,P1004,Monitor,6,4146.62
1472,ORD1414,20-04-2023,24-04-2023,First Class,CUST1878,Daniel Sharma,Corporate,Germany,Pune,P1003,Mouse,4,4004.08
1473,ORD1916,21-05-2025,27-05-2025,Standard Class,CUST2088,Daniel Brown,Home Office,India,New York,P1001,Laptop,2,224.2
1474,ORD1724,01-07-2023,09-07-2023,Standard Class,CUST3423,Amit Gupta,Home Office,India,Delhi,P1007,Router,8,83.3
1475,ORD1739,13-05-2023,17-05-2023,Same Day,CUST1666,Olivia Brown,Corporate,Germany,Toronto,P1006,Printer,7,338.93
1476,ORD1664,03-06-2025,13-06-2025,Same Day,CUST3207,Priya Wilson,Corporate,USA,Delhi,P1007,Router,8,3545.2
1477,ORD2044,12-12-2023,17-12-2023,Same Day,CUST2489,Chris Patel,Home Office,Germany,New York,P1006,Printer,3,2535.05
1478,ORD1623,21-09-2024,23-09-2024,Invalid Mode,CUST2361,John Brown,Consumer,India,Mumbai,P1002,Keyboard,3,4018.03
1479,ORD1762,16-10-2024,20-10-2024,Standard Class,CUST1968,Michael Johnson,Corporate,UK,Pune,P1004,Monitor,4,77.57
1480,ORD1696,07-05-2024,08-05-2024,Same Day,CUST3275,Anjali Brown,Home Office,India,New York,P1004,Monitor,5,1457.6
1481,ORD2064,21-06-2024,01-07-2024,Same Day,CUST3402,Rahul Gupta,Consumer,Canada,Bangalore,P1007,Router,7,2272.57
1482,ORD2305,18-03-2025,26-03-2025,Same Day,CUST1613,Anjali Smith,Consumer,UK,Delhi,P1005,Headphones,6,1475.17
1483,ORD1142,22-06-2024,26-06-2024,Standard Class,CUST1547,Sarah Johnson,Consumer,USA,Delhi,P1003,Mouse,1,3153.21
1484,ORD2278,05-04-2023,06-04-2023,Standard Class,CUST1368,Amit Davis,Corporate,UK,Berlin,P1007,Router,3,1059.59
1485,ORD2132,19-04-2024,25-04-2024,Second Class,CUST2931,Robert Taylor,Home Office,India,Berlin,P1001,Laptop,3,3945.27
1486,ORD1716,06-05-2024,14-05-2024,First Class,CUST2487,Amit Wilson,Corporate,USA,Toronto,P1006,Printer,3,4320.55
1487,ORD1066,30-11-2023,03-12-2023,Same Day,CUST2566,Olivia Taylor,Consumer,India,Toronto,P1002,Keyboard,1,2769.4
1488,ORD1372,05-01-2025,13-01-2025,Same Day,CUST1719,Jane Gupta,Home Office,USA,Bangalore,P1002,Keyboard,8,3946.7
1489,ORD2491,11-08-2023,21-08-2023,Standard Class,CUST2334,Michael Brown,Consumer,Germany,Bangalore,P1003,Mouse,7,4413.72
1490,ORD1206,20-01-2025,27-01-2025,Standard Class,CUST2241,Sarah Taylor,Home Office,USA,Bangalore,P1006,Printer,3,1659.26
1491,ORD1744,20-12-2024,24-12-2024,First Class,CUST3277,David Wilson,Corporate,India,Berlin,P1004,Monitor,8,3698.72
1492,ORD2009,13-08-2023,16-08-2023,First Class,CUST2012,John Miller,Corporate,UK,New York,P1007,Router,10,4063.28
1493,ORD2020,17-09-2024,19-09-2024,Same Day,CUST3472,Daniel Miller,Corporate,India,Delhi,P1003,Mouse,10,912.94
1494,ORD1143,15-06-2023,16-06-2023,Second Class,CUST3440,Priya Taylor,Corporate,India,Bangalore,P1006,Printer,8,3554.2
1495,ORD1669,22-05-2023,01-06-2023,Second Class,CUST1611,John Johnson,Consumer,UK,Toronto,P1004,Monitor,1,2762.5
1496,ORD1354,08-02-2023,09-02-2023,Same Day,CUST3484,Chris Gupta,Home Office,Germany,Berlin,P1005,Headphones,6,3433.81
1497,ORD2419,27-01-2025,02-02-2025,Second Class,CUST1969,,Corporate,India,Mumbai,P1006,Printer,4,135.82
1498,ORD1618,30-08-2023,06-09-2023,First Class,CUST1448,Priya Johnson,Corporate,USA,Bangalore,P1002,Keyboard,10,4497.77
1499,ORD1191,24-01-2023,27-01-2023,First Class,CUST1098,Jane Wilson,Consumer,Canada,New York,P1003,Mouse,9,1004.61
1500,ORD2253,23-04-2025,27-04-2025,Same Day,CUST2925,Jane Davis,Home Office,Germany,Berlin,P1001,Laptop,2,3063.05
1501,ORD1235,29-05-2023,05-06-2023,Second Class,CUST1621,Jane Davis,Consumer,India,Berlin,P1001,Laptop,7,2359.44
1502,ORD2352,23-05-2023,24-05-2023,Standard Class,CUST1474,Jane Sharma,Corporate,India,Delhi,P1002,Keyboard,3,257.16
1503,ORD2264,08-01-2025,09-01-2025,Second Class,CUST2404,Sneha Taylor,Corporate,USA,Bangalore,P1008,SSD,10,3746.53
1504,ORD1438,07-02-2023,12-02-2023,Same Day,CUST2557,Emily Davis,Home Office,India,Delhi,P1004,Monitor,8,3270.6
1505,ORD2362,10-04-2025,15-04-2025,Second Class,CUST2155,Michael Johnson,Consumer,UK,Mumbai,P1002,Keyboard,9,3431.06
1506,ORD2280,21-06-2024,24-06-2024,Standard Class,CUST3361,Sneha Patel,Consumer,USA,New York,P1006,Printer,7,687.6
1507,ORD2211,18-07-2023,24-07-2023,Same Day,CUST1270,Chris Smith,Consumer,Germany,London,P1006,Printer,3,3907.13
1508,ORD2194,23-05-2024,24-05-2024,Second Class,CUST2858,Jane Brown,Corporate,USA,Toronto,P1002,Keyboard,6,2770.99
1509,ORD2105,11-01-2024,18-01-2024,Second Class,CUST1868,Daniel Smith,Corporate,India,Delhi,P1005,Headphones,1,747.19
1510,ORD1986,25-02-2023,04-03-2023,First Class,CUST1663,Priya Davis,Home Office,Canada,New York,P1002,Keyboard,1,873.44
1511,ORD2268,04-03-2023,12-03-2023,Same Day,CUST2745,Daniel Miller,Consumer,Canada,Bangalore,P1002,Keyboard,3,676.09
1512,ORD1576,27-06-2024,29-06-2024,First Class,CUST2069,Daniel Brown,Home Office,India,Bangalore,P1006,Printer,5,210.3
1513,ORD1120,08-05-2023,09-05-2023,Same Day,CUST3033,Rahul Gupta,Corporate,Canada,New York,P1006,Printer,10,371.17
1514,ORD1906,27-08-2024,02-09-2024,First Class,CUST2741,Daniel Brown,Consumer,UK,Berlin,P1006,Printer,2,727.45
1515,ORD1514,17-04-2024,24-04-2024,Standard Class,CUST1180,Amit Smith,Consumer,Germany,Pune,P1001,Laptop,1,1075.74
1516,ORD1844,21-07-2024,25-07-2024,Same Day,CUST2632,David Johnson,Corporate,USA,Toronto,P1002,Keyboard,9,260.99
1517,ORD1026,13-06-2024,15-06-2024,Same Day,CUST1439,,Consumer,India,London,P1006,Printer,1,2344.1
1518,ORD1400,04-06-2024,05-06-2024,Same Day,CUST1416,Sarah Smith,Corporate,USA,London,P1007,Router,2,4845.44
1519,ORD1589,05-01-2024,14-01-2024,Same Day,CUST2229,Sarah Sharma,Consumer,India,Bangalore,P1005,Headphones,1,136.28
1520,ORD1891,06-07-2023,12-07-2023,Same Day,CUST2744,Anjali Sharma,Home Office,UK,Berlin,P1006,Printer,1,1062.58
1521,ORD2149,31-12-2099,12-01-2023,Second Class,CUST3486,Robert Brown,Corporate,UK,Toronto,P1004,Monitor,7,2212.2
1522,ORD1304,22-03-2023,28-03-2023,Second Class,CUST1566,Anjali Gupta,Consumer,India,Mumbai,P1002,Keyboard,5,2044.77
1523,ORD1871,13-04-2023,18-04-2023,Standard Class,CUST1277,Chris Johnson,Consumer,Canada,Berlin,P1006,Printer,8,665.4
1524,ORD1516,08-02-2023,09-02-2023,Second Class,CUST3227,Chris Taylor,Consumer,Germany,New York,P1005,Headphones,10,64.98
1525,ORD1510,14-11-2024,16-11-2024,Second Class,CUST1173,David Miller,Home Office,Germany,Mumbai,P1006,Printer,10,1523.26
1526,ORD2224,21-04-2025,29-04-2025,Same Day,CUST1916,Sneha Johnson,Consumer,Canada,Berlin,P1007,Router,2,4077.64
1527,ORD1782,09-09-2024,18-09-2024,Standard Class,CUST2682,Olivia Sharma,Consumer,USA,Bangalore,P1005,Headphones,8,1468.94
1528,ORD1100,11-05-2024,19-05-2024,Second Class,CUST1955,Daniel Brown,Corporate,Canada,Delhi,P1005,Headphones,4,3697.99
1529,ORD2055,16-11-2024,26-11-2024,Standard Class,CUST3500,Priya Smith,Consumer,UK,Delhi,P1005,Headphones,7,4248.2
1530,ORD2352,23-05-2023,24-05-2023,Same Day,CUST1208,Amit Gupta,Home Office,USA,Pune,P1004,Monitor,2,2083.17
1531,ORD1324,07-11-2024,08-11-2024,Standard Class,CUST3235,Chris Johnson,Consumer,UK,Berlin,P1005,Headphones,3,4492.36
1532,ORD1171,31-03-2024,01-04-2024,Standard Class,CUST1289,Amit Sharma,Corporate,UK,Delhi,P1005,Headphones,3,3801.27
1533,ORD1924,31-12-2023,09-01-2024,Same Day,CUST3076,Emily Gupta,Consumer,Germany,Delhi,P1004,Monitor,1,4068.76
1534,ORD1531,07-07-2024,08-07-2024,Same Day,CUST2311,Priya Johnson,Consumer,USA,Toronto,P1007,Router,10,471.38
1535,ORD2219,17-02-2024,01-01-2022,Second Class,CUST3092,Olivia Gupta,Home Office,Germany,New York,P1002,Keyboard,3,3019.51
1536,ORD1867,27-07-2024,05-08-2024,Same Day,CUST2606,Rahul Gupta,Home Office,India,New York,P1003,Mouse,1,2964.77
1537,ORD1469,31-12-2024,02-01-2025,Standard Class,CUST3379,Robert Johnson,Corporate,Canada,Mumbai,P1005,Headphones,8,4502.96
1538,ORD2315,12-09-2023,15-09-2023,First Class,CUST3265,Amit Davis,Corporate,Canada,London,P1008,SSD,2,3906.2
1539,ORD1942,17-08-2024,24-08-2024,First Class,CUST1185,Olivia Miller,Corporate,UK,Toronto,P1003,Mouse,7,2756.65
1540,ORD2475,29-09-2023,09-10-2023,Standard Class,CUST2088,Priya Taylor,Corporate,USA,Pune,P1007,Router,8,107.5
1541,ORD2148,13-12-2023,15-12-2023,Second Class,CUST1654,Olivia Patel,Home Office,USA,Toronto,P1007,Router,5,2735.97
1542,ORD1256,01-01-2023,10-01-2023,First Class,CUST3189,Robert Taylor,Home Office,Germany,Bangalore,P1004,Monitor,10,253.39
1543,ORD1892,21-05-2023,26-05-2023,Same Day,CUST1619,Chris Taylor,Corporate,UnknownCountry,Pune,P1007,Router,7,159.17
1544,ORD1129,02-04-2023,07-04-2023,Second Class,CUST1462,Rahul Davis,Corporate,Germany,Delhi,P1002,Keyboard,4,3587.94
1545,ORD1221,27-08-2023,31-08-2023,Same Day,CUST1001,Emily Brown,Consumer,India,New York,P1008,SSD,6,2803.65
1546,ORD1193,15-02-2024,21-02-2024,Second Class,CUST2475,Olivia Wilson,Corporate,Canada,Delhi,P1001,Laptop,5,666.62
1547,ORD1199,15-03-2024,21-03-2024,Second Class,CUST2184,David Smith,Home Office,Canada,Toronto,P1001,Laptop,2,2376.73
1548,ORD1991,04-02-2025,06-02-2025,First Class,CUST3435,Amit Miller,Home Office,India,Mumbai,P1003,Mouse,7,2335.54
1549,ORD2128,29-05-2023,31-05-2023,Standard Class,CUST2813,David Sharma,Home Office,India,Bangalore,P1005,Headphones,6,3131.61
1550,ORD1807,03-10-2024,10-10-2024,Same Day,CUST3205,Rahul Davis,Home Office,Germany,Toronto,P1005,Headphones,10,2770.28
1551,ORD1638,02-06-2024,09-06-2024,Standard Class,CUST2340,Emily Miller,Corporate,UnknownCountry,Mumbai,P1005,Headphones,2,664.38
1552,ORD1276,09-01-2025,19-01-2025,Standard Class,CUST2956,Emily Davis,Home Office,Canada,Mumbai,P1003,Mouse,6,611.27
1553,ORD1971,22-03-2023,29-03-2023,Second Class,CUST3441,Amit Taylor,Corporate,USA,Toronto,P1001,Laptop,6,1280.34
1554,ORD2452,25-10-2024,28-10-2024,First Class,CUST2342,Emily Miller,Consumer,Canada,Berlin,P1002,Keyboard,1,293.3
1555,ORD2216,02-11-2024,12-11-2024,Second Class,CUST2223,Amit Miller,Corporate,USA,Mumbai,P1005,Headphones,5,4606.52
1556,ORD1768,29-11-2024,04-12-2024,Same Day,CUST3037,Robert Smith,Corporate,Canada,New York,P1007,Router,3,121.06
1557,ORD1636,19-11-2023,26-11-2023,Same Day,CUST2814,,Consumer,Germany,Berlin,P1006,Printer,5,3851.63
1558,ORD1452,16-07-2023,25-07-2023,Same Day,CUST1535,Sarah Patel,Corporate,Canada,Toronto,P1001,Laptop,3,4278.73
1559,ORD1377,27-02-2025,06-03-2025,First Class,CUST1221,Jane Sharma,Home Office,UK,London,P1006,Printer,4,4630.49
1560,ORD1018,12-12-2024,19-12-2024,Second Class,CUST1485,Michael Brown,Corporate,USA,Berlin,P1003,Mouse,7,4823.45
1561,ORD1979,11-12-2024,19-12-2024,Same Day,CUST1550,,Home Office,India,Toronto,P1005,Headphones,1,563.1
1562,ORD1362,15-10-2023,17-10-2023,First Class,CUST3061,Daniel Wilson,Home Office,Germany,Toronto,P1002,Keyboard,1,80.29
1563,ORD2099,16-01-2023,18-01-2023,Invalid Mode,CUST2970,Anjali Gupta,Home Office,USA,Bangalore,P1008,SSD,2,905.8
1564,ORD2219,02-01-2024,10-01-2024,First Class,CUST2827,Michael Sharma,Corporate,USA,Toronto,P1001,Laptop,2,779.01
1565,ORD1227,18-06-2023,19-06-2023,First Class,CUST1937,Anjali Gupta,Corporate,USA,Toronto,P1004,Monitor,6,3497.35
1566,,31-01-2024,09-02-2024,Same Day,CUST3269,Emily Brown,Corporate,UK,Delhi,P1001,Laptop,5,683.19
1567,ORD2375,24-07-2024,28-07-2024,First Class,CUST2482,Chris Wilson,Consumer,India,Toronto,P1006,Printer,5,1562.24
1568,ORD1752,20-10-2023,28-10-2023,Second Class,CUST1806,Daniel Johnson,Consumer,USA,Bangalore,P1006,Printer,3,4676.54
1569,ORD1916,20-10-2023,29-10-2023,Standard Class,CUST2846,Priya Sharma,Consumer,USA,New York,P1008,SSD,3,2471.96
1570,ORD1062,16-07-2023,25-07-2023,Second Class,CUST1298,Olivia Gupta,Corporate,India,Mumbai,P1007,Router,2,3053.37
1571,ORD1792,10-09-2023,11-09-2023,First Class,CUST1796,John Sharma,Home Office,USA,London,P1005,Headphones,9,2540.05
1572,ORD1296,01-10-2023,11-10-2023,First Class,CUST1940,Olivia Wilson,Consumer,India,Pune,P1004,Monitor,9,392.16
1573,ORD1811,27-03-2024,04-04-2024,Standard Class,CUST2740,Emily Brown,Corporate,UK,New York,P1005,Headphones,6,1345.18
1574,ORD1875,24-02-2023,05-03-2023,First Class,CUST1270,Priya Miller,Home Office,USA,Berlin,P1004,Monitor,9,580.41
1575,ORD2314,03-12-2024,09-12-2024,Standard Class,CUST1602,,Home Office,Germany,New York,P1004,Monitor,9,3689.94
1576,ORD2274,04-08-2024,14-08-2024,Second Class,CUST3452,John Wilson,Corporate,Canada,Delhi,P1007,Router,8,568.04
1577,ORD1920,28-11-2024,01-12-2024,Same Day,CUST1952,John Johnson,Home Office,Germany,Toronto,P1005,Headphones,5,916.4
1578,ORD1270,28-07-2023,06-08-2023,Same Day,CUST1666,Amit Davis,Consumer,Germany,Pune,P1004,Monitor,3,4880.14
1579,ORD2323,06-11-2024,15-11-2024,Standard Class,CUST2605,Olivia Brown,Home Office,USA,Delhi,P1008,SSD,9,4341.32
1580,ORD1101,29-12-2024,08-01-2025,Second Class,CUST1596,Jane Smith,Consumer,India,Delhi,P1004,Monitor,4,919.86
1581,ORD1004,17-01-2023,19-01-2023,Invalid Mode,CUST2777,Robert Johnson,Consumer,India,Berlin,P1007,Router,7,652.43
1582,ORD2121,27-03-2023,01-04-2023,First Class,CUST2571,Chris Johnson,Corporate,India,Bangalore,P1004,Monitor,9,1482.35
1583,ORD1653,27-10-2024,31-10-2024,Standard Class,CUST2976,David Sharma,Home Office,USA,Bangalore,P1002,Keyboard,6,1581.18
1584,ORD2205,20-11-2023,22-11-2023,Standard Class,CUST1813,Anjali Smith,Corporate,Canada,Delhi,P1001,Laptop,1,1881.79
1585,ORD1571,04-12-2023,14-12-2023,Same Day,CUST1305,Emily Smith,Home Office,India,Toronto,P1007,Router,7,4863.6
1586,ORD2368,04-02-2024,11-02-2024,Standard Class,CUST1302,John Sharma,Corporate,UK,Pune,P1005,Headphones,2,3535.19
1587,ORD1460,16-10-2023,17-10-2023,First Class,CUST1411,Robert Miller,Home Office,UK,Berlin,P1008,SSD,1,2637.82
1588,ORD1030,12-01-2024,21-01-2024,Same Day,CUST2719,Amit Davis,Corporate,Germany,Delhi,P1004,Monitor,7,2694.76
1589,ORD2162,01-08-2024,01-01-2022,Second Class,CUST2590,Rahul Gupta,Consumer,Germany,Bangalore,P1007,Router,9,2195.57
1590,ORD2137,16-06-2024,26-06-2024,Same Day,CUST3167,Sneha Gupta,Home Office,India,London,P1002,Keyboard,1,1886.43
1591,ORD2211,15-03-2024,18-03-2024,Same Day,CUST1317,Rahul Gupta,Corporate,India,Bangalore,P1006,Printer,3,160.27
1592,ORD1178,16-05-2023,23-05-2023,Same Day,CUST3138,Rahul Taylor,Consumer,Canada,Mumbai,P1006,Printer,5,4890
1593,ORD2133,25-05-2025,26-05-2025,Second Class,CUST1298,Chris Gupta,Corporate,UK,London,P1006,Printer,2,2329.82
1594,ORD1935,25-10-2023,27-10-2023,Same Day,CUST2215,Robert Miller,Consumer,UnknownCountry,Pune,P1003,Mouse,9,3381.22
1595,ORD2320,18-07-2024,21-07-2024,Standard Class,CUST3492,Anjali Miller,Corporate,USA,Toronto,P1005,Headphones,5,926.28
1596,ORD1288,09-09-2024,17-09-2024,Standard Class,CUST2840,John Wilson,Home Office,UK,New York,P1006,Printer,3,570.92
1597,ORD2133,21-12-2023,26-12-2023,Same Day,CUST1185,Emily Sharma,Home Office,USA,Mumbai,P1006,Printer,10,750.6
1598,ORD1751,23-05-2024,24-05-2024,Standard Class,CUST1259,Sneha Sharma,Consumer,UK,Toronto,P1001,Laptop,5,4755.66
1599,ORD1940,25-06-2023,29-06-2023,First Class,CUST2925,Michael Taylor,Consumer,Germany,London,P1003,Mouse,5,75.03
1600,ORD1182,12-05-2024,21-05-2024,Second Class,CUST2072,Anjali Gupta,Consumer,India,Delhi,P1003,Mouse,7,408.82
1601,ORD2110,24-03-2025,30-03-2025,Same Day,CUST1269,John Patel,Home Office,India,Pune,P1001,Laptop,2,2893.09
1602,ORD1002,17-09-2024,20-09-2024,Standard Class,CUST1352,Emily Brown,Corporate,India,Mumbai,P1008,SSD,6,1175.69
1603,ORD1902,24-02-2023,06-03-2023,Second Class,CUST1179,John Gupta,Consumer,Canada,London,P1003,Mouse,1,72.79
1604,ORD1990,20-09-2023,22-09-2023,First Class,CUST2200,Sarah Brown,Home Office,Germany,Berlin,P1005,Headphones,7,2985.84
1605,ORD2173,07-08-2023,14-08-2023,Second Class,CUST3437,David Wilson,Corporate,India,Toronto,P1006,Printer,2,4798.71
1606,ORD2476,11-06-2024,14-06-2024,Second Class,CUST2273,Chris Taylor,Consumer,USA,Pune,P1008,SSD,1,1326.19
1607,ORD1092,07-06-2023,13-06-2023,Second Class,CUST1750,Jane Gupta,Corporate,USA,London,P1007,Router,8,1317.37
1608,ORD1495,12-12-2023,15-12-2023,Standard Class,CUST2661,Daniel Wilson,Home Office,Canada,Mumbai,P1007,Router,7,2266.63
1609,ORD2204,15-07-2024,19-07-2024,First Class,CUST3219,Amit Davis,Home Office,UK,Delhi,P1005,Headphones,6,4011
1610,ORD1783,27-03-2025,01-04-2025,Second Class,CUST3212,John Patel,Corporate,India,Berlin,P1007,Router,8,4638.71
1611,ORD2443,21-02-2023,28-02-2023,Same Day,CUST2374,,Corporate,Canada,Delhi,P1006,Printer,4,2844.63
1612,ORD2493,24-04-2025,25-04-2025,First Class,CUST2329,Jane Smith,Corporate,UK,Mumbai,P1001,Laptop,10,553.5
1613,ORD1478,13-04-2023,15-04-2023,Same Day,CUST3078,Robert Johnson,Home Office,India,Delhi,P1002,Keyboard,6,4036.93
1614,ORD2442,31-03-2024,07-04-2024,Second Class,CUST1688,Sneha Smith,Corporate,Germany,London,P1001,Laptop,4,1609.88
1615,ORD1548,16-12-2024,18-12-2024,Standard Class,CUST1338,Sneha Brown,Consumer,Canada,London,P1003,Mouse,10,1818.85
1616,ORD1121,11-01-2023,14-01-2023,Standard Class,CUST1323,Emily Johnson,Corporate,USA,Delhi,P1007,Router,6,4834.73
1617,ORD2340,03-12-2024,13-12-2024,Same Day,CUST2391,John Gupta,Corporate,India,Berlin,P1005,Headphones,2,3836.68
1618,ORD2442,15-07-2023,18-07-2023,Standard Class,CUST2449,Anjali Miller,Home Office,UK,Mumbai,P1008,SSD,4,3348.81
1619,ORD1134,19-02-2023,20-02-2023,First Class,CUST1885,David Smith,Consumer,Germany,Pune,P1007,Router,1,1423.3
1620,ORD1258,02-02-2023,06-02-2023,Standard Class,CUST3074,Rahul Wilson,Consumer,India,New York,P1007,Router,10,4553.79
1621,ORD1453,31-10-2024,06-11-2024,First Class,CUST2417,Chris Davis,Corporate,Germany,London,P1003,Mouse,3,276.24
1622,ORD1794,14-03-2023,15-03-2023,Same Day,CUST2994,Rahul Miller,Consumer,India,Toronto,P1001,Laptop,10,2170.94
1623,ORD2121,02-03-2023,04-03-2023,Same Day,CUST2955,David Smith,Home Office,USA,Berlin,P1007,Router,9,1371.93
1624,ORD2393,09-05-2023,13-05-2023,First Class,CUST2256,Rahul Patel,Consumer,India,Mumbai,P1004,Monitor,7,2479.34
1625,ORD1772,15-02-2025,18-02-2025,First Class,CUST1032,Sarah Brown,Home Office,UK,Mumbai,P1006,Printer,2,2491.49
1626,ORD1777,17-11-2023,22-11-2023,Same Day,CUST1752,David Johnson,Corporate,Germany,New York,P1003,Mouse,3,2931.46
1627,ORD2285,11-07-2023,21-07-2023,Second Class,CUST1906,David Patel,Consumer,India,Mumbai,P1003,Mouse,1,2878.02
1628,ORD2317,07-03-2024,08-03-2024,Second Class,CUST1023,Sneha Taylor,Home Office,Canada,New York,P1006,Printer,4,119.03
1629,ORD1238,01-04-2023,08-04-2023,Same Day,CUST1900,Chris Brown,Home Office,India,New York,P1007,Router,6,4790.55
1630,ORD1934,09-12-2023,19-12-2023,First Class,CUST3316,Daniel Brown,Consumer,USA,Toronto,P1008,SSD,5,879.06
1631,ORD1095,25-08-2023,29-08-2023,Second Class,CUST1034,Olivia Brown,Corporate,UK,London,P1007,Router,9,973.37
1632,ORD1523,18-04-2024,26-04-2024,Second Class,CUST1004,Olivia Gupta,Consumer,India,London,P1001,Laptop,3,1166.97
1633,ORD2127,07-01-2023,10-01-2023,Same Day,CUST1689,Jane Miller,Home Office,USA,Pune,P1004,Monitor,6,4539.18
1634,ORD2074,15-03-2025,17-03-2025,Standard Class,CUST2499,Rahul Johnson,Corporate,India,Pune,P1008,SSD,9,2210.83
1635,ORD2096,16-01-2024,22-01-2024,First Class,CUST3330,Anjali Gupta,Home Office,Canada,Delhi,P1002,Keyboard,2,1939.51
1636,ORD2058,15-02-2023,16-02-2023,Second Class,CUST2960,Amit Miller,Consumer,India,Toronto,P1006,Printer,10,4715.89
1637,ORD2041,18-08-2024,26-08-2024,First Class,CUST2358,Olivia Wilson,Consumer,India,Delhi,P1003,Mouse,3,3625.79
1638,ORD1976,16-06-2023,17-06-2023,Second Class,CUST3257,Sarah Miller,Corporate,Germany,Delhi,P1001,Laptop,4,719.59
1639,ORD1318,02-03-2023,07-03-2023,First Class,CUST2141,Priya Wilson,Home Office,USA,Delhi,P1002,Keyboard,9,3751.47
1640,ORD1135,07-03-2024,13-03-2024,Standard Class,CUST1518,Anjali Smith,Consumer,India,Bangalore,P1004,Monitor,1,1421.14
1641,ORD2463,13-12-2024,16-12-2024,Second Class,CUST1534,Anjali Gupta,Corporate,UK,Delhi,P1004,Monitor,2,1256.31
1642,ORD2470,18-07-2023,19-07-2023,Standard Class,CUST2711,Emily Smith,Corporate,UK,Toronto,P1003,Mouse,4,64.28
1643,ORD1117,19-12-2023,29-12-2023,Same Day,CUST2871,Priya Patel,Corporate,Germany,Pune,P1004,Monitor,10,2709.48
1644,ORD1270,25-02-2025,27-02-2025,Second Class,CUST3450,Jane Sharma,Home Office,India,Berlin,P1001,Laptop,5,1921.69
1645,ORD2245,11-02-2023,14-02-2023,Standard Class,CUST1119,David Davis,Home Office,Germany,New York,P1004,Monitor,2,3119.44
1646,ORD1802,16-06-2023,19-06-2023,Second Class,CUST1485,Robert Gupta,Consumer,Germany,Mumbai,P1002,Keyboard,6,2059.02
1647,ORD1754,11-05-2025,18-05-2025,Same Day,CUST1166,Robert Davis,Home Office,Canada,Delhi,P1007,Router,2,2873.12
1648,ORD1806,06-01-2024,12-01-2024,First Class,CUST3380,David Wilson,Corporate,India,Berlin,P1001,Laptop,7,1988.01
1649,ORD1402,02-12-2024,07-12-2024,Second Class,CUST3324,Robert Patel,Consumer,UK,Toronto,P1004,Monitor,3,2295.4
1650,ORD1265,16-05-2025,19-05-2025,Second Class,CUST2777,Olivia Johnson,Consumer,UK,Delhi,P1007,Router,5,1121.39
1651,ORD1841,12-11-2024,15-11-2024,First Class,CUST2091,Sneha Brown,Consumer,Germany,Mumbai,P1006,Printer,9,3688.01
1652,ORD2216,04-12-2024,14-12-2024,Same Day,CUST1604,Sneha Davis,Home Office,UK,Pune,P1002,Keyboard,10,2875.92
1653,ORD1778,27-09-2023,01-10-2023,First Class,CUST1980,Olivia Brown,Home Office,UK,Berlin,P1004,Monitor,3,4450.37
1654,ORD2365,28-02-2023,06-03-2023,Second Class,CUST2005,David Davis,Consumer,USA,Pune,P1004,Monitor,2,3546.71
1655,ORD1749,18-05-2025,27-05-2025,Same Day,CUST1114,Emily Wilson,Corporate,Canada,Toronto,P1008,SSD,10,3391.94
1656,ORD2022,05-12-2023,13-12-2023,First Class,CUST2374,Sarah Patel,Consumer,Canada,London,P1007,Router,10,2387.33
1657,ORD1554,07-02-2024,14-02-2024,Standard Class,CUST2764,Sarah Wilson,Consumer,India,Delhi,P1007,Router,6,1463.48
1658,ORD1045,02-07-2024,03-07-2024,First Class,CUST3080,Jane Patel,Consumer,Canada,Delhi,P1006,Printer,6,3943.31
1659,ORD1760,12-08-2024,19-08-2024,First Class,CUST2829,Michael Johnson,Consumer,India,Berlin,P1007,Router,5,726.71
1660,ORD1753,06-03-2025,16-03-2025,First Class,CUST1743,Robert Johnson,Corporate,UnknownCountry,New York,P1002,Keyboard,9,2938.43
1661,ORD1507,22-03-2025,25-03-2025,Standard Class,CUST2232,Chris Patel,Corporate,UnknownCountry,Mumbai,P1007,Router,8,2854.53
1662,ORD1450,04-11-2024,12-11-2024,Standard Class,CUST1074,John Taylor,Home Office,India,Berlin,P1004,Monitor,9,4118.66
1663,ORD1342,31-12-2099,28-05-2023,First Class,CUST3248,Priya Johnson,Home Office,UK,London,P1002,Keyboard,3,1085.12
1664,ORD2347,14-10-2023,17-10-2023,Same Day,CUST2063,David Gupta,Consumer,India,Berlin,P1007,Router,4,3231.94
1665,ORD1335,09-06-2025,10-06-2025,First Class,CUST1604,Sarah Gupta,Corporate,Canada,Delhi,P1007,Router,10,2178.37
1666,ORD2396,28-11-2023,05-12-2023,Second Class,CUST2917,John Johnson,Corporate,India,Mumbai,P1004,Monitor,6,-100
1667,ORD1899,03-07-2024,05-07-2024,First Class,CUST2333,Sneha Taylor,Home Office,India,Mumbai,P1001,Laptop,1,4607.84
1668,ORD1990,26-05-2025,29-05-2025,Standard Class,CUST2266,Michael Patel,Corporate,USA,Pune,P1003,Mouse,7,181.03
1669,ORD1616,21-08-2023,31-08-2023,Second Class,CUST2630,Amit Johnson,Corporate,USA,Mumbai,P1002,Keyboard,4,652.03
1670,ORD1774,29-09-2024,05-10-2024,Second Class,CUST3122,Chris Sharma,Consumer,India,Delhi,P1006,Printer,10,3644.96
1671,ORD1992,13-03-2025,17-03-2025,Second Class,CUST2529,Rahul Patel,Home Office,USA,Bangalore,P1006,Printer,3,886.43
1672,ORD2310,10-12-2024,18-12-2024,Second Class,CUST3138,Rahul Miller,Consumer,India,New York,P1004,Monitor,6,4271.68
1673,ORD2415,11-12-2024,15-12-2024,Second Class,CUST1529,Sarah Sharma,Corporate,India,London,P1006,Printer,1,2374.24
1674,ORD1187,20-02-2023,01-03-2023,Standard Class,CUST3094,Michael Sharma,Home Office,Canada,Pune,P1008,SSD,9,4044.28
1675,ORD1409,26-01-2024,01-01-2022,Standard Class,CUST3012,Jane Brown,Corporate,India,London,P1002,Keyboard,9,1150.19
1676,ORD2143,25-11-2024,04-12-2024,Standard Class,CUST3019,Sneha Sharma,Home Office,UK,New York,P1003,Mouse,7,2418.46
1677,ORD1664,29-03-2024,03-04-2024,Second Class,CUST1859,Sarah Brown,Consumer,USA,Mumbai,P1003,Mouse,2,3784.19
1678,ORD1598,17-09-2023,20-09-2023,Second Class,CUST1754,Michael Patel,Corporate,India,Toronto,P1006,Printer,3,4114.21
1679,ORD2265,12-12-2023,16-12-2023,Standard Class,CUST2595,Sarah Gupta,Consumer,India,Pune,P1006,Printer,9,324.34
1680,ORD1812,01-12-2024,09-12-2024,Standard Class,CUST1967,John Gupta,Home Office,UK,Bangalore,P1005,Headphones,9,4751.4
1681,ORD1249,30-10-2024,08-11-2024,Second Class,CUST1055,Olivia Johnson,Consumer,Canada,Delhi,P1006,Printer,7,3322.44
1682,ORD2041,14-03-2025,19-03-2025,Second Class,CUST3338,Daniel Gupta,Home Office,UK,Toronto,P1007,Router,2,1603.46
1683,ORD1566,20-03-2025,28-03-2025,First Class,CUST2304,David Miller,Consumer,USA,Pune,P1001,Laptop,6,478.07
1684,ORD2475,31-12-2099,04-10-2023,First Class,CUST2351,Robert Wilson,Consumer,Germany,Pune,P1002,Keyboard,10,3618.44
1685,ORD2213,05-08-2023,15-08-2023,Same Day,CUST3241,Priya Patel,Consumer,India,Berlin,P1006,Printer,1,4065.46
1686,ORD1037,17-09-2023,20-09-2023,Second Class,CUST1061,Jane Miller,Home Office,Canada,Pune,P1007,Router,3,3658.37
1687,ORD1183,03-06-2023,08-06-2023,Second Class,CUST3341,Sarah Sharma,Home Office,Canada,Berlin,P1002,Keyboard,9,2854.32
1688,ORD1929,20-02-2024,21-02-2024,Second Class,CUST1303,Michael Sharma,Corporate,Canada,Bangalore,P1008,SSD,2,3999.55
1689,ORD1379,16-05-2023,24-05-2023,Standard Class,CUST2885,Emily Miller,Home Office,Germany,Berlin,P1007,Router,9,2130.77
1690,ORD1485,10-05-2025,14-05-2025,Second Class,CUST1472,Rahul Johnson,Home Office,Canada,London,P1005,Headphones,5,982.46
1691,ORD2049,19-11-2024,29-11-2024,Second Class,CUST1955,Jane Brown,Consumer,USA,Pune,P1006,Printer,10,392.8
1692,ORD1048,04-03-2025,10-03-2025,Same Day,CUST2115,David Miller,Home Office,Canada,New York,P1008,SSD,8,84.09
1693,ORD1102,02-01-2023,05-01-2023,Same Day,CUST2620,David Wilson,Home Office,Canada,Berlin,P1007,Router,7,1523.83
1694,ORD1917,30-08-2024,07-09-2024,Standard Class,CUST2719,Daniel Davis,Corporate,UK,Toronto,P1005,Headphones,1,1321.81
1695,ORD1677,03-02-2023,04-02-2023,Second Class,CUST2445,Emily Davis,Corporate,USA,Mumbai,P1007,Router,10,3708.62
1696,ORD1557,01-08-2024,08-08-2024,Same Day,CUST2807,Jane Johnson,Home Office,Germany,London,P1003,Mouse,3,2868.08
1697,ORD1778,17-08-2023,23-08-2023,Standard Class,CUST2519,Rahul Gupta,Home Office,India,Delhi,P1004,Monitor,6,1781.33
1698,ORD1330,25-06-2024,28-06-2024,Same Day,CUST1845,Robert Wilson,Consumer,India,London,P1008,SSD,10,1485.41
1699,ORD2074,27-09-2024,06-10-2024,Same Day,CUST2428,Olivia Wilson,Corporate,Canada,Bangalore,P1006,Printer,5,4863.25
1700,ORD1536,14-06-2025,19-06-2025,First Class,CUST2054,Chris Johnson,Corporate,Germany,Pune,P1004,Monitor,7,2868.46
1701,ORD2235,26-08-2024,30-08-2024,First Class,CUST2129,Rahul Gupta,Corporate,USA,New York,P1004,Monitor,7,1355.78
1702,ORD2076,16-02-2025,25-02-2025,Second Class,CUST1919,John Miller,Corporate,Germany,Toronto,P1003,Mouse,3,3046.92
1703,ORD1976,10-01-2025,14-01-2025,Standard Class,CUST2020,Michael Johnson,Consumer,Germany,Berlin,P1005,Headphones,3,352.96
1704,ORD1354,28-04-2023,06-05-2023,Same Day,CUST2338,David Taylor,Corporate,USA,New York,P1001,Laptop,7,1884.19
1705,ORD1967,30-03-2025,09-04-2025,Second Class,CUST1152,Sarah Smith,Consumer,UK,New York,P1003,Mouse,10,2192.54
1706,ORD1623,26-01-2024,28-01-2024,Second Class,CUST3320,John Smith,Consumer,UK,Pune,P1003,Mouse,3,3904.99
1707,ORD1417,21-01-2025,29-01-2025,Same Day,CUST2459,Amit Miller,Corporate,USA,London,P1006,Printer,10,1720.04
1708,ORD2387,09-05-2025,17-05-2025,Same Day,CUST1323,Olivia Miller,Home Office,USA,Pune,P1001,Laptop,5,3543.79
1709,ORD2131,02-11-2023,06-11-2023,First Class,CUST2624,Robert Davis,Consumer,India,Bangalore,P1005,Headphones,9,2776.11
1710,ORD1098,29-07-2023,03-08-2023,Second Class,CUST2668,Michael Brown,Consumer,USA,Bangalore,P1003,Mouse,5,2314.72
1711,ORD1375,29-09-2023,06-10-2023,Standard Class,CUST1076,David Davis,Home Office,Canada,Toronto,P1004,Monitor,9,3720.18
1712,ORD2381,31-03-2025,07-04-2025,Invalid Mode,CUST3261,Chris Patel,Home Office,USA,New York,P1001,Laptop,7,3778.65
1713,ORD1102,06-06-2023,08-06-2023,Same Day,CUST2171,Jane Gupta,Corporate,USA,Mumbai,P1008,SSD,5,1078.8
1714,ORD1652,01-03-2023,04-03-2023,First Class,CUST1192,Michael Brown,Home Office,Germany,New York,P1004,Monitor,7,1984.68
1715,ORD1371,04-04-2024,10-04-2024,Second Class,CUST1823,Michael Taylor,Consumer,Germany,Bangalore,P1003,Mouse,1,724.65
1716,ORD1275,05-12-2023,12-12-2023,Second Class,CUST1837,Olivia Smith,Consumer,India,Bangalore,P1002,Keyboard,4,1305.51
1717,ORD1959,27-03-2024,29-03-2024,Same Day,CUST2868,Emily Smith,Corporate,Canada,Delhi,P1002,Keyboard,8,3067.88
1718,ORD1711,07-02-2025,13-02-2025,Standard Class,CUST1710,David Patel,Consumer,India,Pune,P1004,Monitor,3,4555.66
1719,ORD2191,23-07-2024,28-07-2024,Second Class,CUST1962,John Davis,Corporate,USA,Mumbai,P1008,SSD,3,2723.91
1720,ORD1938,11-03-2023,21-03-2023,Standard Class,CUST2860,Anjali Brown,Consumer,USA,New York,P1001,Laptop,1,4411.35
1721,ORD1119,25-03-2024,01-04-2024,Same Day,CUST1416,Daniel Gupta,Home Office,Canada,London,P1005,Headphones,5,2098.9
1722,ORD2274,16-03-2025,26-03-2025,First Class,CUST1204,Robert Patel,Home Office,Germany,Bangalore,P1003,Mouse,9,4368.37
1723,ORD1902,07-06-2023,15-06-2023,First Class,CUST3071,Daniel Johnson,Consumer,USA,London,P1003,Mouse,10,248.51
1724,ORD2197,11-03-2025,17-03-2025,Same Day,CUST3186,David Wilson,Home Office,USA,Bangalore,P1007,Router,8,1283.06
1725,ORD1384,07-04-2024,17-04-2024,Second Class,CUST1408,Michael Johnson,Consumer,India,Pune,P1002,Keyboard,9,2316.55
1726,ORD2051,12-02-2023,16-02-2023,Same Day,CUST1204,Sneha Johnson,Corporate,India,Berlin,P1006,Printer,5,3483.25
1727,ORD2288,19-08-2023,29-08-2023,First Class,CUST1424,Rahul Miller,Home Office,UK,London,P1003,Mouse,3,3010.98
1728,ORD1224,20-05-2024,22-05-2024,Second Class,CUST1582,Olivia Gupta,Corporate,UK,Bangalore,P1003,Mouse,4,2809.9
1729,ORD1372,17-06-2023,18-06-2023,First Class,CUST1612,Michael Johnson,Corporate,USA,Toronto,P1006,Printer,6,3441.24
1730,ORD1533,28-08-2024,04-09-2024,Second Class,CUST1006,Anjali Taylor,Consumer,USA,New York,P1004,Monitor,5,1545.11
1731,ORD1037,09-11-2023,18-11-2023,First Class,CUST1048,David Gupta,Consumer,USA,Mumbai,P1008,SSD,6,3088.56
1732,ORD1773,23-02-2025,04-03-2025,Standard Class,CUST2282,Sarah Gupta,Corporate,UK,Delhi,P1006,Printer,7,2164.34
1733,ORD2347,03-08-2023,06-08-2023,Same Day,CUST1955,David Brown,Corporate,Canada,Berlin,P1006,Printer,6,3984.21
1734,ORD1327,03-01-2024,13-01-2024,Standard Class,CUST2713,Jane Sharma,Corporate,Germany,Pune,P1003,Mouse,3,4057.13
1735,ORD1274,29-01-2023,04-02-2023,Second Class,CUST3426,David Johnson,Consumer,UK,Toronto,P1003,Mouse,4,258.11
1736,ORD2211,22-11-2023,28-11-2023,Second Class,CUST2785,Sarah Gupta,Home Office,USA,Toronto,P1007,Router,3,4142.01
1737,ORD2480,31-10-2023,03-11-2023,Same Day,CUST2544,Jane Patel,Home Office,UK,Mumbai,P1001,Laptop,9,1731.23
1738,ORD1398,29-07-2023,01-01-2022,Standard Class,CUST1178,David Miller,Home Office,USA,Delhi,P1004,Monitor,2,4103.66
1739,ORD1171,01-07-2023,04-07-2023,Second Class,CUST1312,Emily Wilson,Home Office,India,London,P1002,Keyboard,9,810.59
1740,ORD1891,10-07-2024,17-07-2024,Same Day,CUST2220,Olivia Smith,Consumer,Germany,Pune,P1008,SSD,9,1667.25
1741,ORD2139,04-07-2024,05-07-2024,First Class,CUST2251,Chris Brown,Home Office,India,Mumbai,P1007,Router,7,929.42
1742,ORD2029,24-05-2024,01-06-2024,Second Class,CUST2284,Amit Patel,Home Office,Canada,Toronto,P1008,SSD,5,4731.37
1743,ORD1817,05-02-2025,10-02-2025,Same Day,CUST1529,Sarah Wilson,Home Office,USA,Pune,P1002,Keyboard,10,747.5
1744,ORD1893,08-04-2025,11-04-2025,Standard Class,CUST1791,Michael Smith,Corporate,India,Mumbai,P1003,Mouse,5,857.32
1745,ORD1518,28-06-2024,02-07-2024,First Class,CUST2989,Amit Miller,Home Office,India,Pune,P1002,Keyboard,8,4320.37
1746,ORD1914,07-06-2023,14-06-2023,Standard Class,CUST1658,Amit Davis,Consumer,Germany,Mumbai,P1005,Headphones,1,1135.73
1747,ORD1884,08-03-2024,15-03-2024,Second Class,CUST1008,John Smith,Corporate,USA,Delhi,P1001,Laptop,9,1716.47
1748,ORD2114,10-02-2024,14-02-2024,Standard Class,CUST2317,Sneha Smith,Corporate,USA,New York,P1002,Keyboard,4,4437.16
1749,ORD1481,17-07-2024,18-07-2024,Second Class,CUST2711,Daniel Miller,Consumer,Germany,Mumbai,P1006,Printer,1,2282.95
1750,ORD2093,15-12-2024,22-12-2024,Same Day,CUST2786,Olivia Davis,Consumer,USA,Bangalore,P1003,Mouse,9,3066.6
1751,ORD1789,20-11-2024,24-11-2024,Same Day,CUST2669,Olivia Johnson,Home Office,UK,Pune,P1004,Monitor,9,4569.6
1752,ORD1824,01-07-2023,08-07-2023,Standard Class,CUST2015,Robert Taylor,Corporate,India,Mumbai,P1008,SSD,2,989.87
1753,,01-06-2024,04-06-2024,Second Class,CUST3493,Michael Johnson,Home Office,Germany,Bangalore,P1004,Monitor,6,4493.67
1754,ORD1944,24-01-2025,03-02-2025,Same Day,CUST2332,Anjali Smith,Corporate,Canada,Berlin,P1002,Keyboard,7,520.11
1755,ORD1088,08-03-2024,14-03-2024,Standard Class,CUST3204,,Home Office,UK,Bangalore,P1003,Mouse,2,3124.79
1756,ORD1956,13-09-2024,21-09-2024,Standard Class,CUST2886,Olivia Taylor,Home Office,India,London,P1007,Router,10,2124.05
1757,ORD2092,20-10-2024,24-10-2024,First Class,CUST3037,Michael Smith,Home Office,USA,Toronto,P1005,Headphones,7,1874.77
1758,ORD1817,30-06-2024,07-07-2024,First Class,CUST3354,Daniel Johnson,Consumer,UK,Berlin,P1003,Mouse,4,1574.84
1759,ORD2038,30-08-2024,09-09-2024,First Class,CUST2335,Sarah Miller,Corporate,Canada,Mumbai,P1003,Mouse,8,3703.96
1760,ORD1279,16-08-2024,26-08-2024,Same Day,CUST2098,Sneha Gupta,Consumer,Germany,Toronto,P1001,Laptop,7,2971.82
1761,ORD1623,06-03-2023,14-03-2023,Same Day,CUST1088,Amit Smith,Home Office,Germany,Berlin,,Router,5,3445.71
1762,ORD2019,19-09-2023,28-09-2023,First Class,CUST2661,David Johnson,Home Office,USA,New York,P1006,Printer,2,2084.22
1763,ORD1496,23-10-2023,31-10-2023,Invalid Mode,CUST2632,Anjali Miller,Home Office,Germany,Pune,P1006,Printer,7,-100
1764,ORD2196,30-06-2024,01-07-2024,First Class,CUST2294,John Miller,Consumer,Germany,Toronto,P1005,Headphones,1,1667
1765,ORD1350,02-05-2023,03-05-2023,Same Day,CUST1571,Priya Smith,Corporate,Canada,New York,P1003,Mouse,9,3029.06
1766,ORD1125,19-01-2023,28-01-2023,First Class,CUST3189,Daniel Wilson,Corporate,Germany,Pune,P1003,Mouse,4,52.7
1767,ORD2105,09-08-2024,18-08-2024,Standard Class,CUST2351,Priya Wilson,Home Office,Germany,Bangalore,P1004,Monitor,10,2995.27
1768,ORD1970,26-09-2023,28-09-2023,Same Day,CUST1968,John Brown,Corporate,UK,Mumbai,P1006,Printer,1,53.13
1769,ORD1094,26-11-2024,02-12-2024,Same Day,CUST1417,Rahul Miller,Corporate,USA,Mumbai,P1007,Router,6,1967.64
1770,ORD1198,25-07-2024,30-07-2024,Same Day,CUST3217,Sneha Wilson,Corporate,Canada,Mumbai,P1004,Monitor,9,3817.79
1771,ORD2476,20-01-2023,22-01-2023,Second Class,CUST2697,Olivia Smith,Consumer,India,Bangalore,P1008,SSD,7,1893.19
1772,ORD2408,06-05-2023,07-05-2023,First Class,CUST2210,David Wilson,Consumer,Germany,Mumbai,P1004,Monitor,7,2445.54
1773,ORD2362,18-12-2023,25-12-2023,First Class,CUST1675,David Smith,Corporate,USA,Delhi,P1007,Router,2,1651.86
1774,ORD1704,17-09-2024,27-09-2024,Same Day,CUST1560,Emily Sharma,Consumer,USA,Delhi,P1007,Router,2,3064.49
1775,ORD1679,30-08-2023,03-09-2023,Same Day,CUST1120,David Gupta,Corporate,Canada,Toronto,P1005,Headphones,5,2728.86
1776,ORD2402,15-03-2025,21-03-2025,Second Class,CUST3460,Robert Patel,Consumer,India,Bangalore,P1006,Printer,9,1164.86
1777,ORD1012,15-05-2024,17-05-2024,First Class,CUST2364,Anjali Patel,Consumer,India,Delhi,P1003,Mouse,10,328.97
1778,ORD1510,08-02-2024,11-02-2024,Standard Class,CUST1278,Olivia Gupta,Consumer,USA,Berlin,P1003,Mouse,8,827.41
1779,ORD1554,02-07-2024,11-07-2024,First Class,CUST3276,Emily Patel,Home Office,UK,Delhi,P1004,Monitor,3,2943.06
1780,ORD1625,24-06-2023,30-06-2023,First Class,CUST1415,Robert Johnson,Home Office,UK,Berlin,P1003,Mouse,6,3093.99
1781,ORD1918,10-03-2023,11-03-2023,Standard Class,CUST3167,Daniel Smith,Corporate,UK,Pune,P1006,Printer,5,2268.77
1782,ORD1629,03-10-2023,11-10-2023,First Class,CUST1879,Emily Brown,Corporate,Canada,New York,P1004,Monitor,2,4174.67
1783,ORD1944,02-05-2023,08-05-2023,Same Day,CUST1816,David Wilson,Home Office,USA,Mumbai,P1005,Headphones,6,1195.27
1784,ORD2045,01-07-2024,02-07-2024,Second Class,CUST1511,Amit Davis,Corporate,India,Pune,P1004,Monitor,4,1236.25
1785,ORD2319,17-06-2024,27-06-2024,Same Day,CUST1153,Amit Gupta,Home Office,Germany,Delhi,P1003,Mouse,9,388.17
1786,ORD1356,06-05-2024,15-05-2024,Second Class,CUST1039,,Corporate,USA,London,P1008,SSD,2,1601.63
1787,ORD1250,31-03-2024,05-04-2024,First Class,CUST1871,Olivia Patel,Home Office,USA,Berlin,P1007,Router,9,297.51
1788,ORD2048,01-08-2024,03-08-2024,Same Day,CUST2959,Sarah Wilson,Corporate,Canada,Berlin,P1006,Printer,2,3689.34
1789,ORD1906,30-01-2025,06-02-2025,Same Day,CUST3411,Olivia Johnson,Corporate,USA,Bangalore,P1003,Mouse,7,725.93
1790,ORD2238,12-08-2024,17-08-2024,Same Day,CUST2073,Olivia Patel,Consumer,Germany,Mumbai,P1007,Router,1,605.22
1791,ORD2090,01-09-2024,10-09-2024,Same Day,CUST1933,Rahul Smith,Home Office,USA,London,P1006,Printer,3,521.24
1792,ORD1174,07-07-2024,17-07-2024,First Class,CUST2177,Michael Wilson,Corporate,UK,New York,P1007,Router,10,3767.86
1793,ORD2372,21-09-2024,29-09-2024,Same Day,CUST1699,Amit Patel,Corporate,UK,London,P1006,Printer,9,675.77
1794,ORD2061,29-01-2025,31-01-2025,Second Class,CUST1587,Jane Gupta,Home Office,Germany,Berlin,P1001,Laptop,9,-100
1795,ORD2356,16-05-2025,18-05-2025,First Class,CUST3166,Amit Davis,Home Office,Germany,Berlin,P1003,Mouse,2,2337.5
1796,ORD1672,07-02-2025,17-02-2025,First Class,CUST2346,Chris Johnson,Corporate,USA,Toronto,P1005,Headphones,8,3814.72
1797,ORD1327,31-12-2099,26-06-2024,Standard Class,CUST1746,Anjali Davis,Home Office,India,Bangalore,P1002,Keyboard,9,2538.75
1798,ORD1889,19-05-2025,28-05-2025,Standard Class,CUST3367,Sarah Miller,Corporate,Germany,Pune,P1002,Keyboard,5,4729.04
1799,ORD1689,13-08-2024,14-08-2024,Second Class,CUST1431,Priya Gupta,Home Office,India,London,P1001,Laptop,6,781.64
1800,ORD1870,09-03-2024,19-03-2024,Second Class,CUST2530,Jane Patel,Home Office,Germany,Mumbai,P1004,Monitor,8,4807.86
1801,ORD1024,26-02-2025,04-03-2025,Second Class,CUST2616,John Johnson,Consumer,Germany,Bangalore,P1004,Monitor,10,445.11
1802,ORD1509,28-05-2025,06-06-2025,Same Day,CUST2259,Michael Patel,Corporate,India,Bangalore,P1003,Mouse,7,259.2
1803,ORD1120,07-12-2024,16-12-2024,Standard Class,CUST3057,Anjali Johnson,Consumer,UK,London,P1006,Printer,1,4402.63
1804,ORD1613,06-08-2023,14-08-2023,Same Day,CUST1285,Olivia Patel,Home Office,Germany,Berlin,P1004,Monitor,4,1926.62
1805,ORD1823,24-05-2023,01-06-2023,Second Class,CUST2428,Amit Miller,Corporate,Germany,Bangalore,P1002,Keyboard,4,1798.49
1806,ORD2267,03-03-2023,04-03-2023,First Class,CUST2762,Jane Patel,Home Office,UK,Berlin,P1006,Printer,4,475.44
1807,ORD1684,31-05-2025,07-06-2025,Second Class,CUST3395,Priya Miller,Consumer,UK,London,P1007,Router,2,551.25
1808,ORD1594,10-09-2023,17-09-2023,Second Class,CUST3081,Olivia Davis,Corporate,Canada,Delhi,P1001,Laptop,8,189.46
1809,ORD1324,11-07-2024,21-07-2024,Same Day,CUST2678,John Patel,Consumer,UK,Delhi,P1007,Router,9,456.92
1810,ORD1522,20-09-2023,22-09-2023,Standard Class,CUST1143,Olivia Johnson,Home Office,Canada,London,P1007,Router,4,1707.07
1811,ORD2300,03-11-2023,10-11-2023,Standard Class,CUST2529,Jane Smith,Consumer,Germany,Mumbai,P1005,Headphones,3,2477.55
1812,ORD1438,09-01-2023,14-01-2023,Same Day,CUST2719,Sarah Sharma,Consumer,Germany,Pune,P1003,Mouse,5,3187.11
1813,ORD2385,05-10-2023,13-10-2023,Second Class,CUST3424,Emily Davis,Consumer,Germany,Toronto,P1002,Keyboard,10,3996.57
1814,ORD1856,22-05-2024,29-05-2024,Standard Class,CUST3333,Michael Brown,Home Office,Germany,New York,P1005,Headphones,10,2570.28
1815,ORD1552,11-06-2025,17-06-2025,Standard Class,CUST1971,Daniel Patel,Home Office,Canada,Delhi,P1006,Printer,8,660.27
1816,ORD1544,21-07-2023,22-07-2023,Standard Class,CUST1432,Chris Sharma,Corporate,India,Bangalore,P1007,Router,5,4738.2
1817,ORD2209,30-05-2024,08-06-2024,Same Day,CUST1841,Amit Gupta,Corporate,UK,Bangalore,P1002,Keyboard,4,1111.52
1818,ORD1581,18-02-2025,26-02-2025,Standard Class,CUST2028,Jane Davis,Home Office,India,Mumbai,P1008,SSD,10,4570.06
1819,ORD1714,17-07-2023,26-07-2023,Standard Class,CUST1763,Amit Brown,Corporate,USA,London,P1007,Router,5,3948.25
1820,ORD1080,26-09-2023,28-09-2023,Second Class,CUST1348,,Home Office,UK,Berlin,P1003,Mouse,8,713.06
1821,ORD1549,15-02-2025,20-02-2025,Standard Class,CUST1231,Anjali Gupta,Home Office,Germany,New York,P1002,Keyboard,2,2846.88
1822,ORD1326,05-10-2023,11-10-2023,Standard Class,CUST1243,Rahul Gupta,Home Office,Germany,New York,P1004,Monitor,2,4776.02
1823,ORD1295,28-05-2023,02-06-2023,Standard Class,CUST3405,Anjali Taylor,Corporate,USA,Toronto,P1008,SSD,5,4334.47
1824,ORD2176,21-02-2024,25-02-2024,Second Class,CUST2528,Jane Gupta,Corporate,USA,Delhi,P1003,Mouse,5,119.24
1825,ORD2421,23-10-2024,27-10-2024,Same Day,CUST1408,Jane Taylor,Home Office,India,Mumbai,P1003,Mouse,4,1562.12
1826,ORD2076,17-03-2024,19-03-2024,Second Class,CUST1205,Priya Smith,Consumer,Germany,Toronto,P1007,Router,8,3487.57
1827,ORD1347,27-02-2023,02-03-2023,Standard Class,CUST3435,Emily Davis,Corporate,Canada,Delhi,P1001,Laptop,2,2877.64
1828,ORD1402,24-02-2024,04-03-2024,Standard Class,CUST2388,Priya Gupta,Home Office,UK,Mumbai,P1001,Laptop,1,524.11
1829,ORD1498,20-05-2023,26-05-2023,Invalid Mode,CUST2889,Sarah Miller,Corporate,India,Bangalore,P1001,Laptop,1,3289.03
1830,ORD1351,14-06-2023,16-06-2023,Second Class,CUST3214,Daniel Sharma,Home Office,India,Berlin,P1002,Keyboard,2,3292.68
1831,ORD2015,26-05-2023,29-05-2023,Standard Class,CUST2039,Emily Wilson,Home Office,Canada,Pune,P1002,Keyboard,8,599.25
1832,ORD1342,14-07-2024,16-07-2024,Standard Class,CUST2862,David Wilson,Consumer,Canada,Mumbai,P1008,SSD,3,4134.01
1833,ORD1617,28-10-2023,31-10-2023,First Class,CUST1590,Jane Sharma,Consumer,USA,London,P1003,Mouse,3,1112.64
1834,ORD2203,04-10-2023,06-10-2023,Standard Class,CUST3389,David Wilson,Home Office,Canada,Berlin,P1003,Mouse,3,1910.35
19,ORD1046,02-08-2023,05-08-2023,First Class,CUST2293,Jane Davis,Consumer,Canada,Toronto,P1007,Router,2,3275.15
1836,ORD2234,17-04-2025,22-04-2025,Second Class,CUST2107,Emily Patel,Home Office,Germany,London,P1001,Laptop,2,1942.21
1837,ORD1269,19-04-2023,21-04-2023,First Class,CUST3199,Rahul Johnson,Consumer,Canada,Toronto,P1002,Keyboard,5,3675.91
1838,ORD2097,28-02-2024,04-03-2024,Same Day,CUST3104,Sneha Sharma,Consumer,USA,Berlin,P1008,SSD,7,4995.68
1839,ORD1019,31-12-2099,05-06-2024,First Class,CUST2868,David Smith,Home Office,USA,Berlin,P1005,Headphones,9,4883.29
1840,ORD2156,23-04-2023,03-05-2023,Same Day,CUST2194,Rahul Miller,Consumer,India,Toronto,P1001,Laptop,5,265.88
1841,ORD1826,07-08-2024,16-08-2024,Same Day,CUST3490,Anjali Brown,Consumer,UK,Bangalore,P1004,Monitor,5,2724.65
1842,ORD2044,23-03-2024,28-03-2024,Standard Class,CUST3065,Michael Johnson,Consumer,Germany,Toronto,P1008,SSD,6,1407.89
1843,ORD1383,01-06-2023,02-06-2023,Standard Class,CUST1681,Sarah Gupta,Home Office,USA,Mumbai,P1003,Mouse,6,4518.18
3,ORD1003,18-06-2025,22-06-2025,Standard Class,CUST1249,John Smith,Home Office,Germany,Toronto,P1004,Monitor,4,3976.73
1845,ORD2462,17-02-2024,25-02-2024,Standard Class,CUST1019,John Taylor,Home Office,Germany,Pune,P1004,Monitor,2,1298.01
1846,ORD1831,28-03-2025,29-03-2025,Standard Class,CUST2574,Rahul Brown,Consumer,USA,Berlin,P1001,Laptop,4,4672.4
1847,ORD2191,20-11-2024,29-11-2024,Standard Class,CUST2590,John Taylor,Home Office,UK,New York,P1008,SSD,9,4945.51
1848,ORD1168,25-05-2025,03-06-2025,Same Day,CUST2056,Robert Davis,Consumer,India,Mumbai,P1007,Router,10,4088.88
1849,ORD2207,11-06-2024,16-06-2024,Second Class,CUST2779,Jane Johnson,Home Office,USA,Berlin,P1004,Monitor,2,4651.37
1850,ORD2071,29-03-2023,04-04-2023,First Class,CUST2061,,Consumer,Germany,New York,P1002,Keyboard,3,4865.25
1851,ORD1387,13-10-2024,18-10-2024,Standard Class,CUST2486,Sarah Patel,Consumer,UK,Toronto,P1001,Laptop,7,198.36
1852,ORD1658,20-01-2024,30-01-2024,First Class,CUST3383,Olivia Wilson,Corporate,Canada,Berlin,P1005,Headphones,3,3594.76
1853,ORD1195,01-03-2023,10-03-2023,First Class,CUST1065,Chris Brown,Home Office,Germany,Pune,P1003,Mouse,9,803.43
1854,ORD1282,30-10-2024,03-11-2024,First Class,CUST1004,Michael Sharma,Consumer,India,London,P1008,SSD,9,4441.85
1855,ORD2017,26-09-2023,02-10-2023,Same Day,CUST1931,,Home Office,USA,Toronto,P1003,Mouse,5,840.86
1856,ORD1455,19-12-2023,27-12-2023,Standard Class,CUST2206,Jane Brown,Home Office,India,Delhi,P1001,Laptop,9,3521.04
1857,ORD1219,16-07-2024,18-07-2024,Standard Class,CUST1723,Chris Patel,Corporate,Germany,Mumbai,P1007,Router,5,3344.52
1858,ORD1814,28-04-2023,29-04-2023,Same Day,CUST3464,Michael Davis,Consumer,UK,Toronto,P1001,Laptop,7,166.48
1859,ORD1174,11-05-2023,20-05-2023,Second Class,CUST2877,Jane Smith,Consumer,USA,Bangalore,P1004,Monitor,3,2860.6
1860,ORD2284,13-03-2024,15-03-2024,Standard Class,CUST1512,John Wilson,Home Office,UK,Mumbai,P1006,Printer,8,3690.37
1861,ORD1891,08-02-2025,14-02-2025,First Class,CUST2278,Robert Smith,Corporate,USA,Delhi,P1004,Monitor,8,2123.86
1862,ORD1448,22-05-2025,27-05-2025,Standard Class,CUST1438,Rahul Johnson,Corporate,USA,Mumbai,P1007,Router,6,2521.14
1863,ORD2281,29-07-2023,03-08-2023,Second Class,CUST2062,Sarah Patel,Home Office,Canada,Pune,P1008,SSD,8,4995.91
1864,ORD2095,23-06-2023,26-06-2023,Standard Class,CUST1516,Daniel Gupta,Home Office,USA,Toronto,P1006,Printer,8,4934.98
1865,ORD2043,06-02-2024,13-02-2024,First Class,CUST2639,Michael Brown,Corporate,India,Berlin,P1007,Router,7,4268.89
1866,ORD1905,06-06-2024,11-06-2024,Same Day,CUST2913,Daniel Johnson,Home Office,USA,Mumbai,P1005,Headphones,4,1839.95
1867,ORD1074,27-02-2024,29-02-2024,Same Day,CUST2234,Michael Brown,Consumer,UK,New York,P1005,Headphones,4,1572.62
1868,ORD1629,13-01-2025,20-01-2025,Second Class,CUST1452,Michael Johnson,Corporate,Canada,New York,P1007,Router,10,3704.36
1869,ORD1729,17-06-2023,23-06-2023,Second Class,CUST1070,Robert Wilson,Corporate,India,Pune,P1005,Headphones,2,3369.37
1870,ORD2254,19-05-2024,23-05-2024,Second Class,CUST2898,Sarah Smith,Home Office,Canada,Bangalore,P1002,Keyboard,5,1165.47
1871,ORD2386,23-08-2024,28-08-2024,Standard Class,CUST3163,Amit Wilson,Home Office,Canada,Mumbai,P1003,Mouse,7,2055.5
1872,ORD1037,22-12-2023,24-12-2023,Standard Class,CUST1744,Jane Brown,Corporate,UK,Bangalore,P1002,Keyboard,5,457.2
1873,ORD2487,10-07-2023,14-07-2023,Standard Class,CUST2644,John Wilson,Home Office,Germany,Toronto,P1001,Laptop,1,4127.79
1874,ORD1490,23-05-2024,26-05-2024,Same Day,CUST1216,John Davis,Consumer,India,Bangalore,P1002,Keyboard,2,2993.64
1875,ORD2127,27-04-2025,07-05-2025,Standard Class,CUST1366,Chris Wilson,Consumer,India,Bangalore,P1001,Laptop,5,4598.97
1876,ORD1972,12-04-2025,14-04-2025,Standard Class,CUST3033,Anjali Johnson,Home Office,Canada,Toronto,P1004,Monitor,1,3914.34
1877,ORD1214,07-10-2024,01-01-2022,First Class,CUST1208,Anjali Taylor,Corporate,India,New York,P1003,Mouse,8,4116.3
1878,ORD1673,07-06-2025,13-06-2025,Standard Class,CUST1315,Sarah Gupta,Corporate,USA,London,P1001,Laptop,9,869.96
1879,ORD1244,24-01-2023,01-02-2023,Same Day,CUST3140,Anjali Smith,Corporate,USA,Berlin,P1003,Mouse,10,3814.24
1880,ORD2464,21-08-2023,29-08-2023,Same Day,CUST1433,Robert Smith,Home Office,Germany,Pune,P1002,Keyboard,10,2376.41
1881,ORD1316,13-05-2023,17-05-2023,First Class,CUST2970,,Home Office,USA,Berlin,P1007,Router,6,4195.63
1882,ORD1082,03-04-2024,10-04-2024,Standard Class,CUST1745,Chris Wilson,Home Office,India,London,P1002,Keyboard,6,2354.33
1883,ORD2025,02-02-2023,03-02-2023,First Class,CUST2200,Sarah Brown,Consumer,Canada,Delhi,P1003,Mouse,3,4852.88
1884,ORD1248,05-02-2024,15-02-2024,Same Day,CUST3467,Sneha Sharma,Home Office,UK,Berlin,P1001,Laptop,5,2022.13
1885,ORD1966,21-01-2023,28-01-2023,First Class,CUST1271,Robert Miller,Home Office,India,Bangalore,P1008,SSD,10,4256.04
1886,ORD1746,14-12-2024,17-12-2024,First Class,CUST1224,Anjali Johnson,Corporate,UK,Delhi,P1002,Keyboard,7,409.86
1887,ORD1983,10-01-2023,14-01-2023,First Class,CUST1190,Daniel Taylor,Corporate,USA,New York,P1004,Monitor,4,3528.94
1888,ORD2423,26-04-2023,06-05-2023,Second Class,CUST2181,Amit Wilson,Home Office,India,Bangalore,P1004,Monitor,1,100.58
1889,ORD1219,26-01-2025,02-02-2025,Standard Class,CUST2295,Daniel Davis,Consumer,USA,Pune,P1002,Keyboard,6,4562.38
1890,ORD1772,02-05-2024,08-05-2024,First Class,CUST2655,Anjali Davis,Consumer,Germany,London,P1007,Router,4,1583.8
1891,ORD1185,06-04-2023,07-04-2023,Standard Class,CUST1485,Olivia Wilson,Corporate,Canada,New York,P1006,Printer,3,2478.39
1892,ORD2198,17-03-2025,24-03-2025,First Class,CUST2935,Sarah Taylor,Corporate,UK,Pune,P1002,Keyboard,3,2752.74
1893,ORD1156,04-04-2024,12-04-2024,Standard Class,CUST1548,Sarah Miller,Corporate,Germany,Berlin,P1006,Printer,9,537.39
1894,ORD1741,23-09-2023,26-09-2023,Standard Class,CUST3451,Priya Brown,Consumer,Canada,Mumbai,P1007,Router,3,1513.4
1895,ORD1599,21-03-2024,27-03-2024,Same Day,CUST2894,Priya Brown,Consumer,UK,Pune,P1005,Headphones,8,553.64
1896,ORD1943,28-07-2023,29-07-2023,Standard Class,CUST2481,Robert Wilson,Home Office,Canada,Bangalore,P1008,SSD,8,3339.67
1897,ORD1125,10-08-2023,12-08-2023,First Class,CUST2257,Sarah Taylor,Consumer,USA,Berlin,P1008,SSD,5,4115.62
1898,ORD1617,30-05-2024,05-06-2024,Second Class,CUST2570,John Brown,Home Office,USA,London,P1008,SSD,5,3864.36
1899,ORD1807,02-12-2024,11-12-2024,Second Class,CUST2846,Michael Taylor,Home Office,UK,Mumbai,P1007,Router,8,2112.27
1900,ORD1513,20-05-2023,21-05-2023,Same Day,CUST1847,Michael Gupta,Consumer,USA,London,P1008,SSD,4,3646.81
1901,ORD1821,02-05-2024,09-05-2024,First Class,CUST3472,Michael Davis,Home Office,Canada,Berlin,P1003,Mouse,10,307.99
1902,ORD2375,11-12-2024,12-12-2024,Same Day,CUST3422,Sneha Davis,Consumer,India,London,P1005,Headphones,6,3898.23
1903,ORD1531,07-01-2023,13-01-2023,Second Class,CUST2942,Sarah Miller,Corporate,India,London,P1001,Laptop,10,4276.08
1904,ORD1878,21-09-2023,22-09-2023,Second Class,CUST2317,Robert Gupta,Consumer,Canada,Berlin,P1006,Printer,8,3567.87
1905,ORD1705,18-09-2023,21-09-2023,Standard Class,CUST3403,Anjali Smith,Consumer,Germany,New York,P1007,Router,3,4233.14
1906,ORD1976,04-08-2023,11-08-2023,Same Day,CUST1844,Michael Smith,Home Office,USA,Delhi,P1003,Mouse,3,2436.62
1907,ORD1217,18-02-2025,20-02-2025,First Class,CUST3007,Robert Miller,Consumer,Canada,Pune,P1008,SSD,7,863.69
1908,ORD1603,11-06-2023,21-06-2023,Standard Class,CUST2183,David Taylor,Corporate,Germany,Bangalore,P1006,Printer,1,1905.24
1909,ORD1212,05-05-2025,12-05-2025,Second Class,CUST3394,Daniel Brown,Consumer,India,Delhi,P1001,Laptop,7,4974.76
1910,ORD2164,24-03-2025,02-04-2025,Standard Class,CUST2090,,Corporate,Canada,Pune,P1001,Laptop,1,2140.4
1911,ORD1051,08-06-2025,10-06-2025,Same Day,CUST1079,Olivia Davis,Consumer,Canada,Bangalore,P1008,SSD,8,4441.12
1912,ORD1080,17-12-2023,18-12-2023,First Class,CUST3389,Sarah Davis,Consumer,Canada,Berlin,P1001,Laptop,3,1306.34
1913,ORD1572,21-01-2024,31-01-2024,Standard Class,CUST2804,Michael Miller,Corporate,Canada,Toronto,P1004,Monitor,4,4583.6
1914,ORD1010,06-07-2024,10-07-2024,Same Day,CUST2331,David Smith,Consumer,UK,London,P1001,Laptop,2,3509.46
1915,ORD1448,25-01-2025,04-02-2025,Second Class,CUST2892,Anjali Brown,Corporate,USA,Pune,,Monitor,3,4479.3
1916,ORD1241,21-04-2025,28-04-2025,First Class,CUST1195,David Miller,Corporate,India,Delhi,P1004,Monitor,7,3606.71
1917,ORD1926,09-02-2024,15-02-2024,Same Day,CUST1680,Amit Wilson,Corporate,USA,Berlin,P1003,Mouse,5,3135.97
1918,ORD2283,23-08-2024,29-08-2024,Same Day,CUST1002,Amit Taylor,Corporate,UK,Mumbai,P1001,Laptop,7,3753.51
1919,ORD1744,10-02-2025,17-02-2025,Second Class,CUST1182,Amit Smith,Home Office,India,Delhi,P1001,Laptop,10,279.96
1920,ORD1381,01-03-2025,03-03-2025,First Class,CUST1975,Rahul Smith,Corporate,UK,Mumbai,P1006,Printer,10,1164.59
1921,ORD1321,23-12-2023,27-12-2023,Second Class,CUST1709,John Brown,Consumer,UK,Pune,P1004,Monitor,1,812.12
1922,ORD1766,29-10-2024,04-11-2024,Standard Class,CUST1464,Rahul Davis,Corporate,UK,London,P1006,Printer,1,1168.88
1923,ORD1829,17-08-2024,26-08-2024,Second Class,CUST1793,Chris Davis,Consumer,USA,New York,P1005,Headphones,4,2000.87
1924,ORD1334,29-08-2024,05-09-2024,Standard Class,CUST3201,John Patel,Home Office,Germany,Bangalore,P1003,Mouse,2,675.31
1925,ORD1551,09-02-2025,14-02-2025,Second Class,CUST3374,John Gupta,Corporate,Germany,Toronto,P1002,Keyboard,6,4542.98
1926,ORD2252,07-09-2024,17-09-2024,Standard Class,CUST1482,Michael Davis,Corporate,Canada,Bangalore,P1003,Mouse,2,2431.55
1927,ORD1632,25-08-2024,31-08-2024,Second Class,CUST1268,Olivia Smith,Corporate,USA,New York,P1005,Headphones,2,2853.47
1928,ORD1917,17-12-2023,27-12-2023,Second Class,CUST1740,Robert Gupta,Consumer,USA,Pune,P1002,Keyboard,8,1893.27
1929,ORD2479,15-02-2024,18-02-2024,First Class,CUST2939,Emily Brown,Home Office,Germany,Toronto,P1007,Router,5,1946.32
1930,ORD1290,31-12-2099,20-12-2024,Standard Class,CUST2837,Chris Davis,Consumer,India,Delhi,P1007,Router,9,4516.81
1931,ORD1645,14-06-2025,17-06-2025,Standard Class,CUST1782,Michael Johnson,Consumer,UK,Bangalore,P1005,Headphones,6,1805.4
1932,ORD1650,07-04-2023,12-04-2023,Second Class,CUST1411,Rahul Johnson,Corporate,USA,Mumbai,P1004,Monitor,9,4264.19
1933,ORD1993,28-08-2024,05-09-2024,First Class,CUST2909,Rahul Brown,Corporate,UK,Delhi,P1003,Mouse,3,4855.2
1934,ORD2027,12-07-2024,16-07-2024,First Class,CUST3210,Chris Johnson,Home Office,USA,Mumbai,P1005,Headphones,5,3869.72
1935,ORD1989,19-05-2024,20-05-2024,Same Day,CUST2565,Daniel Miller,Consumer,USA,Bangalore,P1007,Router,3,2965.11
1936,ORD2143,16-03-2024,22-03-2024,First Class,CUST1234,Michael Patel,Corporate,Germany,New York,P1002,Keyboard,7,1410.94
1937,ORD2064,08-12-2023,17-12-2023,Second Class,CUST3217,Michael Patel,Home Office,Canada,Berlin,P1006,Printer,3,2052.43
1938,ORD1352,19-01-2023,28-01-2023,Same Day,CUST2975,Michael Miller,Consumer,UK,New York,P1005,Headphones,4,4318.2
1939,ORD2305,14-06-2025,20-06-2025,Standard Class,CUST3398,Robert Brown,Home Office,USA,Delhi,P1006,Printer,3,4354.4
1940,ORD1017,12-02-2025,14-02-2025,First Class,CUST2661,Michael Wilson,Corporate,USA,Toronto,P1003,Mouse,4,2965.46
1941,ORD1515,04-07-2023,05-07-2023,Second Class,CUST1665,Sarah Wilson,Consumer,UK,Delhi,P1002,Keyboard,10,106.65
1942,ORD1027,12-09-2024,19-09-2024,Second Class,CUST2816,John Brown,Corporate,Canada,Mumbai,P1007,Router,5,4596.88
1943,ORD1701,27-04-2025,28-04-2025,Same Day,CUST1795,Michael Johnson,Corporate,UK,Mumbai,P1006,Printer,1,3600.02
1944,ORD2258,18-03-2023,19-03-2023,Second Class,CUST2006,Emily Davis,Home Office,Germany,Delhi,P1002,Keyboard,3,843.59
1945,ORD1949,06-04-2023,08-04-2023,Same Day,CUST1023,Anjali Smith,Corporate,India,Delhi,P1004,Monitor,8,2454.98
1946,ORD1076,25-11-2023,02-12-2023,Same Day,CUST1454,Olivia Sharma,Consumer,Canada,Toronto,P1005,Headphones,3,1985.07
1947,ORD1447,26-12-2024,04-01-2025,Standard Class,CUST1060,Rahul Patel,Consumer,Canada,Delhi,P1006,Printer,4,1393.32
1948,ORD1184,31-03-2024,07-04-2024,Second Class,CUST1455,Sarah Davis,Corporate,India,Mumbai,P1003,Mouse,10,1331.93
1949,ORD2459,06-04-2023,13-04-2023,Second Class,CUST1819,Anjali Johnson,Corporate,UK,New York,P1005,Headphones,5,625.71
1950,ORD1402,15-04-2024,18-04-2024,Same Day,CUST2590,Amit Patel,Corporate,Canada,Mumbai,P1008,SSD,7,4300.33
1951,ORD1426,20-03-2025,25-03-2025,Second Class,CUST1184,Daniel Wilson,Corporate,India,Berlin,P1005,Headphones,6,4298.82
1952,ORD1204,07-06-2024,16-06-2024,Standard Class,CUST1354,Daniel Gupta,Home Office,Germany,Bangalore,P1008,SSD,3,1533.91
1953,ORD1374,12-02-2023,15-02-2023,Second Class,CUST2823,David Wilson,Corporate,India,Berlin,P1005,Headphones,3,1134.17
1954,ORD1707,14-03-2024,20-03-2024,Same Day,CUST3345,David Gupta,Home Office,India,Delhi,P1004,Monitor,6,4377.03
1955,ORD2097,14-01-2024,18-01-2024,Second Class,CUST2712,Amit Miller,Consumer,UK,Berlin,P1007,Router,3,1029.41
1956,ORD1888,21-01-2025,26-01-2025,Standard Class,CUST1013,Rahul Patel,Consumer,Germany,London,P1002,Keyboard,6,2434.46
1957,ORD1548,28-06-2023,01-01-2022,First Class,CUST1960,Emily Miller,Home Office,India,Mumbai,P1007,Router,10,3916.01
1958,ORD1976,30-06-2024,02-07-2024,Same Day,CUST1204,David Gupta,Home Office,Canada,Pune,P1005,Headphones,5,1149.54
1959,ORD2034,19-06-2024,24-06-2024,Second Class,CUST2872,John Sharma,Home Office,Canada,Pune,P1005,Headphones,9,3774.59
1960,ORD2334,26-05-2025,01-06-2025,First Class,CUST2696,Daniel Gupta,Consumer,Canada,Bangalore,P1007,Router,7,2789.59
1961,ORD1137,12-01-2024,17-01-2024,First Class,CUST3119,Anjali Miller,Home Office,India,Mumbai,P1002,Keyboard,3,2291.42
1962,ORD2424,20-06-2023,30-06-2023,Standard Class,CUST3117,David Patel,Consumer,Canada,Toronto,P1002,Keyboard,1,1485.78
1963,ORD1483,08-01-2024,15-01-2024,Standard Class,CUST2382,Olivia Smith,Consumer,USA,Berlin,P1007,Router,5,4578.49
1964,ORD2212,05-06-2024,09-06-2024,Standard Class,CUST2623,Priya Gupta,Home Office,USA,Mumbai,P1004,Monitor,7,2381.47
1965,ORD1246,15-07-2024,18-07-2024,Second Class,CUST2722,Robert Gupta,Home Office,UK,Pune,P1003,Mouse,10,129.92
1966,ORD2048,07-04-2024,16-04-2024,First Class,CUST1893,Amit Patel,Home Office,Germany,Mumbai,P1007,Router,7,2380.1
1967,ORD1420,09-08-2024,16-08-2024,First Class,CUST1692,Anjali Taylor,Home Office,Germany,Berlin,P1004,Monitor,7,169.15
1968,ORD1644,28-03-2025,03-04-2025,First Class,CUST3338,Michael Brown,Consumer,Canada,Mumbai,P1001,Laptop,5,3257.16
1969,ORD2148,08-03-2024,10-03-2024,Same Day,CUST1121,Robert Sharma,Consumer,USA,Mumbai,P1007,Router,2,2040.98
1970,ORD1333,14-08-2024,15-08-2024,Second Class,CUST3376,Rahul Brown,Home Office,Germany,Pune,P1008,SSD,10,4091.19
9,ORD1327,17-05-2024,19-05-2024,Same Day,CUST2322,Olivia Davis,Consumer,Canada,Pune,P1003,Mouse,8,3700.81
1972,ORD1012,30-06-2024,07-07-2024,First Class,CUST1702,Robert Miller,Corporate,USA,Mumbai,P1005,Headphones,4,3603.92
1973,ORD2211,02-07-2024,06-07-2024,Second Class,CUST2338,David Miller,Home Office,India,Pune,P1002,Keyboard,5,1826.02
1974,ORD2158,17-09-2024,24-09-2024,Standard Class,CUST2558,Rahul Brown,Consumer,Germany,London,P1008,SSD,9,2223.99
1975,ORD1004,12-01-2024,17-01-2024,First Class,CUST1950,Amit Taylor,Home Office,UK,Bangalore,P1003,Mouse,1,3502
1976,ORD2420,25-11-2024,27-11-2024,Standard Class,CUST2696,Priya Taylor,Consumer,Canada,Toronto,P1008,SSD,5,3333.45
1977,ORD2388,27-04-2023,03-05-2023,Standard Class,CUST2554,Sneha Wilson,Home Office,USA,Pune,P1001,Laptop,6,57.29
1978,ORD1919,04-03-2025,05-03-2025,Same Day,CUST1222,Olivia Miller,Consumer,Canada,New York,P1002,Keyboard,1,2259.02
1979,ORD1098,28-07-2023,29-07-2023,Standard Class,CUST2860,Michael Sharma,Consumer,Germany,Delhi,P1001,Laptop,10,4732.05
1980,ORD2126,28-06-2023,03-07-2023,First Class,CUST1123,Sneha Smith,Corporate,USA,London,P1005,Headphones,10,960.06
1981,ORD2324,23-04-2024,28-04-2024,Standard Class,CUST2716,Amit Smith,Corporate,Germany,Pune,P1002,Keyboard,10,4428.56
1982,ORD1788,29-05-2025,31-05-2025,Same Day,CUST2663,Robert Brown,Consumer,Germany,Mumbai,P1003,Mouse,9,710.67
1983,ORD1034,03-09-2023,13-09-2023,Same Day,CUST1232,Sneha Brown,Corporate,USA,New York,P1002,Keyboard,5,1383.15
1984,ORD1667,02-04-2025,12-04-2025,Second Class,CUST2036,Emily Taylor,Home Office,Canada,Mumbai,P1007,Router,2,934.28
1985,ORD1604,09-04-2025,12-04-2025,Second Class,CUST2531,Sarah Sharma,Home Office,India,Pune,P1005,Headphones,3,4786.28
1986,ORD1939,08-01-2024,12-01-2024,Second Class,CUST3258,Olivia Wilson,Home Office,Canada,Toronto,P1001,Laptop,1,1287.13
1987,ORD1771,26-10-2024,03-11-2024,Second Class,CUST2202,Sarah Sharma,Corporate,USA,New York,P1001,Laptop,1,1792.06
1988,ORD1455,16-12-2024,23-12-2024,Standard Class,CUST3182,Daniel Gupta,Corporate,UK,Mumbai,P1005,Headphones,4,4374.83
1989,ORD2437,06-10-2023,15-10-2023,Standard Class,CUST2442,Daniel Miller,Corporate,Canada,Bangalore,P1003,Mouse,9,1878.72
1990,ORD2458,14-02-2024,21-02-2024,Second Class,CUST1520,Sarah Sharma,Consumer,Canada,Toronto,P1003,Mouse,8,3041.38
1991,ORD2279,25-06-2024,02-07-2024,Standard Class,CUST1529,Emily Miller,Corporate,Germany,Berlin,P1005,Headphones,3,717.7
1992,ORD1103,20-09-2023,23-09-2023,Second Class,CUST1679,Robert Miller,Home Office,USA,Mumbai,P1007,Router,7,2113.92
1993,ORD1148,09-04-2024,19-04-2024,Second Class,CUST1774,Olivia Patel,Corporate,Germany,Delhi,P1007,Router,10,4578.33
1994,ORD2235,21-03-2025,30-03-2025,Second Class,CUST2313,Chris Taylor,Home Office,Canada,Toronto,P1004,Monitor,9,2598.1
1995,ORD2454,22-05-2024,30-05-2024,First Class,CUST2776,John Wilson,Consumer,USA,New York,P1003,Mouse,9,904.7
1996,ORD2071,06-06-2025,11-06-2025,Standard Class,CUST2340,Sarah Miller,Home Office,USA,Pune,P1004,Monitor,3,4955.66
1997,ORD1824,11-01-2023,12-01-2023,Standard Class,CUST2186,David Smith,Home Office,Canada,Toronto,P1001,Laptop,3,4208.38
1998,ORD2483,03-02-2025,05-02-2025,Second Class,CUST1138,Daniel Wilson,Home Office,Germany,Pune,P1005,Headphones,4,1537.57
1999,ORD1034,29-07-2023,07-08-2023,First Class,CUST1623,Olivia Taylor,Corporate,USA,Mumbai,P1008,SSD,10,3083.84
2000,ORD1890,21-10-2024,27-10-2024,First Class,CUST1654,Anjali Brown,Corporate,India,London,P1007,Router,10,4849.62
2001,ORD2329,04-06-2023,05-06-2023,Second Class,CUST2379,Daniel Davis,Consumer,Germany,Berlin,P1003,Mouse,7,2169.13
2002,ORD1209,29-09-2024,04-10-2024,Second Class,CUST3328,Daniel Taylor,Consumer,UK,Toronto,P1007,Router,9,701.96
2003,ORD1008,29-03-2023,06-04-2023,Second Class,CUST1011,Priya Miller,Corporate,Canada,Pune,P1006,Printer,9,2181.54
2004,ORD1682,06-05-2024,09-05-2024,Standard Class,CUST2268,Sarah Wilson,Corporate,UK,Pune,P1005,Headphones,3,1624.04
2005,ORD1148,03-11-2024,07-11-2024,First Class,CUST2657,Jane Smith,Consumer,Canada,Berlin,P1008,SSD,8,1022.42
2006,ORD1347,17-03-2023,25-03-2023,Standard Class,CUST1924,Robert Johnson,Home Office,USA,Mumbai,P1006,Printer,3,3490.3
2007,ORD2273,01-02-2025,11-02-2025,Second Class,CUST3112,Priya Davis,Consumer,Canada,Mumbai,P1002,Keyboard,4,1526.44
2008,ORD1376,09-04-2025,14-04-2025,First Class,CUST2837,David Taylor,Home Office,India,New York,P1005,Headphones,8,2184.7
2009,ORD1909,06-02-2025,15-02-2025,Second Class,CUST1923,Emily Johnson,Consumer,Canada,Toronto,P1007,Router,6,427.27
2010,ORD2245,15-03-2023,23-03-2023,First Class,CUST1367,Priya Davis,Home Office,USA,London,P1001,Laptop,2,1376.52
2011,ORD1785,17-07-2023,22-07-2023,Standard Class,CUST3286,Chris Patel,Home Office,India,London,P1001,Laptop,6,2745.81
2012,ORD1161,16-01-2025,18-01-2025,Same Day,CUST2067,David Miller,Corporate,UK,Bangalore,P1006,Printer,10,3348.71
2013,ORD1815,18-02-2023,26-02-2023,Standard Class,CUST1207,David Smith,Home Office,USA,Mumbai,P1008,SSD,5,1628.72
2014,ORD1638,01-05-2023,10-05-2023,Standard Class,CUST2018,Rahul Taylor,Consumer,USA,Pune,P1005,Headphones,9,169.46
2015,ORD1428,25-08-2024,01-09-2024,Second Class,CUST1163,Sarah Taylor,Corporate,Germany,Toronto,P1007,Router,5,3160.29
2016,ORD2420,31-01-2025,01-02-2025,Standard Class,CUST1620,Robert Patel,Consumer,Germany,London,P1008,SSD,2,4855.59
2017,ORD1782,17-10-2023,24-10-2023,Second Class,CUST1969,Emily Sharma,Consumer,USA,Mumbai,P1004,Monitor,4,3044.26
2018,ORD1959,04-11-2023,09-11-2023,Standard Class,CUST2769,Priya Smith,Home Office,Germany,Berlin,P1001,Laptop,1,3003.08
2019,ORD1084,26-11-2024,28-11-2024,First Class,CUST1910,Jane Johnson,Consumer,USA,Toronto,P1002,Keyboard,7,546.29
2020,ORD1686,04-07-2024,09-07-2024,Standard Class,CUST2404,Michael Sharma,Consumer,USA,Pune,P1006,Printer,2,2990.3
2021,ORD1825,03-02-2023,08-02-2023,Second Class,CUST1601,John Patel,Consumer,Germany,Berlin,P1008,SSD,1,2406.44
2022,ORD1558,08-01-2024,13-01-2024,Same Day,CUST1232,Daniel Taylor,Home Office,USA,Bangalore,P1005,Headphones,2,2246.78
2023,ORD1130,24-10-2023,31-10-2023,First Class,CUST1998,Rahul Wilson,Corporate,UnknownCountry,Toronto,P1002,Keyboard,7,704.74
2024,ORD1834,04-07-2023,08-07-2023,Same Day,CUST1011,Emily Davis,Consumer,USA,Toronto,P1006,Printer,2,3712.32
2025,ORD1616,17-01-2023,20-01-2023,Same Day,CUST3275,Olivia Gupta,Consumer,USA,Toronto,P1006,Printer,9,2036.36
2026,ORD1677,12-04-2025,13-04-2025,Second Class,CUST1170,Robert Sharma,Consumer,Canada,Mumbai,P1007,Router,6,267.88
2027,ORD2496,27-06-2024,29-06-2024,First Class,CUST1032,Rahul Taylor,Home Office,India,Mumbai,P1007,Router,4,2953.88
2028,ORD2213,02-05-2023,05-05-2023,Second Class,CUST1118,Michael Patel,Consumer,India,New York,P1001,Laptop,6,832.49
2029,ORD1409,24-02-2025,04-03-2025,Same Day,CUST3447,Emily Davis,Consumer,Germany,Delhi,P1006,Printer,7,256.22
2030,ORD2276,03-01-2025,12-01-2025,Standard Class,CUST1544,Daniel Gupta,Corporate,Canada,New York,P1007,Router,6,1326.06
2031,ORD1559,07-10-2024,17-10-2024,Standard Class,CUST2306,David Taylor,Home Office,UK,New York,P1003,Mouse,6,1164.39
2032,ORD1185,08-05-2023,17-05-2023,Invalid Mode,CUST3244,Rahul Sharma,Corporate,UK,Bangalore,P1001,Laptop,5,4437.26
2033,ORD1579,19-02-2025,25-02-2025,Same Day,CUST1642,Daniel Brown,Home Office,UK,Delhi,P1007,Router,2,2491.95
2034,ORD2013,23-02-2023,01-03-2023,Same Day,CUST1049,Sarah Sharma,Consumer,Canada,Delhi,P1007,Router,5,2731.72
2035,ORD1062,03-04-2024,04-04-2024,Same Day,CUST1631,Chris Sharma,Corporate,India,Delhi,P1005,Headphones,4,1798.93
2036,ORD1128,10-01-2024,19-01-2024,Standard Class,CUST1290,Emily Davis,Home Office,India,Pune,P1006,Printer,8,1190.48
2037,ORD2486,12-10-2024,14-10-2024,Same Day,CUST1384,Emily Sharma,Consumer,UK,Berlin,P1007,Router,10,356.1
2038,ORD1264,03-07-2023,08-07-2023,Standard Class,CUST1856,Sarah Miller,Corporate,UK,Berlin,P1005,Headphones,10,1363.47
2039,ORD2453,20-01-2024,25-01-2024,Second Class,CUST1397,Sneha Patel,Home Office,Canada,Mumbai,P1006,Printer,6,3627.28
2040,ORD1252,09-08-2024,11-08-2024,Same Day,CUST2230,Daniel Sharma,Home Office,USA,Toronto,,Router,6,1972.3
2041,ORD1252,21-07-2024,25-07-2024,First Class,CUST3487,Priya Wilson,Home Office,Germany,Berlin,P1004,Monitor,7,2757.35
2042,ORD1014,19-01-2024,27-01-2024,Second Class,CUST1994,Anjali Gupta,Corporate,India,New York,P1001,Laptop,4,4284.92
2043,ORD2315,13-04-2023,23-04-2023,Second Class,CUST1104,Rahul Patel,Corporate,Canada,Bangalore,P1003,Mouse,4,988.79
2044,ORD1294,07-12-2024,17-12-2024,Second Class,CUST1545,Sarah Miller,Corporate,UK,New York,P1008,SSD,1,970.91
2045,ORD2148,17-05-2023,23-05-2023,Second Class,CUST2617,Olivia Gupta,Corporate,Germany,Delhi,P1004,Monitor,5,868.42
2046,ORD1969,31-08-2023,10-09-2023,Second Class,CUST3191,Daniel Patel,Home Office,USA,Mumbai,P1003,Mouse,3,1229.58
2047,ORD1373,23-01-2023,02-02-2023,First Class,CUST1000,,Home Office,USA,Bangalore,P1002,Keyboard,3,2605.52
2048,ORD1600,22-05-2023,01-01-2022,Same Day,CUST1289,Rahul Miller,Home Office,USA,Mumbai,P1005,Headphones,8,1690.43
2049,ORD1657,01-06-2025,03-06-2025,First Class,CUST2401,Michael Sharma,Consumer,Canada,London,P1006,Printer,7,2863.55
2050,ORD2247,29-09-2024,01-10-2024,Second Class,CUST1509,John Smith,Home Office,UnknownCountry,New York,P1004,Monitor,4,1106.55
2051,ORD1316,08-07-2023,15-07-2023,Second Class,CUST3018,Priya Gupta,Corporate,USA,Bangalore,P1003,Mouse,2,2100.13
2052,ORD2486,02-06-2024,03-06-2024,Same Day,CUST2223,Anjali Gupta,Consumer,Canada,Mumbai,P1007,Router,4,2814.63
2053,ORD1107,01-09-2023,08-09-2023,First Class,CUST2282,Michael Miller,Home Office,UK,Delhi,P1001,Laptop,5,469.83
2054,ORD1076,17-10-2024,25-10-2024,Standard Class,CUST1541,Olivia Gupta,Corporate,India,Toronto,P1005,Headphones,8,3918.43
2055,ORD1751,02-06-2024,05-06-2024,Same Day,CUST2721,Michael Patel,Home Office,India,Toronto,P1007,Router,3,118.28
2056,ORD1081,08-09-2023,15-09-2023,First Class,CUST2652,Olivia Wilson,Corporate,India,New York,P1004,Monitor,10,2266.69
2057,ORD1645,01-09-2024,09-09-2024,Standard Class,CUST3141,Olivia Davis,Home Office,Germany,Berlin,P1004,Monitor,10,4201.28
2058,ORD2450,12-10-2023,22-10-2023,First Class,CUST3452,Olivia Taylor,Corporate,India,London,P1002,Keyboard,6,120.32
2059,ORD1577,03-09-2024,07-09-2024,Same Day,CUST2787,David Davis,Consumer,USA,Bangalore,P1003,Mouse,10,1323.44
2060,ORD1780,14-04-2023,17-04-2023,Second Class,CUST3244,Rahul Taylor,Home Office,India,Pune,P1002,Keyboard,6,3098.79
2061,ORD2151,14-12-2023,18-12-2023,Standard Class,CUST1016,Anjali Johnson,Consumer,UnknownCountry,Toronto,P1005,Headphones,3,730.48
2062,ORD1395,16-04-2025,26-04-2025,Same Day,CUST2229,Michael Brown,Corporate,Canada,Berlin,P1005,Headphones,9,3495.61
2063,ORD1131,17-05-2025,26-05-2025,Second Class,CUST1839,Priya Taylor,Home Office,Germany,Berlin,P1003,Mouse,1,1682.65
2064,ORD2119,18-05-2025,23-05-2025,Same Day,CUST3138,John Sharma,Home Office,India,Bangalore,P1002,Keyboard,5,2898.9
2065,ORD1757,15-02-2024,20-02-2024,First Class,CUST2603,John Patel,Home Office,Canada,Berlin,P1008,SSD,10,1383.23
2066,ORD1792,17-07-2023,26-07-2023,Standard Class,CUST2821,Michael Davis,Corporate,India,Mumbai,P1004,Monitor,9,343.8
2067,ORD1288,03-03-2024,05-03-2024,Same Day,CUST1542,John Johnson,Corporate,UK,London,P1007,Router,6,3675.65
2068,ORD2401,02-06-2024,09-06-2024,First Class,CUST3044,Sneha Taylor,Corporate,UK,London,P1005,Headphones,6,4447.91
2069,ORD1721,13-04-2023,16-04-2023,Same Day,CUST2765,David Smith,Consumer,India,Toronto,P1005,Headphones,9,2259.73
2070,ORD2067,16-03-2025,23-03-2025,First Class,CUST1235,Emily Johnson,Corporate,Canada,London,P1003,Mouse,5,1659.23
2071,ORD1315,29-06-2023,04-07-2023,First Class,CUST1281,Chris Taylor,Home Office,Germany,Berlin,P1005,Headphones,5,-100
2072,ORD1413,26-07-2023,04-08-2023,Same Day,CUST1069,Amit Davis,Corporate,Canada,Mumbai,P1007,Router,2,2290.54
2073,ORD1502,23-02-2024,27-02-2024,Invalid Mode,CUST2096,Michael Davis,Home Office,Canada,Mumbai,P1001,Laptop,3,273.85
2074,ORD2420,07-12-2023,08-12-2023,Standard Class,CUST3493,Chris Wilson,Home Office,India,Bangalore,P1004,Monitor,5,3356.47
2075,ORD1024,20-08-2024,27-08-2024,Same Day,CUST3442,Priya Miller,Corporate,USA,New York,P1002,Keyboard,6,4950.66
2076,ORD2137,03-10-2023,05-10-2023,First Class,CUST2594,Rahul Wilson,Home Office,India,New York,P1004,Monitor,6,4576.15
2077,ORD1950,29-07-2023,04-08-2023,Same Day,CUST2225,Amit Smith,Home Office,UK,Berlin,P1007,Router,4,2886.53
2078,ORD2386,20-01-2023,26-01-2023,Second Class,CUST2770,John Brown,Home Office,Germany,New York,P1001,Laptop,5,778.34
2079,ORD1090,31-03-2025,04-04-2025,First Class,CUST3172,,Corporate,Germany,New York,P1002,Keyboard,10,4215.58
2080,ORD1035,24-04-2024,28-04-2024,Second Class,CUST1167,Sarah Johnson,Home Office,Canada,Berlin,P1005,Headphones,8,1464.23
2081,ORD1894,16-04-2024,22-04-2024,Standard Class,CUST2264,Jane Taylor,Corporate,UK,Delhi,P1006,Printer,4,68.28
2082,ORD2069,31-12-2099,14-02-2025,Same Day,CUST3106,Chris Wilson,Consumer,Germany,Toronto,P1006,Printer,3,1261.23
2083,ORD1450,22-06-2023,29-06-2023,First Class,CUST3247,Robert Miller,Corporate,USA,Berlin,P1001,Laptop,7,4201.29
2084,ORD1599,12-06-2024,16-06-2024,Same Day,CUST1788,Anjali Smith,Corporate,Canada,Delhi,P1002,Keyboard,10,1107.5
2085,ORD2315,28-11-2024,30-11-2024,Standard Class,CUST3169,Olivia Johnson,Corporate,Germany,Delhi,P1006,Printer,5,3905.75
2086,ORD1781,23-04-2025,29-04-2025,First Class,CUST2697,Rahul Taylor,Home Office,India,Toronto,P1006,Printer,3,1216.05
2087,ORD1942,12-01-2025,15-01-2025,Same Day,CUST1487,Priya Miller,Home Office,Germany,Mumbai,P1004,Monitor,3,4425.32
2088,ORD1466,27-04-2024,07-05-2024,Standard Class,CUST2754,Emily Wilson,Home Office,Germany,Berlin,P1001,Laptop,1,3371.94
2089,ORD2130,15-10-2023,23-10-2023,First Class,CUST2062,Jane Gupta,Corporate,Canada,London,P1008,SSD,6,1052.5
2090,ORD2074,21-03-2023,30-03-2023,Same Day,CUST1860,Priya Taylor,Consumer,UK,Pune,P1001,Laptop,6,2495.86
2091,ORD1118,25-07-2024,04-08-2024,First Class,CUST3088,Rahul Sharma,Consumer,Canada,Bangalore,P1005,Headphones,9,1354.69
2092,ORD2048,29-03-2024,05-04-2024,Standard Class,CUST1637,John Gupta,Corporate,India,Delhi,P1004,Monitor,4,2988.71
2093,ORD2395,22-04-2023,25-04-2023,Standard Class,CUST2366,Anjali Johnson,Home Office,Germany,Pune,P1002,Keyboard,3,4645.57
2094,ORD2325,19-03-2025,28-03-2025,Standard Class,CUST3092,Chris Brown,Consumer,Canada,Mumbai,P1007,Router,7,1970.72
2095,ORD2220,07-02-2023,09-02-2023,Same Day,CUST3400,Michael Davis,Corporate,USA,Delhi,P1001,Laptop,7,2788.73
2096,ORD1473,18-08-2023,23-08-2023,First Class,CUST3488,Olivia Gupta,Consumer,USA,London,P1007,Router,1,2132.58
2097,ORD1671,16-04-2024,25-04-2024,Second Class,CUST1782,Emily Patel,Home Office,Canada,Mumbai,P1007,Router,8,2239.18
2098,ORD1207,23-02-2025,26-02-2025,Standard Class,CUST2322,Emily Patel,Home Office,India,London,P1004,Monitor,8,3396.79
2099,ORD1067,02-01-2024,05-01-2024,Same Day,CUST3471,Sneha Davis,Home Office,UnknownCountry,New York,P1002,Keyboard,5,271.33
2100,ORD1752,05-06-2024,14-06-2024,Standard Class,CUST1312,David Johnson,Corporate,Canada,Mumbai,P1004,Monitor,2,3775.09
2101,ORD1464,25-10-2024,31-10-2024,Second Class,CUST2640,Amit Gupta,Consumer,UK,Toronto,P1001,Laptop,9,3028.62
2102,ORD1076,19-08-2024,27-08-2024,Same Day,CUST3202,John Brown,Consumer,UK,New York,P1008,SSD,6,2160.44
2103,ORD1597,27-09-2023,04-10-2023,First Class,CUST1101,Olivia Davis,Corporate,Canada,New York,P1008,SSD,1,378.65
2104,ORD1446,18-05-2023,28-05-2023,Same Day,CUST1895,Chris Gupta,Home Office,USA,Pune,P1006,Printer,6,2932.35
2105,ORD2020,10-01-2024,18-01-2024,Second Class,CUST2798,Sarah Johnson,Home Office,Canada,Bangalore,P1003,Mouse,1,726.69
2106,ORD1181,06-12-2023,15-12-2023,First Class,CUST1670,Daniel Davis,Consumer,USA,New York,P1006,Printer,2,1910.78
2107,ORD1763,12-03-2023,21-03-2023,First Class,CUST3201,Sarah Miller,Corporate,Canada,Mumbai,P1006,Printer,8,4556.39
2108,ORD1614,26-10-2023,02-11-2023,First Class,CUST2592,Michael Johnson,Corporate,Germany,London,P1008,SSD,9,1453.01
2109,ORD1168,04-10-2024,12-10-2024,Standard Class,CUST2739,Jane Gupta,Consumer,UK,Mumbai,P1005,Headphones,3,4492.92
2110,ORD1157,09-06-2024,11-06-2024,Standard Class,CUST2174,Olivia Johnson,Consumer,UK,New York,P1007,Router,8,1963.69
2111,ORD1119,23-12-2024,02-01-2025,Second Class,CUST2994,Chris Gupta,Corporate,India,Delhi,P1005,Headphones,10,4061.31
2112,ORD1256,02-07-2024,09-07-2024,Second Class,CUST1824,Chris Smith,Consumer,Canada,London,P1005,Headphones,1,2896.93
2113,ORD2322,22-08-2024,29-08-2024,Standard Class,CUST3284,Olivia Davis,Corporate,Canada,Berlin,P1003,Mouse,8,659.42
2114,ORD1773,01-03-2024,08-03-2024,Standard Class,CUST1006,Michael Patel,Home Office,Canada,Bangalore,P1007,Router,5,910.79
2115,ORD1065,18-05-2023,21-05-2023,Second Class,CUST2100,Rahul Miller,Home Office,India,Pune,P1003,Mouse,4,3639.73
2116,ORD1867,21-07-2024,25-07-2024,Same Day,CUST2466,Rahul Smith,Consumer,Canada,Berlin,P1007,Router,10,407.23
2117,ORD1306,12-10-2024,17-10-2024,Same Day,CUST1492,David Wilson,Consumer,Germany,Delhi,P1005,Headphones,4,1264.3
2118,ORD1717,06-03-2023,14-03-2023,Same Day,CUST2476,Robert Wilson,Consumer,Canada,Mumbai,P1005,Headphones,2,2770.45
2119,ORD1504,16-05-2024,19-05-2024,Second Class,CUST1272,Rahul Miller,Corporate,Canada,London,P1007,Router,6,2934.11
2120,ORD1323,16-10-2024,19-10-2024,Same Day,CUST2538,Daniel Wilson,Consumer,UK,Mumbai,P1008,SSD,1,1120.84
2121,ORD2121,28-11-2023,29-11-2023,First Class,CUST2406,Jane Davis,Corporate,UK,New York,P1003,Mouse,9,-100
2122,ORD1288,04-07-2023,13-07-2023,Standard Class,CUST2231,Priya Davis,Consumer,India,New York,P1004,Monitor,6,1416.17
2123,ORD2497,26-01-2025,28-01-2025,Same Day,CUST2197,Rahul Davis,Consumer,UK,Pune,P1006,Printer,2,1340.54
2124,ORD2204,13-04-2024,22-04-2024,First Class,CUST1875,Jane Brown,Home Office,India,New York,P1008,SSD,1,2936.66
2125,ORD1584,07-09-2023,15-09-2023,Same Day,CUST2740,Jane Taylor,Consumer,India,London,P1008,SSD,9,305.41
2126,ORD1204,10-01-2025,19-01-2025,Second Class,CUST1351,David Davis,Home Office,India,London,P1008,SSD,2,4694.68
2127,ORD1512,23-08-2023,30-08-2023,Same Day,CUST1699,Sneha Johnson,Consumer,Canada,Pune,P1008,SSD,9,2307.73
2128,ORD1092,21-09-2024,28-09-2024,Same Day,CUST2233,Michael Patel,Corporate,India,Toronto,P1006,Printer,9,3275.9
2129,ORD1004,27-05-2023,03-06-2023,Second Class,CUST1295,Emily Wilson,Consumer,USA,Mumbai,P1004,Monitor,7,214.54
2130,ORD1378,19-07-2023,20-07-2023,Same Day,CUST2373,Sneha Patel,Home Office,India,London,P1003,Mouse,3,882.59
2131,ORD1195,09-04-2023,14-04-2023,Standard Class,CUST2653,Robert Gupta,Consumer,India,London,P1003,Mouse,2,1317.67
2132,ORD2205,02-08-2024,05-08-2024,Standard Class,CUST2645,Robert Davis,Consumer,UnknownCountry,Delhi,P1001,Laptop,3,721.63
2133,ORD1279,12-10-2023,13-10-2023,First Class,CUST1950,Daniel Miller,Consumer,USA,Delhi,P1001,Laptop,1,1893.57
2134,ORD1286,01-11-2024,02-11-2024,Standard Class,CUST1309,Jane Davis,Corporate,Germany,New York,P1002,Keyboard,4,1156.95
2135,ORD1206,17-07-2023,21-07-2023,First Class,CUST1743,Amit Sharma,Consumer,USA,Delhi,P1003,Mouse,4,3678.04
2136,ORD1520,10-12-2023,17-12-2023,First Class,CUST1517,Sarah Wilson,Consumer,Germany,Toronto,P1005,Headphones,5,3873.95
2137,ORD1610,16-09-2024,24-09-2024,Standard Class,CUST1709,David Miller,Home Office,Canada,Toronto,P1007,Router,4,1374.73
2138,ORD1111,17-01-2025,27-01-2025,Second Class,CUST2791,Chris Gupta,Home Office,Canada,Bangalore,P1006,Printer,5,3326.26
2139,ORD2126,14-10-2024,20-10-2024,Same Day,CUST1950,Emily Sharma,Consumer,UK,Delhi,P1003,Mouse,7,4910.09
2140,ORD1827,15-01-2024,21-01-2024,First Class,CUST2998,Chris Sharma,Consumer,UK,Bangalore,P1002,Keyboard,9,349.86
2141,ORD1853,02-03-2024,07-03-2024,First Class,CUST2936,Chris Patel,Consumer,USA,Toronto,P1002,Keyboard,10,3504.95
2142,ORD1326,23-10-2023,31-10-2023,Same Day,CUST2778,Anjali Patel,Home Office,USA,London,P1005,Headphones,4,2827.91
2143,ORD2431,06-12-2024,13-12-2024,First Class,CUST2023,Michael Wilson,Consumer,Canada,Berlin,P1003,Mouse,10,796.14
2144,ORD1211,13-12-2023,21-12-2023,Second Class,CUST2874,Daniel Sharma,Consumer,Germany,Bangalore,P1002,Keyboard,6,1393.69
2145,ORD2350,21-10-2023,28-10-2023,Same Day,CUST2009,Sneha Miller,Consumer,Canada,Pune,P1006,Printer,7,3667.11
2146,ORD1301,31-10-2023,10-11-2023,Second Class,CUST3492,Chris Taylor,Home Office,India,Toronto,P1008,SSD,2,1804.7
2147,ORD1459,20-11-2024,29-11-2024,Standard Class,CUST2612,Olivia Taylor,Home Office,USA,Berlin,P1002,Keyboard,2,194.67
2148,ORD1047,24-05-2024,28-05-2024,Second Class,CUST2554,John Gupta,Home Office,USA,Mumbai,P1008,SSD,2,1405.65
2149,ORD2256,09-03-2024,17-03-2024,Second Class,CUST2583,Anjali Wilson,Home Office,USA,Pune,P1001,Laptop,3,4897.1
2150,ORD1584,12-02-2024,16-02-2024,Same Day,CUST2625,Michael Patel,Home Office,UK,Delhi,P1005,Headphones,10,4957.9
2151,ORD2296,18-06-2023,25-06-2023,First Class,CUST2660,Sarah Davis,Home Office,India,Berlin,P1005,Headphones,3,3752.85
2152,ORD2198,31-05-2025,10-06-2025,Standard Class,CUST1881,Robert Miller,Corporate,Germany,Pune,P1005,Headphones,2,948.53
2153,ORD1847,20-12-2024,27-12-2024,Same Day,CUST1362,Rahul Sharma,Corporate,India,Toronto,P1005,Headphones,9,1159.77
2154,ORD1673,14-08-2023,24-08-2023,Standard Class,CUST1429,Robert Johnson,Consumer,UK,Mumbai,P1002,Keyboard,2,2036.69
2155,ORD2471,10-09-2023,20-09-2023,Standard Class,CUST1333,Sarah Davis,Consumer,UK,New York,P1005,Headphones,4,2407.38
2156,ORD2363,05-03-2024,13-03-2024,First Class,CUST3185,Chris Johnson,Corporate,India,New York,P1004,Monitor,2,3655.43
2157,ORD1145,04-06-2025,11-06-2025,Second Class,CUST1154,Jane Wilson,Home Office,India,Pune,P1008,SSD,7,101.59
2158,ORD1579,15-08-2024,25-08-2024,Standard Class,CUST1194,Daniel Wilson,Home Office,USA,Mumbai,P1002,Keyboard,3,2671.7
2159,ORD1854,23-05-2025,30-05-2025,Same Day,CUST3229,John Johnson,Home Office,Germany,Mumbai,P1002,Keyboard,4,1495.29
2160,ORD1249,15-05-2025,19-05-2025,First Class,CUST2238,Amit Wilson,Consumer,India,Bangalore,P1005,Headphones,6,1027.53
2161,ORD1871,04-03-2023,12-03-2023,Same Day,CUST3423,Jane Davis,Home Office,Canada,Mumbai,P1002,Keyboard,2,1653.43
2162,ORD1984,12-04-2023,14-04-2023,Standard Class,CUST1832,Olivia Brown,Home Office,India,New York,P1008,SSD,1,4981.98
2163,ORD1621,20-04-2024,21-04-2024,Standard Class,CUST2185,Jane Johnson,Consumer,Germany,Berlin,P1003,Mouse,5,1619.71
2164,ORD1992,14-12-2024,16-12-2024,Same Day,CUST2951,Daniel Taylor,Corporate,Canada,Toronto,P1004,Monitor,5,4307.92
2165,ORD1384,11-09-2024,13-09-2024,Standard Class,CUST1153,,Corporate,Germany,Pune,P1004,Monitor,7,654.47
2166,ORD2182,21-10-2023,24-10-2023,Second Class,CUST1487,Emily Wilson,Consumer,India,Bangalore,P1004,Monitor,2,4604.4
2167,ORD1446,06-12-2023,07-12-2023,Same Day,CUST1759,Robert Johnson,Corporate,Germany,New York,P1007,Router,6,1718.82
2168,ORD1661,29-06-2023,07-07-2023,Standard Class,CUST1008,Michael Patel,Corporate,Canada,Pune,P1005,Headphones,8,2939.56
2169,ORD2223,22-12-2024,01-01-2025,First Class,CUST2744,Robert Miller,Corporate,Germany,Bangalore,P1005,Headphones,1,201.6
2170,ORD1217,28-08-2024,03-09-2024,Same Day,CUST2424,Sneha Sharma,Consumer,UK,London,P1007,Router,9,1516.41
2171,ORD1298,22-05-2025,25-05-2025,Standard Class,CUST2866,Michael Sharma,Corporate,USA,London,P1008,SSD,7,1866.44
2172,ORD1530,27-01-2024,28-01-2024,Standard Class,CUST1175,Jane Wilson,Home Office,UK,Pune,P1008,SSD,4,75.21
2173,ORD1774,05-06-2024,12-06-2024,First Class,CUST1165,Chris Taylor,Corporate,India,Mumbai,P1003,Mouse,1,4843.65
2174,ORD1843,23-02-2024,03-03-2024,First Class,CUST1410,Priya Brown,Home Office,USA,Mumbai,P1001,Laptop,8,2067.84
2175,ORD1393,28-05-2024,30-05-2024,First Class,CUST1660,Michael Davis,Consumer,Germany,Delhi,P1002,Keyboard,3,916.2
2176,ORD1317,18-10-2023,19-10-2023,Same Day,CUST2338,Daniel Brown,Home Office,USA,London,P1005,Headphones,10,2975.72
2177,ORD1608,02-02-2023,03-02-2023,Standard Class,CUST1159,Anjali Taylor,Corporate,Canada,Pune,P1005,Headphones,4,1896.48
2178,ORD1208,22-12-2024,24-12-2024,First Class,CUST1121,Daniel Patel,Consumer,UK,Berlin,P1004,Monitor,3,865.42
2179,,27-06-2024,07-07-2024,Standard Class,CUST2788,David Johnson,Home Office,UK,Berlin,P1003,Mouse,9,4903.69
2180,ORD2226,16-02-2025,24-02-2025,Standard Class,CUST1522,Olivia Taylor,Consumer,India,Mumbai,P1004,Monitor,5,556.52
2181,ORD1589,06-06-2025,12-06-2025,First Class,CUST1316,Rahul Patel,Consumer,Germany,Pune,,Monitor,5,1475.16
2182,ORD2138,24-02-2024,03-03-2024,Second Class,CUST3255,John Brown,Consumer,Germany,Bangalore,P1005,Headphones,1,1958.35
2183,ORD1705,24-05-2024,02-06-2024,Second Class,CUST2903,Amit Miller,Consumer,USA,Pune,P1001,Laptop,4,4128.34
2184,ORD2270,12-01-2025,20-01-2025,Second Class,CUST2648,Rahul Miller,Consumer,UK,London,P1005,Headphones,9,1649.66
2185,ORD1705,19-05-2024,25-05-2024,Standard Class,CUST3231,Chris Wilson,Consumer,Germany,Mumbai,P1005,Headphones,7,3033.58
2186,ORD1880,03-08-2024,04-08-2024,First Class,CUST1627,Amit Miller,Home Office,Canada,Mumbai,P1005,Headphones,7,380.05
2187,ORD1099,02-02-2024,08-02-2024,Same Day,CUST1985,Sarah Gupta,Corporate,UK,Berlin,P1007,Router,1,460.82
2188,ORD1651,28-05-2023,05-06-2023,Standard Class,CUST1912,Robert Taylor,Consumer,UK,Mumbai,P1007,Router,3,1820.69
2189,ORD2300,21-01-2023,30-01-2023,Second Class,CUST2961,Anjali Sharma,Home Office,Germany,Delhi,P1005,Headphones,10,4251.95
2190,ORD1605,03-10-2023,08-10-2023,Same Day,CUST1738,Emily Smith,Home Office,UK,Delhi,P1008,SSD,4,3732.54
2191,ORD1513,28-06-2023,02-07-2023,Standard Class,CUST1130,David Johnson,Corporate,USA,New York,P1005,Headphones,2,3614.72
2192,ORD1700,10-09-2023,17-09-2023,First Class,CUST3189,Emily Patel,Corporate,UK,Mumbai,P1002,Keyboard,7,911.88
2193,ORD2021,30-07-2024,06-08-2024,Second Class,CUST2136,Michael Patel,Corporate,India,Bangalore,P1001,Laptop,4,1147.04
2194,ORD1295,27-09-2024,03-10-2024,First Class,CUST1742,Olivia Davis,Consumer,UK,Delhi,P1005,Headphones,9,1965.03
2195,ORD1094,14-10-2023,15-10-2023,Same Day,CUST2606,Michael Miller,Home Office,India,Berlin,P1003,Mouse,3,541.08
2196,ORD1605,10-06-2023,20-06-2023,Second Class,CUST1108,David Johnson,Corporate,Canada,Delhi,P1003,Mouse,2,1827.95
2197,ORD1493,27-08-2024,30-08-2024,Same Day,CUST3474,Sarah Gupta,Consumer,Canada,Bangalore,P1007,Router,3,4106.06
2198,ORD1067,09-08-2023,11-08-2023,Second Class,CUST3048,John Wilson,Home Office,UK,Mumbai,P1004,Monitor,3,798.56
2199,ORD1856,08-04-2023,18-04-2023,Standard Class,CUST3361,Sarah Davis,Consumer,UK,Bangalore,P1001,Laptop,8,3040.77
2200,ORD1173,10-09-2024,11-09-2024,Standard Class,CUST1088,Michael Miller,Home Office,UK,Toronto,P1001,Laptop,2,1915.08
2201,ORD1377,11-05-2025,17-05-2025,First Class,CUST3016,Jane Taylor,Home Office,UK,London,P1007,Router,10,1580.07
2202,ORD2489,05-04-2024,15-04-2024,Second Class,CUST1001,David Patel,Home Office,USA,Delhi,P1003,Mouse,4,460.08
2203,ORD1788,28-10-2024,05-11-2024,Standard Class,CUST2166,Emily Sharma,Corporate,Canada,New York,P1008,SSD,4,2247.49
2204,ORD1242,21-09-2024,26-09-2024,Second Class,CUST1427,Olivia Johnson,Home Office,Canada,Berlin,P1006,Printer,7,4847.52
2205,ORD2457,14-03-2024,20-03-2024,First Class,CUST1724,Sneha Gupta,Home Office,Canada,Pune,P1001,Laptop,3,181.19
2206,ORD2178,13-06-2023,22-06-2023,First Class,CUST2952,Amit Smith,Corporate,India,Mumbai,P1002,Keyboard,3,703.62
2207,ORD1141,22-11-2024,24-11-2024,Same Day,CUST3240,Sneha Gupta,Consumer,Canada,Berlin,P1007,Router,7,1062.26
2208,ORD1503,19-05-2023,22-05-2023,Same Day,CUST1504,Amit Patel,Home Office,USA,Pune,P1004,Monitor,3,1923.83
2209,ORD2302,13-06-2024,18-06-2024,Same Day,CUST1903,Olivia Gupta,Consumer,India,New York,P1006,Printer,3,3051.06
2210,ORD1394,23-01-2023,24-01-2023,Second Class,CUST2857,Daniel Patel,Consumer,Germany,Delhi,P1001,Laptop,4,3530.04
2211,ORD1149,01-08-2023,04-08-2023,Same Day,CUST2411,Rahul Taylor,Corporate,Canada,Bangalore,P1005,Headphones,3,4855.95
2212,ORD2096,31-12-2024,05-01-2025,Same Day,CUST3268,Sarah Gupta,Corporate,UK,Pune,P1002,Keyboard,6,4482.81
2213,ORD2072,23-05-2023,24-05-2023,Standard Class,CUST2125,Sneha Smith,Corporate,UK,Delhi,P1002,Keyboard,7,1994.95
2214,ORD1376,17-03-2024,25-03-2024,First Class,CUST1260,Chris Brown,Corporate,USA,New York,P1004,Monitor,6,4718.18
2215,ORD1451,07-04-2025,11-04-2025,First Class,CUST2606,Emily Sharma,Home Office,Canada,Toronto,P1008,SSD,5,2668.23
2216,ORD2047,28-10-2023,07-11-2023,Second Class,CUST1674,David Miller,Corporate,UK,Pune,,Router,1,1568.79
2217,ORD2280,22-05-2023,28-05-2023,Same Day,CUST3369,Michael Miller,Corporate,UK,Toronto,P1001,Laptop,9,4647.61
2218,ORD1224,27-05-2023,28-05-2023,Second Class,CUST2832,Olivia Sharma,Home Office,Canada,Delhi,P1007,Router,10,4726.06
2219,ORD1654,20-12-2024,01-01-2022,Second Class,CUST2054,Sneha Wilson,Consumer,India,Delhi,P1008,SSD,10,595.72
2220,ORD1895,08-06-2025,14-06-2025,Second Class,CUST1603,Chris Davis,Corporate,Canada,Berlin,P1001,Laptop,9,4920.63
2221,ORD2412,25-05-2025,26-05-2025,First Class,CUST3018,Anjali Miller,Corporate,USA,London,P1005,Headphones,2,4326.89
2222,ORD1596,15-12-2024,16-12-2024,Standard Class,CUST1833,Sarah Miller,Home Office,USA,Pune,P1008,SSD,5,2291.28
2223,ORD2393,11-05-2025,14-05-2025,Second Class,CUST2821,Sneha Brown,Home Office,India,New York,P1004,Monitor,6,366.95
2224,ORD1808,14-05-2024,21-05-2024,Standard Class,CUST2619,Sarah Sharma,Home Office,USA,Delhi,P1008,SSD,9,2160.38
2225,ORD1008,26-04-2023,28-04-2023,Second Class,CUST1110,Daniel Smith,Home Office,Germany,New York,P1003,Mouse,9,4594.62
2226,ORD1259,02-02-2024,07-02-2024,Second Class,CUST1870,Robert Gupta,Home Office,Germany,Toronto,P1004,Monitor,1,4737.63
2227,ORD2043,20-06-2023,29-06-2023,Same Day,CUST1351,Anjali Davis,Corporate,India,London,P1007,Router,5,3052.62
2228,ORD1585,21-03-2024,31-03-2024,Standard Class,CUST3303,Emily Sharma,Corporate,Germany,Mumbai,P1003,Mouse,2,4342.08
2229,ORD1298,25-09-2023,05-10-2023,Standard Class,CUST3309,Olivia Davis,Corporate,India,Mumbai,P1006,Printer,2,585.99
2230,ORD1679,26-10-2023,02-11-2023,Same Day,CUST2413,Chris Taylor,Home Office,India,Mumbai,P1002,Keyboard,4,4760.71
2231,ORD2043,13-08-2024,14-08-2024,First Class,CUST1279,John Wilson,Consumer,UK,Bangalore,P1005,Headphones,2,1775.43
2232,ORD1788,05-06-2024,11-06-2024,Second Class,CUST2352,Sarah Taylor,Home Office,India,New York,P1002,Keyboard,9,3246.34
2233,ORD1977,14-11-2023,22-11-2023,First Class,CUST3071,John Davis,Consumer,Germany,Mumbai,P1006,Printer,2,4614.76
2234,ORD2057,22-11-2023,29-11-2023,Same Day,CUST1450,Priya Gupta,Home Office,UK,Mumbai,P1005,Headphones,2,4812.23
2235,ORD2245,08-02-2023,11-02-2023,Standard Class,CUST2658,Olivia Miller,Home Office,Germany,Bangalore,P1008,SSD,8,3523.55
2236,ORD1892,06-04-2023,08-04-2023,Invalid Mode,CUST2737,Chris Taylor,Corporate,India,Pune,P1006,Printer,10,2877.87
2237,ORD1789,25-03-2024,31-03-2024,Second Class,CUST1654,Robert Johnson,Corporate,India,London,P1004,Monitor,1,1697.56
2238,ORD2098,01-08-2023,07-08-2023,First Class,CUST2460,Sneha Taylor,Consumer,Germany,London,P1004,Monitor,7,1669.39
2239,ORD2445,03-06-2023,12-06-2023,Second Class,CUST2493,Sarah Davis,Home Office,Germany,Delhi,P1006,Printer,5,838.15
2240,ORD1819,06-11-2024,09-11-2024,Same Day,CUST2974,,Consumer,India,London,P1002,Keyboard,9,4081.2
2241,ORD1871,14-03-2024,23-03-2024,Second Class,CUST1017,Daniel Davis,Consumer,USA,London,P1008,SSD,4,830.07
2242,ORD1946,03-07-2023,11-07-2023,Same Day,CUST3426,Amit Davis,Corporate,UK,Pune,P1007,Router,6,4064.48
2243,ORD2454,04-03-2023,07-03-2023,Second Class,CUST3121,Emily Wilson,Corporate,India,Bangalore,P1006,Printer,1,4028.77
2244,ORD1956,17-04-2025,21-04-2025,Same Day,CUST1512,Olivia Smith,Home Office,Canada,Bangalore,P1001,Laptop,9,4331.89
2245,ORD1341,10-05-2024,18-05-2024,Same Day,CUST1474,Jane Taylor,Corporate,USA,London,P1008,SSD,3,3481.81
2246,ORD1984,31-12-2099,08-11-2024,Second Class,CUST1004,Chris Miller,Consumer,India,Berlin,P1007,Router,2,774.81
2247,ORD1098,27-04-2025,30-04-2025,Second Class,CUST1792,David Wilson,Corporate,USA,Mumbai,P1005,Headphones,6,3707.35
2248,ORD1990,19-05-2025,27-05-2025,Standard Class,CUST2749,Olivia Johnson,Home Office,UnknownCountry,Berlin,P1008,SSD,2,1912.18
2249,ORD2453,16-09-2024,23-09-2024,Same Day,CUST2649,Chris Gupta,Corporate,UK,Mumbai,P1006,Printer,10,3066.53
2250,ORD2395,22-01-2024,31-01-2024,Second Class,CUST2177,Chris Wilson,Consumer,India,London,P1004,Monitor,3,849.31
2251,ORD1576,22-05-2023,29-05-2023,Second Class,CUST2879,Rahul Davis,Home Office,USA,Delhi,P1006,Printer,2,2918.3
2252,ORD1529,07-09-2023,17-09-2023,Same Day,CUST1087,Emily Wilson,Corporate,USA,Toronto,P1001,Laptop,1,3823.2
2253,ORD1685,19-05-2024,29-05-2024,Standard Class,CUST2346,John Johnson,Consumer,India,Toronto,P1002,Keyboard,3,2124.34
2254,ORD1062,31-05-2024,01-06-2024,Same Day,CUST2428,Amit Miller,Home Office,USA,New York,P1003,Mouse,8,4553.19
2255,ORD2224,11-04-2024,20-04-2024,Second Class,CUST2305,David Taylor,Home Office,USA,London,P1004,Monitor,8,4477.43
2256,ORD2229,11-07-2023,13-07-2023,Same Day,CUST2933,Rahul Johnson,Corporate,Canada,Bangalore,P1005,Headphones,9,4624.43
2257,ORD2297,01-02-2024,06-02-2024,Second Class,CUST1093,Olivia Davis,Consumer,Canada,Delhi,P1004,Monitor,7,2145.25
2258,ORD1299,08-03-2025,17-03-2025,First Class,CUST2609,,Corporate,UnknownCountry,Delhi,P1003,Mouse,8,3365.56
2259,ORD1594,03-01-2023,04-01-2023,Second Class,CUST1085,Amit Sharma,Home Office,India,Pune,P1001,Laptop,5,3349.37
2260,ORD1772,19-03-2025,20-03-2025,Standard Class,CUST3413,John Taylor,Corporate,UK,Bangalore,P1006,Printer,3,2502.76
2261,ORD1234,15-02-2024,19-02-2024,Second Class,CUST1960,Emily Sharma,Home Office,USA,Toronto,P1001,Laptop,10,3578.2
2262,ORD1411,11-04-2025,12-04-2025,Standard Class,CUST1232,Anjali Smith,Home Office,India,Bangalore,P1002,Keyboard,2,2787.57
2263,ORD2067,27-04-2023,28-04-2023,Standard Class,CUST1710,Amit Davis,Corporate,UK,Pune,P1005,Headphones,6,2741.59
2264,ORD2229,13-02-2025,16-02-2025,Second Class,CUST1202,Olivia Wilson,Home Office,USA,Berlin,P1001,Laptop,7,2152.25
2265,ORD1496,27-02-2025,06-03-2025,Second Class,CUST3186,Olivia Smith,Home Office,India,Delhi,P1007,Router,3,3388.18
2266,ORD1878,16-06-2024,18-06-2024,First Class,CUST2879,Olivia Wilson,Corporate,India,London,P1006,Printer,4,414.57
2267,ORD1180,07-02-2023,13-02-2023,Second Class,CUST1034,Daniel Miller,Corporate,Canada,Bangalore,P1004,Monitor,10,2266.93
2268,ORD2031,25-10-2023,28-10-2023,Standard Class,CUST2263,Michael Sharma,Home Office,USA,Berlin,P1002,Keyboard,7,3680.56
2269,ORD1729,25-10-2024,26-10-2024,Same Day,CUST2989,Robert Gupta,Home Office,India,Berlin,P1002,Keyboard,8,2020.74
2270,ORD1256,04-11-2024,13-11-2024,Same Day,CUST1967,Robert Taylor,Home Office,UK,Mumbai,P1004,Monitor,2,3657.11
2271,ORD1812,19-06-2025,22-06-2025,Same Day,CUST1704,Rahul Brown,Consumer,Canada,Toronto,P1008,SSD,7,2247.07
2272,ORD2415,11-06-2024,12-06-2024,Same Day,CUST2626,Jane Sharma,Corporate,USA,Delhi,P1004,Monitor,9,4588.04
2273,ORD2233,23-11-2024,02-12-2024,Same Day,CUST2193,Rahul Miller,Consumer,UK,Pune,P1001,Laptop,3,1651.12
2274,ORD2274,03-05-2024,11-05-2024,Second Class,CUST2776,Emily Miller,Corporate,Canada,New York,P1008,SSD,1,2767.77
2275,ORD1384,24-07-2024,30-07-2024,First Class,CUST1120,Olivia Johnson,Home Office,UK,Pune,P1001,Laptop,8,591.33
2276,ORD1793,04-12-2023,12-12-2023,Standard Class,CUST1569,Rahul Patel,Corporate,UK,Pune,P1004,Monitor,9,2687.74
2277,ORD1164,25-10-2024,27-10-2024,Same Day,CUST1161,John Patel,Consumer,India,Delhi,P1005,Headphones,5,1385.36
2278,ORD2441,15-10-2024,18-10-2024,Same Day,CUST2431,Sneha Gupta,Consumer,USA,Mumbai,P1008,SSD,3,2968.77
2279,ORD1036,07-05-2023,09-05-2023,First Class,CUST1054,Jane Taylor,Corporate,India,Berlin,P1003,Mouse,5,896.03
2280,ORD1047,16-02-2024,26-02-2024,Second Class,CUST1742,Michael Davis,Consumer,Canada,Bangalore,P1006,Printer,2,3188.24
2281,ORD1032,29-01-2024,01-02-2024,Standard Class,CUST3041,Sneha Davis,Consumer,USA,New York,P1001,Laptop,3,4528.26
2282,ORD2333,28-12-2024,04-01-2025,First Class,CUST3351,Priya Patel,Consumer,Canada,New York,P1003,Mouse,1,3501.57
2283,ORD1668,21-05-2024,23-05-2024,First Class,CUST2601,Sneha Miller,Corporate,Canada,Berlin,P1005,Headphones,5,296.01
2284,ORD1779,09-07-2024,17-07-2024,First Class,CUST2244,David Patel,Consumer,UK,London,P1004,Monitor,2,1439.4
2285,ORD2342,15-03-2024,24-03-2024,First Class,CUST3105,Sarah Wilson,Home Office,USA,New York,P1007,Router,9,3719.98
2286,ORD1468,08-11-2024,14-11-2024,Second Class,CUST2705,Daniel Gupta,Consumer,Canada,Toronto,P1007,Router,5,2612.05
2287,ORD1492,07-06-2023,08-06-2023,Same Day,CUST2494,Amit Gupta,Consumer,Germany,New York,P1008,SSD,4,837.39
2288,ORD2332,23-02-2024,04-03-2024,First Class,CUST2231,Sarah Sharma,Home Office,UK,Mumbai,P1004,Monitor,6,167.71
2289,ORD2482,20-03-2025,25-03-2025,Standard Class,CUST2479,Anjali Smith,Home Office,USA,New York,P1006,Printer,7,2344.23
2290,ORD2500,22-04-2025,23-04-2025,Same Day,CUST1807,David Brown,Home Office,USA,Mumbai,P1001,Laptop,8,2261.84
2291,ORD2003,26-05-2023,05-06-2023,First Class,CUST2414,Sneha Smith,Consumer,Germany,Mumbai,P1006,Printer,2,2137.47
2292,ORD1686,26-07-2024,01-08-2024,First Class,CUST1157,Sneha Brown,Home Office,India,New York,,Keyboard,6,164.64
2293,ORD1378,29-07-2024,31-07-2024,Second Class,CUST2406,Sarah Johnson,Consumer,Canada,New York,P1005,Headphones,4,4130.6
2294,ORD2006,27-09-2024,03-10-2024,Standard Class,CUST1411,Jane Brown,Consumer,UK,Mumbai,P1004,Monitor,5,4969.11
2295,ORD1341,15-02-2024,21-02-2024,Same Day,CUST2082,Michael Taylor,Corporate,Canada,Delhi,P1003,Mouse,6,599.5
2296,ORD1104,20-06-2024,26-06-2024,Second Class,CUST3164,Sarah Taylor,Home Office,UK,London,P1008,SSD,5,1744
2297,ORD1164,23-09-2023,30-09-2023,Standard Class,CUST3394,Sarah Patel,Consumer,India,Berlin,P1001,Laptop,5,1752.9
2298,ORD1732,17-11-2023,21-11-2023,Standard Class,CUST2711,Michael Gupta,Consumer,Germany,Pune,P1008,SSD,7,2305.36
2299,ORD1506,28-03-2024,02-04-2024,Standard Class,CUST1575,Daniel Johnson,Home Office,UK,Berlin,P1007,Router,6,4818.45
2300,ORD2472,09-01-2025,12-01-2025,First Class,CUST1415,Michael Sharma,Consumer,Germany,New York,P1007,Router,9,636.72
2301,ORD2341,28-03-2024,04-04-2024,Standard Class,CUST3413,Rahul Smith,Corporate,Germany,Bangalore,P1003,Mouse,2,3037.36
2302,ORD1883,04-09-2023,05-09-2023,First Class,CUST1302,Robert Gupta,Consumer,UK,London,P1004,Monitor,1,3575.77
2303,ORD2476,22-09-2024,02-10-2024,Second Class,CUST2715,Priya Davis,Home Office,India,Delhi,P1003,Mouse,4,1437.97
2304,ORD1469,27-04-2025,06-05-2025,First Class,CUST3056,Emily Johnson,Home Office,UK,Delhi,P1001,Laptop,1,768.99
2305,ORD2244,15-04-2025,19-04-2025,First Class,CUST2500,John Brown,Home Office,USA,Bangalore,P1007,Router,2,1269.27
2306,ORD1271,27-04-2024,03-05-2024,Same Day,CUST2550,Priya Brown,Home Office,Germany,Pune,P1006,Printer,2,3605.76
2307,ORD1599,27-08-2024,28-08-2024,First Class,CUST1794,Olivia Johnson,Home Office,USA,New York,P1005,Headphones,4,2207.6
2308,ORD2259,17-01-2024,21-01-2024,Standard Class,CUST1642,Sneha Miller,Corporate,Canada,Pune,P1002,Keyboard,2,1637.43
2309,ORD1835,31-05-2023,10-06-2023,Same Day,CUST3477,Michael Sharma,Corporate,India,Berlin,P1002,Keyboard,4,4293.3
2310,ORD2042,25-04-2023,02-05-2023,Standard Class,CUST1219,Anjali Taylor,Corporate,USA,Delhi,P1003,Mouse,3,534.85
2311,ORD2126,10-09-2023,17-09-2023,First Class,CUST2813,Sarah Gupta,Corporate,UnknownCountry,Pune,P1002,Keyboard,1,1826.98
2312,ORD2156,10-06-2024,18-06-2024,Standard Class,CUST2810,Sneha Wilson,Corporate,Germany,Pune,P1008,SSD,6,4323.77
2313,ORD1115,18-09-2023,23-09-2023,Standard Class,CUST1042,Chris Brown,Consumer,USA,Toronto,P1006,Printer,9,1257.98
2314,ORD2012,22-07-2024,01-08-2024,Second Class,CUST2268,Sneha Patel,Consumer,USA,London,P1001,Laptop,9,2028.84
2315,ORD1812,18-02-2023,22-02-2023,First Class,CUST1034,Rahul Davis,Corporate,UnknownCountry,Berlin,P1001,Laptop,6,1523.11
2316,ORD1140,03-07-2024,06-07-2024,Same Day,CUST3218,Amit Johnson,Consumer,India,Bangalore,P1004,Monitor,9,3341.9
2317,ORD1914,26-06-2023,28-06-2023,First Class,CUST1410,Sarah Davis,Corporate,Canada,Mumbai,P1001,Laptop,2,2750.19
2318,ORD1327,02-06-2023,03-06-2023,Second Class,CUST3193,Sneha Taylor,Consumer,UK,Bangalore,P1002,Keyboard,3,206.06
2319,ORD2126,27-01-2025,31-01-2025,Same Day,CUST3142,Jane Sharma,Consumer,Canada,Mumbai,P1002,Keyboard,4,2710.48
2320,ORD2385,14-11-2024,16-11-2024,Second Class,CUST2558,Rahul Smith,Corporate,Germany,New York,P1008,SSD,8,2170.63
2321,ORD1377,17-02-2023,18-02-2023,First Class,CUST1530,Jane Wilson,Home Office,India,Mumbai,P1001,Laptop,8,4570.96
2322,ORD1935,27-04-2023,04-05-2023,First Class,CUST3296,Emily Smith,Home Office,Germany,London,P1004,Monitor,2,942.5
2323,ORD1939,07-01-2023,16-01-2023,Standard Class,CUST1451,Olivia Miller,Consumer,Germany,New York,P1006,Printer,5,1840.95
2324,ORD1744,06-03-2024,16-03-2024,Second Class,CUST2619,Emily Patel,Corporate,India,Delhi,P1008,SSD,8,2167.54
2325,ORD1160,30-08-2023,07-09-2023,Standard Class,CUST3052,Amit Sharma,Consumer,Canada,Bangalore,P1008,SSD,10,1804.16
2326,ORD1218,18-05-2023,25-05-2023,Same Day,CUST3227,Sarah Smith,Corporate,UK,Berlin,P1007,Router,4,2320.89
2327,ORD1400,11-07-2024,20-07-2024,First Class,CUST1190,Michael Brown,Consumer,UK,Toronto,P1008,SSD,2,1544.53
2328,ORD1800,26-01-2024,29-01-2024,Same Day,CUST1838,Anjali Davis,Consumer,UK,Pune,P1008,SSD,2,4037.4
2329,ORD1852,08-03-2025,10-03-2025,Second Class,CUST1418,Emily Brown,Corporate,Germany,Bangalore,P1005,Headphones,2,3024.78
2330,ORD2089,24-01-2025,31-01-2025,Same Day,CUST2072,Priya Smith,Corporate,Canada,London,P1004,Monitor,7,2716.31
2331,ORD2157,01-02-2024,11-02-2024,Standard Class,CUST1886,Robert Taylor,Home Office,USA,Mumbai,P1008,SSD,1,1427.6
2332,ORD1450,13-05-2024,23-05-2024,Same Day,CUST1929,Anjali Johnson,Corporate,Germany,Delhi,P1004,Monitor,3,3908.35
2333,ORD2447,31-08-2024,02-09-2024,Same Day,CUST1236,Robert Patel,Home Office,USA,New York,P1003,Mouse,2,266.22
2334,ORD1541,21-02-2023,28-02-2023,Standard Class,CUST1335,Amit Gupta,Consumer,USA,Delhi,P1003,Mouse,5,2425.08
2335,ORD2062,17-07-2023,18-07-2023,Standard Class,CUST2828,Anjali Miller,Corporate,India,Berlin,P1002,Keyboard,6,3401.87
2336,ORD2076,19-09-2024,28-09-2024,Same Day,CUST2166,Rahul Miller,Corporate,Germany,Mumbai,P1005,Headphones,6,848.09
2337,ORD1276,20-04-2023,28-04-2023,Standard Class,CUST2143,Amit Sharma,Corporate,Canada,London,P1002,Keyboard,9,3701.96
2338,ORD2132,26-09-2024,05-10-2024,Standard Class,CUST2772,Jane Gupta,Consumer,UK,Toronto,P1002,Keyboard,4,518.83
2339,ORD1835,24-07-2023,26-07-2023,Same Day,CUST2501,Daniel Patel,Corporate,USA,Toronto,P1003,Mouse,2,2121.83
2340,ORD1624,15-09-2024,22-09-2024,Same Day,CUST3296,Amit Johnson,Consumer,Germany,Bangalore,P1004,Monitor,9,4272.08
2341,ORD2455,27-08-2024,06-09-2024,Same Day,CUST3172,Michael Smith,Consumer,USA,Mumbai,P1001,Laptop,8,430.46
2342,ORD2011,23-12-2023,27-12-2023,Standard Class,CUST2593,Sarah Davis,Corporate,India,Bangalore,P1003,Mouse,2,2377.52
2343,ORD2079,04-12-2023,09-12-2023,Standard Class,CUST2271,Anjali Miller,Consumer,USA,Berlin,P1001,Laptop,3,3026.81
2344,ORD1605,16-01-2024,25-01-2024,Second Class,CUST2399,Anjali Sharma,Consumer,Germany,Pune,P1006,Printer,3,2435.05
2345,ORD1570,20-01-2025,24-01-2025,Second Class,CUST2319,Chris Patel,Consumer,Canada,New York,P1003,Mouse,2,4176.45
2346,ORD2434,27-01-2025,30-01-2025,Standard Class,CUST2040,Daniel Gupta,Corporate,USA,Pune,P1006,Printer,3,3548.01
2347,ORD1831,10-04-2025,11-04-2025,Same Day,CUST1955,Rahul Miller,Corporate,UK,New York,P1002,Keyboard,2,4132.83
2348,ORD2481,02-03-2025,11-03-2025,First Class,CUST1957,Jane Patel,Corporate,USA,Mumbai,P1005,Headphones,10,1249.69
2349,ORD1963,04-09-2024,11-09-2024,Standard Class,CUST3404,Robert Wilson,Corporate,Germany,Berlin,P1006,Printer,3,3166.71
2350,ORD2493,02-02-2023,11-02-2023,Standard Class,CUST2887,Priya Davis,Corporate,India,Toronto,P1003,Mouse,7,2565.7
2351,ORD1136,17-06-2025,21-06-2025,Same Day,CUST1786,Olivia Sharma,Corporate,India,Berlin,P1004,Monitor,3,649.07
2352,ORD2345,20-08-2023,25-08-2023,Second Class,CUST2251,Michael Brown,Home Office,USA,New York,P1001,Laptop,2,3457.31
2353,ORD2075,19-06-2025,23-06-2025,Same Day,CUST2006,Michael Davis,Corporate,UK,New York,P1001,Laptop,1,516.02
2354,ORD2114,13-04-2023,18-04-2023,First Class,CUST1688,David Taylor,Corporate,USA,Mumbai,P1005,Headphones,3,3480.98
2355,ORD1501,07-04-2025,13-04-2025,First Class,CUST2799,Robert Patel,Home Office,India,Pune,P1001,Laptop,9,2157.69
2356,ORD1133,11-12-2023,18-12-2023,Standard Class,CUST3359,David Johnson,Corporate,Canada,London,P1005,Headphones,4,3123.94
2357,ORD2269,24-12-2024,26-12-2024,Same Day,CUST1159,Emily Wilson,Home Office,USA,New York,P1004,Monitor,6,4951.09
2358,ORD2401,31-12-2099,20-10-2024,Second Class,CUST2579,Daniel Johnson,Home Office,India,Mumbai,P1001,Laptop,4,1625.61
2359,ORD1654,23-09-2024,28-09-2024,Second Class,CUST1144,Sneha Brown,Consumer,Canada,Toronto,P1003,Mouse,7,2192.27
2360,ORD2359,09-03-2024,19-03-2024,Second Class,CUST3334,Emily Davis,Consumer,Germany,Toronto,P1003,Mouse,2,2864.97
2361,ORD1190,04-05-2025,06-05-2025,Standard Class,CUST1944,Chris Wilson,Consumer,UK,Delhi,P1004,Monitor,5,60.89
2362,ORD1869,20-11-2024,23-11-2024,First Class,CUST2679,Sarah Davis,Corporate,Germany,Bangalore,P1004,Monitor,4,1323.9
2363,ORD1967,15-01-2024,17-01-2024,Invalid Mode,CUST2042,Anjali Smith,Home Office,Canada,London,P1007,Router,5,919.85
2364,ORD1510,14-01-2025,23-01-2025,Same Day,CUST1547,Amit Patel,Corporate,India,Berlin,P1003,Mouse,5,1060.8
2365,ORD1044,14-08-2024,20-08-2024,First Class,CUST3493,David Gupta,Home Office,India,Bangalore,P1003,Mouse,10,2163.25
2366,ORD2239,13-06-2025,20-06-2025,First Class,CUST1858,Emily Miller,Consumer,Canada,Toronto,P1005,Headphones,6,271.77
2367,ORD1937,08-05-2023,17-05-2023,Standard Class,CUST1154,Chris Miller,Home Office,UK,New York,P1004,Monitor,3,2774.87
2368,ORD1932,06-08-2023,11-08-2023,Same Day,CUST2545,Amit Sharma,Corporate,Canada,New York,P1005,Headphones,8,131.19
2369,ORD2435,20-04-2023,28-04-2023,Same Day,CUST3393,John Johnson,Corporate,Germany,Berlin,P1001,Laptop,2,449.93
2370,ORD1440,28-03-2025,06-04-2025,Same Day,CUST1420,Emily Sharma,Corporate,UK,Toronto,P1005,Headphones,7,3653.08
2371,ORD1000,30-10-2024,05-11-2024,Same Day,CUST1081,Sneha Johnson,Corporate,Canada,New York,P1002,Keyboard,5,2836.73
2372,ORD2481,30-11-2024,03-12-2024,First Class,CUST1849,Emily Miller,Home Office,Canada,London,P1004,Monitor,1,4420.57
2373,ORD1569,28-11-2023,29-11-2023,Same Day,CUST2673,Daniel Miller,Consumer,Canada,London,P1006,Printer,5,275.53
2374,ORD2458,06-02-2025,11-02-2025,Same Day,CUST1295,Priya Taylor,Home Office,USA,London,P1003,Mouse,8,665.64
2375,ORD1068,14-05-2025,17-05-2025,Standard Class,CUST1985,Amit Patel,Home Office,Canada,Toronto,P1006,Printer,3,3790.07
2376,ORD1616,10-06-2024,12-06-2024,Second Class,CUST3118,Sneha Wilson,Home Office,USA,Toronto,P1007,Router,9,4347.45
2377,ORD2374,30-01-2024,03-02-2024,First Class,CUST1904,John Johnson,Consumer,India,Delhi,P1006,Printer,8,2768.89
2378,ORD1772,07-09-2024,13-09-2024,Second Class,CUST1006,Chris Wilson,Home Office,Germany,London,P1002,Keyboard,3,4537.43
2379,ORD2450,16-05-2024,24-05-2024,Same Day,CUST2944,John Davis,Corporate,UK,Toronto,P1006,Printer,3,305.45
2380,ORD1397,04-02-2025,11-02-2025,First Class,CUST2245,Sneha Wilson,Consumer,Germany,New York,P1004,Monitor,7,2567.92
2381,ORD2224,22-01-2024,26-01-2024,Invalid Mode,CUST3200,Jane Brown,Consumer,USA,London,P1004,Monitor,8,3414.16
2382,ORD1181,03-05-2024,04-05-2024,Second Class,CUST1508,,Corporate,UK,London,P1008,SSD,8,2334.68
2383,ORD1876,31-12-2099,04-07-2023,Same Day,CUST2003,Robert Gupta,Home Office,UK,Mumbai,P1003,Mouse,9,3090.55
2384,ORD2135,11-09-2024,19-09-2024,First Class,CUST3030,Chris Patel,Home Office,UK,New York,P1008,SSD,4,4707.7
2385,ORD2028,30-12-2024,05-01-2025,First Class,CUST1779,Priya Gupta,Corporate,India,Bangalore,P1003,Mouse,8,1977
2386,ORD1859,24-07-2024,01-08-2024,Standard Class,CUST2086,Daniel Brown,Consumer,Canada,Toronto,P1005,Headphones,8,1805.72
2387,ORD1631,03-09-2024,11-09-2024,Second Class,CUST2220,Jane Johnson,Corporate,Canada,Bangalore,P1006,Printer,4,344.01
2388,ORD2204,01-03-2023,02-03-2023,First Class,CUST1137,Chris Sharma,Corporate,Canada,London,P1001,Laptop,9,792.57
2389,ORD1594,09-01-2025,14-01-2025,Second Class,CUST3151,Chris Patel,Home Office,Canada,London,P1006,Printer,4,1742.68
2390,ORD1369,25-07-2023,28-07-2023,Same Day,CUST1130,Sneha Smith,Consumer,UK,Berlin,P1007,Router,1,4284.56
2391,ORD2168,31-12-2099,26-01-2025,Standard Class,CUST2005,Daniel Wilson,Home Office,UK,Toronto,P1002,Keyboard,2,439.39
2392,ORD2411,22-02-2025,04-03-2025,First Class,CUST1329,Jane Taylor,Consumer,UK,Bangalore,P1007,Router,8,3948.4
2393,ORD1566,16-02-2024,23-02-2024,First Class,CUST2255,Priya Gupta,Corporate,India,Toronto,P1002,Keyboard,9,2459.96
2394,ORD1000,15-10-2023,23-10-2023,Same Day,CUST2570,Amit Brown,Home Office,Germany,Mumbai,P1007,Router,6,3574.47
2395,ORD1755,18-02-2024,24-02-2024,Standard Class,CUST3157,Sneha Miller,Consumer,UK,Delhi,P1006,Printer,4,3473.69
2396,ORD1007,17-01-2025,20-01-2025,Same Day,CUST2731,Olivia Wilson,Consumer,UK,New York,P1003,Mouse,8,3418.03
2397,ORD2276,01-07-2024,08-07-2024,Second Class,CUST1274,David Smith,Corporate,India,Bangalore,P1003,Mouse,2,2683.07
2398,ORD1770,03-02-2023,08-02-2023,First Class,CUST2847,Daniel Davis,Consumer,Germany,Pune,P1008,SSD,5,2296.23
2399,ORD2024,14-12-2023,17-12-2023,Same Day,CUST2225,Daniel Wilson,Consumer,India,Bangalore,P1005,Headphones,6,3048.25
2400,ORD1577,31-12-2099,17-04-2023,Second Class,CUST3066,Priya Davis,Corporate,India,Toronto,P1003,Mouse,7,1584.96
2401,ORD2017,05-05-2024,10-05-2024,Second Class,CUST1369,Sarah Patel,Consumer,Germany,Bangalore,P1002,Keyboard,1,749.7
2402,ORD2052,18-01-2024,22-01-2024,Same Day,CUST2303,Amit Johnson,Corporate,USA,London,P1005,Headphones,3,3484.14
2403,ORD2001,17-07-2024,27-07-2024,First Class,CUST1237,Chris Miller,Home Office,UK,Pune,P1006,Printer,3,4857.07
2404,ORD2134,20-01-2024,26-01-2024,Standard Class,CUST2543,Priya Patel,Home Office,USA,Bangalore,P1006,Printer,9,1067.39
2405,ORD1198,24-08-2024,28-08-2024,Standard Class,CUST3243,Olivia Smith,Home Office,India,Bangalore,P1005,Headphones,9,371.9
2406,ORD1528,05-06-2025,12-06-2025,First Class,CUST1520,Anjali Miller,Consumer,UK,Delhi,P1004,Monitor,2,3461.23
2407,ORD1757,11-08-2024,19-08-2024,Standard Class,CUST3406,Anjali Johnson,Consumer,India,London,P1004,Monitor,3,2387.3
2408,ORD1395,30-10-2023,01-11-2023,First Class,CUST2644,Jane Davis,Consumer,India,London,P1002,Keyboard,6,1844.09
2409,ORD1110,06-03-2023,12-03-2023,Standard Class,CUST1777,John Wilson,Corporate,India,Berlin,P1004,Monitor,8,2687.48
2410,ORD2375,30-12-2024,01-01-2025,Same Day,CUST2476,Rahul Taylor,Corporate,UK,London,P1001,Laptop,8,2063.55
2411,ORD2449,18-03-2024,22-03-2024,First Class,CUST2243,Jane Taylor,Home Office,USA,Pune,P1005,Headphones,3,2062.72
2412,ORD2257,28-05-2025,07-06-2025,First Class,CUST1625,John Sharma,Corporate,India,Pune,P1005,Headphones,1,2125.79
2413,ORD1214,12-12-2024,19-12-2024,Standard Class,CUST1070,John Taylor,Home Office,USA,Delhi,P1007,Router,5,713.29
2414,ORD1252,19-02-2024,28-02-2024,Same Day,CUST3062,Olivia Brown,Consumer,India,Berlin,P1003,Mouse,6,4642.96
2415,ORD1823,24-06-2023,01-07-2023,Second Class,CUST1124,Amit Davis,Home Office,UK,Berlin,P1007,Router,10,4008.17
2416,ORD2450,30-03-2023,31-03-2023,First Class,CUST3329,Sarah Brown,Home Office,UK,Berlin,P1001,Laptop,3,3812.31
2417,ORD2128,04-10-2024,12-10-2024,Second Class,CUST1646,Michael Smith,Consumer,Canada,New York,P1001,Laptop,9,1731.02
2418,ORD2010,22-01-2025,25-01-2025,Second Class,CUST3279,Priya Johnson,Consumer,Germany,London,P1005,Headphones,2,1511.45
2419,ORD1381,04-01-2025,05-01-2025,Standard Class,CUST1603,Olivia Taylor,Corporate,India,Toronto,P1006,Printer,1,1475.78
2420,ORD1058,27-06-2023,30-06-2023,Standard Class,CUST2714,Chris Patel,Corporate,Canada,New York,P1005,Headphones,8,4775.37
2421,ORD1817,10-12-2024,20-12-2024,Standard Class,CUST3373,John Wilson,Consumer,Germany,London,P1006,Printer,7,1991.11
2422,ORD2408,23-09-2023,27-09-2023,Standard Class,CUST2593,Emily Patel,Corporate,USA,Bangalore,P1001,Laptop,9,2816.38
2423,ORD2087,04-06-2024,13-06-2024,Same Day,CUST2423,Robert Miller,Home Office,UnknownCountry,Pune,P1008,SSD,4,1977.3
2424,ORD1107,02-03-2024,05-03-2024,Standard Class,CUST1361,Jane Davis,Home Office,Canada,Mumbai,P1003,Mouse,5,2435.87
2425,ORD2206,11-10-2023,19-10-2023,Standard Class,CUST1877,Amit Smith,Consumer,UK,Pune,P1002,Keyboard,5,4291.35
2426,ORD2067,23-08-2024,29-08-2024,Invalid Mode,CUST3332,David Wilson,Consumer,Germany,Pune,P1004,Monitor,5,2325.03
2427,ORD2153,18-01-2025,19-01-2025,Second Class,CUST2260,Priya Brown,Home Office,USA,London,P1006,Printer,2,4788.7
2428,ORD1837,30-04-2024,04-05-2024,First Class,CUST1905,Michael Sharma,Corporate,India,New York,P1001,Laptop,9,3807.74
2429,ORD1827,14-04-2025,23-04-2025,First Class,CUST2556,Anjali Brown,Home Office,USA,London,P1007,Router,9,3334.57
2430,ORD1325,22-06-2024,25-06-2024,Standard Class,CUST3158,Sarah Brown,Consumer,UK,Bangalore,P1001,Laptop,1,2212.11
2431,ORD2044,10-06-2024,16-06-2024,First Class,CUST2730,Priya Sharma,Home Office,Canada,Mumbai,P1007,Router,10,4748
2432,ORD1570,28-11-2023,07-12-2023,Same Day,CUST2101,Anjali Wilson,Home Office,UK,Berlin,P1004,Monitor,6,775.47
2433,ORD1473,01-01-2024,05-01-2024,Same Day,CUST2320,Olivia Patel,Home Office,UK,Delhi,P1002,Keyboard,9,3515.1
2434,ORD2000,09-10-2023,18-10-2023,First Class,CUST1356,Sneha Johnson,Home Office,UK,Toronto,P1008,SSD,3,2171.28
2435,ORD1661,17-02-2025,19-02-2025,Same Day,CUST2738,David Patel,Consumer,UK,Toronto,P1002,Keyboard,6,3946.3
2436,ORD1147,24-02-2025,02-03-2025,First Class,CUST1457,Rahul Sharma,Corporate,Germany,Toronto,P1007,Router,4,4680.06
2437,ORD1016,31-12-2099,09-04-2025,First Class,CUST3065,Daniel Brown,Consumer,India,Toronto,P1004,Monitor,4,4193.76
2438,ORD1175,15-02-2025,21-02-2025,Second Class,CUST1706,Olivia Wilson,Consumer,USA,New York,P1008,SSD,9,3969.81
2439,ORD1440,09-11-2023,19-11-2023,Same Day,CUST2562,Robert Taylor,Consumer,Germany,New York,P1003,Mouse,7,3291.79
2440,ORD1100,26-03-2023,04-04-2023,First Class,CUST1033,Chris Davis,Consumer,UK,Mumbai,P1001,Laptop,2,4200.6
2441,ORD1683,10-06-2025,14-06-2025,Second Class,CUST2534,Chris Taylor,Corporate,Canada,Berlin,P1008,SSD,2,4646.29
2442,ORD1668,25-09-2023,30-09-2023,Standard Class,CUST2413,Sarah Miller,Consumer,Canada,Mumbai,P1007,Router,10,4458.13
2443,ORD1992,26-05-2025,31-05-2025,Second Class,CUST3030,Michael Smith,Home Office,UK,Bangalore,P1007,Router,7,4629.64
2444,ORD1612,01-10-2024,11-10-2024,Standard Class,CUST3454,Anjali Brown,Home Office,Germany,London,P1002,Keyboard,7,2250.02
2445,ORD2283,30-11-2024,03-12-2024,Standard Class,CUST1699,Jane Patel,Corporate,USA,Bangalore,P1006,Printer,1,3384.21
2446,ORD1929,15-12-2023,21-12-2023,Invalid Mode,CUST1650,Robert Brown,Corporate,UnknownCountry,Bangalore,P1003,Mouse,10,1885.36
2447,ORD1978,18-10-2024,27-10-2024,First Class,CUST2619,John Gupta,Home Office,Germany,Mumbai,P1005,Headphones,8,4159.17
2448,ORD1168,13-11-2024,23-11-2024,Standard Class,CUST2868,Priya Patel,Corporate,India,Delhi,P1002,Keyboard,10,3404.05
2449,ORD1567,03-11-2023,05-11-2023,Second Class,CUST2388,Sarah Johnson,Corporate,UK,Delhi,P1005,Headphones,9,3808.71
2450,ORD1500,13-06-2024,19-06-2024,First Class,CUST2802,Priya Sharma,Corporate,Canada,London,P1008,SSD,10,4494.56
2451,ORD1985,20-01-2023,26-01-2023,First Class,CUST2078,Sneha Davis,Home Office,UK,Bangalore,P1006,Printer,7,2708.37
2452,ORD2346,19-05-2024,21-05-2024,Same Day,CUST3308,Michael Brown,Home Office,India,New York,P1006,Printer,10,4300.05
2453,ORD1110,13-05-2024,20-05-2024,First Class,CUST1461,Emily Davis,Corporate,Germany,Berlin,P1004,Monitor,8,668.7
2454,ORD1104,10-11-2024,11-11-2024,Standard Class,CUST2364,Sneha Wilson,Corporate,Canada,Bangalore,P1002,Keyboard,5,3092.08
2455,ORD1538,04-09-2023,06-09-2023,Same Day,CUST1546,Michael Patel,Corporate,Canada,London,P1005,Headphones,7,1310.08
2456,ORD1457,17-12-2023,22-12-2023,First Class,CUST1390,Robert Taylor,Corporate,UK,Berlin,P1008,SSD,4,3116.89
2457,ORD1643,05-06-2023,09-06-2023,First Class,CUST2527,Emily Taylor,Consumer,Germany,London,P1003,Mouse,8,3746.84
2458,ORD1617,02-05-2025,10-05-2025,Standard Class,CUST2674,Robert Smith,Consumer,Germany,New York,P1006,Printer,2,3894.64
2459,ORD1840,21-06-2023,25-06-2023,First Class,CUST2818,John Wilson,Consumer,Canada,Pune,P1004,Monitor,5,2032.21
2460,ORD2214,31-03-2024,02-04-2024,Same Day,CUST3416,Priya Davis,Corporate,India,London,,Headphones,6,2880.93
2461,ORD1085,14-06-2024,18-06-2024,First Class,CUST2527,Anjali Sharma,Consumer,India,Berlin,P1008,SSD,1,995.27
2462,ORD1795,14-04-2023,15-04-2023,Same Day,CUST2425,Rahul Smith,Home Office,India,Pune,P1002,Keyboard,8,3761.04
2463,ORD1784,16-04-2024,26-04-2024,Standard Class,CUST3002,Amit Sharma,Home Office,Germany,Delhi,P1005,Headphones,9,1597.38
2464,ORD2392,11-04-2023,18-04-2023,Standard Class,CUST2495,Rahul Davis,Home Office,Germany,Toronto,P1003,Mouse,8,2038.93
2465,ORD1511,28-12-2023,01-01-2024,Same Day,CUST1983,Emily Patel,Home Office,Germany,Toronto,P1007,Router,1,2470.8
2466,ORD1930,12-05-2023,15-05-2023,First Class,CUST1349,Sarah Davis,Corporate,India,Bangalore,P1004,Monitor,10,86.14
2467,ORD1557,14-07-2023,15-07-2023,Invalid Mode,CUST1675,Priya Wilson,Home Office,USA,Toronto,P1008,SSD,7,4262.78
2468,ORD1460,18-11-2023,26-11-2023,Same Day,CUST1256,Anjali Wilson,Home Office,India,Bangalore,P1007,Router,1,3337.76
2469,ORD1934,20-11-2024,24-11-2024,Same Day,CUST2494,Amit Brown,Corporate,India,Delhi,P1006,Printer,6,948.3
2470,ORD2370,01-03-2024,05-03-2024,First Class,CUST1279,Michael Taylor,Home Office,Canada,Toronto,P1008,SSD,10,563.25
2471,ORD1258,19-11-2024,22-11-2024,Second Class,CUST1309,David Brown,Corporate,USA,Toronto,P1004,Monitor,2,4620.2
2472,ORD2199,15-05-2024,24-05-2024,First Class,CUST2253,Robert Patel,Corporate,UK,New York,P1003,Mouse,7,4577.83
2473,ORD2433,08-08-2023,11-08-2023,First Class,CUST2147,David Johnson,Consumer,Germany,Pune,P1006,Printer,9,3345.38
2474,ORD2425,17-12-2023,19-12-2023,Same Day,CUST2843,Sarah Taylor,Consumer,UK,Delhi,P1004,Monitor,1,1070.08
2475,ORD2327,20-10-2024,29-10-2024,Second Class,CUST2820,Daniel Sharma,Home Office,UK,Pune,P1002,Keyboard,9,3904.04
2476,ORD1572,01-06-2025,09-06-2025,First Class,CUST2564,Sneha Brown,Consumer,India,Pune,P1002,Keyboard,5,3326.29
2477,ORD1499,23-07-2023,27-07-2023,First Class,CUST1244,Olivia Johnson,Consumer,USA,Berlin,P1006,Printer,3,2731.43
2478,ORD1797,12-01-2023,16-01-2023,Same Day,CUST2617,Olivia Wilson,Corporate,Canada,Mumbai,P1001,Laptop,10,102.31
2479,ORD1863,08-11-2024,16-11-2024,Standard Class,CUST3226,,Corporate,USA,London,P1007,Router,1,2441.76
2480,ORD2339,09-05-2024,11-05-2024,Second Class,CUST1384,Priya Brown,Consumer,UnknownCountry,Toronto,P1007,Router,9,294.16
2481,ORD1613,16-04-2023,25-04-2023,Second Class,CUST1183,,Corporate,UK,London,P1007,Router,7,1320.68
2482,ORD1879,23-04-2024,28-04-2024,Standard Class,CUST2643,John Patel,Home Office,USA,Mumbai,P1002,Keyboard,7,3933.91
2483,ORD1512,26-03-2025,05-04-2025,Same Day,CUST1063,Sarah Wilson,Consumer,UK,Pune,P1001,Laptop,10,2280.61
2484,ORD1108,07-05-2023,16-05-2023,First Class,CUST3288,Rahul Johnson,Consumer,Canada,Delhi,P1002,Keyboard,10,1986.74
2485,ORD1022,18-04-2024,23-04-2024,Standard Class,CUST2360,Olivia Davis,Consumer,Germany,Bangalore,P1003,Mouse,7,3656.7
2486,ORD1698,25-06-2023,02-07-2023,Second Class,CUST1713,Jane Sharma,Home Office,India,Berlin,P1001,Laptop,6,3973.7
2487,ORD2053,11-01-2023,14-01-2023,Second Class,CUST2507,Amit Davis,Home Office,UK,Bangalore,P1004,Monitor,10,3211.95
2488,ORD1008,23-02-2024,29-02-2024,Second Class,CUST2336,Daniel Johnson,Corporate,UK,London,P1008,SSD,5,1918.04
2489,ORD1445,01-03-2025,01-01-2022,Standard Class,CUST1667,Anjali Johnson,Corporate,India,Pune,P1002,Keyboard,3,4558.87
2490,ORD1500,13-07-2023,15-07-2023,First Class,CUST3102,Sneha Miller,Home Office,Canada,Mumbai,P1006,Printer,4,1727.43
2491,ORD2234,09-04-2024,11-04-2024,Same Day,CUST1333,Daniel Gupta,Home Office,India,Bangalore,P1008,SSD,1,1759.73
2492,ORD2024,07-04-2024,08-04-2024,Standard Class,CUST1530,David Sharma,Consumer,UK,Pune,P1005,Headphones,7,1304.18
2493,ORD1474,18-02-2025,27-02-2025,Second Class,CUST1979,Priya Sharma,Home Office,UK,Pune,P1006,Printer,9,2295.05
2494,ORD1826,13-04-2024,21-04-2024,Standard Class,CUST1038,Robert Wilson,Consumer,UK,London,P1007,Router,10,4005.24
2495,ORD1931,23-11-2024,27-11-2024,Same Day,CUST1968,John Davis,Consumer,USA,New York,P1002,Keyboard,10,3966.66
2496,ORD2479,12-01-2025,20-01-2025,Same Day,CUST2081,Daniel Patel,Consumer,India,New York,P1006,Printer,9,1440.49
2497,ORD2092,29-05-2025,30-05-2025,Same Day,CUST1889,Daniel Johnson,Home Office,India,London,P1005,Headphones,7,146.69
2498,ORD1698,15-05-2025,20-05-2025,Same Day,CUST1210,Priya Miller,Home Office,UK,New York,P1003,Mouse,8,2097.1
2499,ORD1240,18-04-2023,20-04-2023,Same Day,CUST3359,Priya Sharma,Corporate,Canada,London,P1001,Laptop,5,3384.37
2500,ORD1719,04-03-2024,10-03-2024,Second Class,CUST3096,Rahul Gupta,Consumer,USA,Toronto,P1008,SSD,10,1089.94
2501,ORD2038,12-12-2023,17-12-2023,Second Class,CUST3375,John Miller,Home Office,UK,Toronto,P1001,Laptop,9,4298.44
2502,ORD1853,12-01-2023,19-01-2023,Second Class,CUST2670,Jane Davis,Home Office,USA,Toronto,P1007,Router,9,2407.97
2503,ORD2279,24-02-2025,04-03-2025,Same Day,CUST2798,Rahul Patel,Corporate,India,Bangalore,P1008,SSD,10,2846.75
2504,ORD1832,28-05-2023,04-06-2023,Same Day,CUST2918,Rahul Brown,Home Office,Canada,Pune,P1004,Monitor,2,323.11
2505,ORD1896,16-02-2025,20-02-2025,Standard Class,CUST1532,Amit Miller,Corporate,USA,Delhi,P1006,Printer,1,2063.99
2506,ORD2337,21-06-2023,26-06-2023,Second Class,CUST1949,Sarah Davis,Consumer,USA,Bangalore,P1004,Monitor,10,2967.46
2507,ORD1470,16-09-2023,21-09-2023,Standard Class,CUST2643,Daniel Smith,Corporate,Germany,New York,P1007,Router,4,3416.25
2508,ORD1004,13-02-2024,23-02-2024,Second Class,CUST1781,Emily Gupta,Home Office,Canada,London,P1006,Printer,3,3013.99
2509,ORD1185,20-05-2023,29-05-2023,Second Class,CUST2975,Anjali Smith,Consumer,Canada,New York,P1006,Printer,5,2678.76
2510,ORD2138,11-12-2023,16-12-2023,First Class,CUST2005,Jane Johnson,Home Office,Germany,Mumbai,P1008,SSD,5,875.26
2511,ORD1716,15-11-2023,18-11-2023,First Class,CUST2014,Priya Sharma,Corporate,USA,London,P1001,Laptop,6,4013.54
2512,ORD1982,24-07-2024,31-07-2024,Same Day,CUST1112,Sneha Brown,Consumer,USA,Delhi,P1008,SSD,3,655.6
2513,ORD1153,07-05-2024,08-05-2024,First Class,CUST3294,Robert Sharma,Consumer,Germany,Delhi,P1002,Keyboard,9,4064.99
2514,ORD2158,21-06-2024,29-06-2024,Same Day,CUST1831,Daniel Johnson,Corporate,USA,New York,P1003,Mouse,10,1843.35
2515,ORD1837,27-06-2023,07-07-2023,Same Day,CUST3365,Robert Wilson,Corporate,India,Toronto,P1002,Keyboard,1,1210.55
2516,ORD1374,08-07-2024,17-07-2024,Same Day,CUST1018,John Patel,Consumer,India,Delhi,P1001,Laptop,9,2463.96
2517,ORD1693,02-12-2024,04-12-2024,Standard Class,CUST1602,Sneha Brown,Home Office,India,Pune,P1003,Mouse,8,1836.22
2518,ORD1750,06-10-2023,08-10-2023,First Class,CUST3170,Priya Miller,Consumer,India,Mumbai,P1007,Router,5,2058.66
2519,ORD1269,14-06-2025,22-06-2025,Standard Class,CUST1400,Emily Brown,Corporate,Germany,Berlin,P1006,Printer,5,1415.09
2520,ORD1104,24-08-2023,31-08-2023,Same Day,CUST3189,Olivia Patel,Corporate,Germany,Bangalore,P1001,Laptop,4,116.31
2521,ORD1762,03-06-2024,11-06-2024,Second Class,CUST3274,Sarah Sharma,Home Office,India,Toronto,P1003,Mouse,1,3988.32
2522,ORD1531,10-12-2023,18-12-2023,Second Class,CUST1551,Robert Gupta,Consumer,UK,London,P1003,Mouse,9,3533.29
2523,ORD2271,11-10-2024,19-10-2024,Standard Class,CUST2494,John Johnson,Home Office,Canada,Berlin,P1001,Laptop,10,4907.02
2524,ORD1989,16-11-2024,19-11-2024,Second Class,CUST2435,Jane Miller,Consumer,India,Pune,P1001,Laptop,9,815.95
2525,ORD2482,08-01-2025,14-01-2025,Second Class,CUST1929,Anjali Brown,Home Office,Canada,Mumbai,P1003,Mouse,5,2897.98
2526,ORD1404,11-02-2025,19-02-2025,Second Class,CUST3430,Olivia Johnson,Corporate,Germany,London,P1006,Printer,6,4062.24
2527,ORD1158,15-03-2024,19-03-2024,Standard Class,CUST2156,Rahul Brown,Consumer,Canada,London,P1008,SSD,8,1548.38
2528,ORD1226,21-03-2025,26-03-2025,First Class,CUST3299,Chris Gupta,Consumer,Germany,Toronto,P1003,Mouse,3,1958.12
2529,ORD1708,07-09-2024,09-09-2024,Standard Class,CUST1728,David Miller,Corporate,UnknownCountry,Bangalore,P1004,Monitor,7,3555.99
2530,ORD1944,06-05-2024,09-05-2024,First Class,CUST1783,Sneha Wilson,Consumer,UK,New York,P1005,Headphones,10,4488.84
2531,ORD2062,22-05-2024,25-05-2024,First Class,CUST2951,Jane Patel,Corporate,UK,Bangalore,P1007,Router,9,4339.42
2532,ORD2326,14-02-2023,17-02-2023,Second Class,CUST2106,Olivia Taylor,Home Office,India,New York,P1001,Laptop,3,1500.41
2533,ORD2190,03-06-2025,10-06-2025,Standard Class,CUST1204,Rahul Wilson,Consumer,Germany,Pune,P1001,Laptop,7,3510.06
2534,ORD1989,22-08-2023,30-08-2023,Second Class,CUST2179,Olivia Brown,Corporate,Canada,Delhi,P1007,Router,3,1861.54
2535,ORD2216,07-06-2023,08-06-2023,Same Day,CUST3455,Sarah Smith,Home Office,India,New York,P1004,Monitor,1,4566.24
2536,ORD2390,07-12-2023,10-12-2023,Second Class,CUST1445,Anjali Johnson,Corporate,USA,Delhi,P1008,SSD,7,1588.16
2537,ORD1134,22-09-2023,30-09-2023,Same Day,CUST3341,Chris Smith,Consumer,India,New York,P1006,Printer,3,4596.11
2538,ORD1456,11-08-2023,17-08-2023,Same Day,CUST2254,Michael Brown,Home Office,Germany,Bangalore,P1005,Headphones,6,3101.46
2539,ORD2401,01-03-2024,09-03-2024,Standard Class,CUST2445,,Consumer,USA,Delhi,P1008,SSD,7,3857.28
2540,ORD1334,29-01-2025,03-02-2025,Second Class,CUST2649,Emily Smith,Consumer,USA,Delhi,P1008,SSD,10,2835.7
2541,ORD2176,08-02-2023,09-02-2023,First Class,CUST2856,Robert Johnson,Home Office,UK,New York,P1007,Router,3,2285.47
2542,ORD2001,13-09-2023,19-09-2023,First Class,CUST1215,Anjali Wilson,Consumer,USA,Pune,P1006,Printer,7,3115.25
2543,ORD2226,28-05-2023,29-05-2023,Same Day,CUST2489,Chris Wilson,Home Office,USA,Bangalore,P1007,Router,5,4781.99
2544,ORD2400,11-08-2024,18-08-2024,First Class,CUST2308,Daniel Davis,Home Office,Germany,Delhi,P1001,Laptop,6,913.86
2545,ORD1960,25-07-2024,29-07-2024,Same Day,CUST1811,Sarah Taylor,Consumer,USA,Bangalore,P1006,Printer,1,4674.56
2546,ORD1476,11-10-2023,17-10-2023,Second Class,CUST1206,Michael Davis,Corporate,UK,Pune,P1004,Monitor,3,805.01
2547,ORD1974,17-09-2023,18-09-2023,Second Class,CUST2878,Michael Smith,Consumer,USA,London,P1006,Printer,1,1654.77
2548,ORD1148,14-02-2024,15-02-2024,Second Class,CUST1540,Emily Johnson,Consumer,Canada,Pune,P1003,Mouse,6,4738.69
2549,ORD1664,01-07-2024,09-07-2024,First Class,CUST1214,David Brown,Consumer,UK,London,P1001,Laptop,7,1562.46
2550,ORD1161,30-08-2024,09-09-2024,First Class,CUST2524,Daniel Johnson,Consumer,UK,Bangalore,P1003,Mouse,9,4013.88
2551,ORD1072,12-05-2024,21-05-2024,Standard Class,CUST2021,Daniel Patel,Consumer,UK,Bangalore,P1002,Keyboard,5,3075.64
2552,ORD1520,19-02-2025,21-02-2025,Standard Class,CUST2364,Anjali Gupta,Corporate,UK,Berlin,P1008,SSD,2,4475.98
2553,ORD1803,18-03-2024,22-03-2024,Second Class,CUST2137,Robert Davis,Consumer,Canada,Pune,P1003,Mouse,7,713.93
2554,ORD1152,18-11-2024,27-11-2024,Same Day,CUST1972,Emily Brown,Consumer,India,Berlin,P1006,Printer,7,4700.76
2555,ORD1640,12-02-2023,17-02-2023,Standard Class,CUST2287,Rahul Taylor,Home Office,Canada,London,P1003,Mouse,7,2998.45
2556,ORD1943,17-06-2025,19-06-2025,Second Class,CUST1883,Anjali Sharma,Consumer,Germany,Mumbai,P1005,Headphones,10,237.81
2557,ORD1090,22-03-2023,27-03-2023,Standard Class,CUST1205,Anjali Davis,Home Office,USA,Berlin,P1007,Router,9,2646
2558,ORD2141,11-04-2023,20-04-2023,Standard Class,CUST2151,Chris Sharma,Home Office,India,Toronto,P1004,Monitor,4,2796.57
2559,ORD1233,31-12-2099,02-03-2024,First Class,CUST1362,Amit Patel,Corporate,Germany,Mumbai,P1008,SSD,6,3157.17
2560,ORD2353,28-08-2024,04-09-2024,Same Day,CUST3280,Amit Brown,Corporate,Canada,Delhi,P1006,Printer,9,219.66
2561,ORD1981,09-06-2023,17-06-2023,Standard Class,CUST3269,Jane Wilson,Corporate,USA,Bangalore,P1003,Mouse,8,1093.35
2562,ORD1860,17-10-2023,18-10-2023,Second Class,CUST1117,Amit Davis,Consumer,Canada,Berlin,P1008,SSD,9,3813.16
2563,ORD2196,05-10-2024,15-10-2024,Standard Class,CUST2045,Emily Wilson,Home Office,Germany,Bangalore,P1006,Printer,7,2334.18
2564,ORD1162,24-09-2023,01-10-2023,First Class,CUST3311,John Sharma,Corporate,UnknownCountry,Toronto,P1008,SSD,8,1894.24
2565,ORD2149,12-12-2023,20-12-2023,Standard Class,CUST2740,David Patel,Corporate,India,London,P1002,Keyboard,10,3988.25
2566,ORD1823,01-08-2023,06-08-2023,Standard Class,CUST3063,John Gupta,Consumer,Germany,Delhi,P1004,Monitor,1,3612.81
2567,ORD1275,24-12-2023,02-01-2024,Same Day,CUST2356,Chris Davis,Consumer,Canada,Berlin,P1006,Printer,8,3983.28
2568,ORD1037,24-11-2024,28-11-2024,Same Day,CUST3028,Anjali Taylor,Corporate,India,Delhi,P1002,Keyboard,7,583.27
2569,ORD1579,14-07-2024,22-07-2024,Invalid Mode,CUST1423,Michael Wilson,Home Office,India,Delhi,P1003,Mouse,6,4778.76
2570,ORD1594,12-12-2023,18-12-2023,Standard Class,CUST2401,David Miller,Consumer,Germany,Mumbai,P1001,Laptop,10,2951.44
2571,ORD2127,13-05-2025,17-05-2025,Same Day,CUST2876,Sarah Taylor,Home Office,Canada,Delhi,P1008,SSD,5,1918.66
2572,ORD1802,08-08-2023,09-08-2023,First Class,CUST2018,Amit Davis,Home Office,India,Mumbai,P1004,Monitor,1,2922.3
2573,ORD1596,17-08-2023,23-08-2023,First Class,CUST1925,John Gupta,Home Office,UK,Pune,P1003,Mouse,8,4958.37
2574,ORD2159,21-10-2024,28-10-2024,First Class,CUST2692,Chris Sharma,Consumer,Germany,Berlin,P1006,Printer,4,1828.17
2575,ORD2068,12-09-2024,19-09-2024,Second Class,CUST2379,Michael Gupta,Corporate,Canada,Mumbai,P1003,Mouse,1,871.37
2576,ORD1511,08-02-2023,11-02-2023,First Class,CUST1159,Emily Sharma,Home Office,Canada,Berlin,P1004,Monitor,2,963.04
2577,ORD1161,06-11-2024,12-11-2024,First Class,CUST1418,Olivia Taylor,Home Office,USA,Mumbai,P1001,Laptop,6,393.78
2578,ORD1824,17-03-2024,18-03-2024,Second Class,CUST1890,Rahul Brown,Corporate,Germany,New York,P1002,Keyboard,5,2455.28
2579,ORD2257,04-02-2023,14-02-2023,Second Class,CUST2705,Jane Patel,Consumer,Canada,Toronto,P1007,Router,10,1648.65
2580,ORD2129,09-04-2025,14-04-2025,First Class,CUST1636,John Brown,Consumer,UK,Delhi,P1005,Headphones,5,2706.62
2581,ORD1804,15-07-2023,17-07-2023,Same Day,CUST1961,Priya Johnson,Corporate,UK,Mumbai,P1004,Monitor,4,4717.96
2582,ORD1225,29-06-2024,30-06-2024,Same Day,CUST2559,Sneha Miller,Consumer,UK,Pune,P1003,Mouse,10,3823.06
2583,,10-08-2024,17-08-2024,Same Day,CUST1349,John Wilson,Corporate,India,Pune,P1001,Laptop,2,4082.18
2584,ORD2260,09-05-2023,15-05-2023,Second Class,CUST2244,Anjali Gupta,Corporate,Germany,Bangalore,P1007,Router,5,363.78
2585,ORD1092,14-08-2023,19-08-2023,First Class,CUST1381,Sarah Johnson,Home Office,India,Pune,P1002,Keyboard,9,3185.77
2586,ORD1639,10-01-2023,16-01-2023,Second Class,CUST1641,Emily Johnson,Corporate,Germany,Mumbai,P1002,Keyboard,5,1593.5
2587,ORD1078,29-05-2024,04-06-2024,Standard Class,CUST3345,Anjali Wilson,Consumer,Canada,Berlin,P1007,Router,2,1514.77
2588,ORD2030,14-04-2024,23-04-2024,Standard Class,CUST1089,Sarah Johnson,Corporate,UK,Toronto,P1004,Monitor,5,1607.78
2589,ORD1256,21-02-2025,24-02-2025,First Class,CUST2934,Rahul Wilson,Consumer,Canada,New York,P1008,SSD,1,1151.3
2590,,29-09-2023,04-10-2023,Standard Class,CUST3475,Sarah Davis,Home Office,India,Bangalore,P1008,SSD,7,3751.58
2591,ORD2259,23-10-2023,25-10-2023,Same Day,CUST2230,Jane Smith,Corporate,India,Bangalore,P1003,Mouse,3,2161.81
2592,ORD1923,26-12-2023,30-12-2023,Standard Class,CUST2424,Priya Sharma,Consumer,India,Mumbai,P1002,Keyboard,2,182.47
2593,ORD2093,09-09-2024,16-09-2024,First Class,CUST2667,Chris Johnson,Consumer,UK,Bangalore,P1006,Printer,7,235.39
2594,ORD1591,22-01-2023,23-01-2023,Same Day,CUST2190,Amit Sharma,Corporate,Germany,New York,P1005,Headphones,9,1923.93
2595,ORD2301,13-10-2024,23-10-2024,First Class,CUST3116,Jane Gupta,Consumer,USA,Toronto,P1005,Headphones,2,175.5
2596,ORD1109,11-04-2024,19-04-2024,Standard Class,CUST2820,Priya Davis,Home Office,Canada,London,P1001,Laptop,10,4541.89
2597,ORD2219,22-07-2023,26-07-2023,Same Day,CUST3161,Jane Johnson,Consumer,Canada,Pune,P1001,Laptop,10,3532.25
2598,ORD1866,02-05-2025,03-05-2025,First Class,CUST1096,Michael Johnson,Corporate,UK,New York,P1001,Laptop,2,4726.83
2599,ORD1730,09-12-2023,19-12-2023,Same Day,CUST2144,Sarah Davis,Consumer,Germany,New York,P1007,Router,10,3665.54
2600,ORD2436,17-12-2023,23-12-2023,Second Class,CUST3324,Jane Gupta,Home Office,India,Bangalore,P1003,Mouse,4,1832.96
2601,ORD1002,16-06-2025,17-06-2025,Second Class,CUST2575,Sneha Sharma,Corporate,USA,Toronto,P1005,Headphones,2,4788.36
2602,ORD2256,04-05-2024,12-05-2024,Standard Class,CUST2861,Sarah Miller,Corporate,Canada,Delhi,P1004,Monitor,5,2557.51
2603,ORD2469,10-01-2025,13-01-2025,First Class,CUST3154,Robert Patel,Home Office,USA,Delhi,P1004,Monitor,8,3311.32
2604,ORD1794,20-07-2024,28-07-2024,First Class,CUST1320,Olivia Davis,Corporate,Germany,Bangalore,P1002,Keyboard,2,4478
2605,ORD1986,15-09-2024,22-09-2024,Standard Class,CUST2763,John Patel,Corporate,Germany,Pune,P1008,SSD,8,4369.93
2606,ORD1654,18-04-2024,28-04-2024,Standard Class,CUST1497,Robert Brown,Corporate,India,Toronto,P1003,Mouse,10,2808.6
2607,ORD1384,16-06-2025,22-06-2025,Same Day,CUST2238,Robert Davis,Home Office,Germany,Berlin,P1005,Headphones,1,553.04
2608,ORD1606,09-11-2024,15-11-2024,Same Day,CUST1020,Daniel Davis,Home Office,USA,New York,P1006,Printer,3,2403.41
2609,ORD1202,11-01-2025,20-01-2025,Same Day,CUST3388,Michael Patel,Corporate,USA,Mumbai,P1007,Router,6,168.08
2610,ORD1355,03-02-2024,04-02-2024,Standard Class,CUST1328,Chris Johnson,Home Office,India,Pune,P1001,Laptop,6,2149.46
2611,ORD1850,31-12-2099,24-03-2023,Second Class,CUST3301,David Wilson,Home Office,Germany,Pune,P1008,SSD,3,4740.42
2612,ORD1473,02-01-2023,03-01-2023,Second Class,CUST3174,Daniel Wilson,Home Office,Canada,Mumbai,P1003,Mouse,9,4270.85
2613,ORD1979,11-05-2023,15-05-2023,Standard Class,CUST1251,David Wilson,Home Office,India,Berlin,P1004,Monitor,8,4746
2614,ORD1501,05-10-2024,12-10-2024,First Class,CUST2716,Jane Miller,Consumer,USA,Pune,P1006,Printer,9,2757.4
2615,ORD1286,22-01-2023,29-01-2023,Standard Class,CUST3155,,Corporate,India,Berlin,P1004,Monitor,7,362.5
12,ORD2289,04-10-2024,08-10-2024,Second Class,CUST1776,Robert Wilson,Consumer,Canada,Bangalore,P1001,Laptop,7,2558.38
2617,ORD1648,02-10-2024,12-10-2024,Same Day,CUST2894,Robert Wilson,Consumer,USA,Delhi,P1002,Keyboard,4,3918.68
2618,ORD2364,11-03-2023,21-03-2023,Second Class,CUST2406,Michael Taylor,Consumer,Canada,Berlin,P1004,Monitor,2,915.28
2619,ORD2233,04-09-2023,12-09-2023,First Class,CUST1677,Olivia Brown,Corporate,USA,Toronto,P1005,Headphones,5,1327.78
2620,ORD2400,31-12-2099,21-06-2024,Same Day,CUST3220,Robert Taylor,Consumer,India,Pune,P1004,Monitor,5,3926.61
2621,ORD1455,15-08-2023,16-08-2023,First Class,CUST1099,Rahul Taylor,Consumer,UK,Berlin,P1007,Router,8,471.61
2622,ORD1683,21-11-2023,27-11-2023,Same Day,CUST1683,Chris Gupta,Home Office,Canada,Mumbai,P1001,Laptop,3,4615.36
2623,ORD2181,11-04-2023,14-04-2023,First Class,CUST2598,Sarah Gupta,Consumer,India,Toronto,P1001,Laptop,3,4437.31
2624,ORD1812,09-02-2024,10-02-2024,Second Class,CUST1779,Emily Taylor,Corporate,India,Mumbai,P1004,Monitor,3,3131.32
2625,ORD1705,04-11-2024,14-11-2024,Same Day,CUST1931,Anjali Gupta,Home Office,USA,London,P1008,SSD,8,4270.94
2626,ORD1646,20-02-2025,26-02-2025,Second Class,CUST2043,Anjali Gupta,Corporate,India,Pune,P1002,Keyboard,2,2423.45
2627,ORD1443,05-02-2024,13-02-2024,Second Class,CUST3161,Robert Brown,Corporate,Canada,Berlin,P1001,Laptop,7,565.16
2628,ORD1328,09-01-2024,18-01-2024,Second Class,CUST1840,Sarah Smith,Consumer,Germany,Mumbai,P1005,Headphones,6,2019.72
2629,ORD1510,02-02-2023,11-02-2023,Second Class,CUST2035,Sneha Taylor,Consumer,Germany,Berlin,P1003,Mouse,4,4809.67
2630,ORD1350,29-03-2025,31-03-2025,Same Day,CUST3136,Amit Davis,Consumer,USA,Berlin,P1001,Laptop,4,3595.53
2631,ORD1723,19-02-2025,24-02-2025,Second Class,CUST1753,John Gupta,Consumer,India,Pune,P1006,Printer,10,2273.49
2632,ORD1046,17-07-2024,22-07-2024,Same Day,CUST2037,Daniel Johnson,Corporate,USA,Berlin,P1003,Mouse,10,3506.03
2633,ORD1428,06-10-2024,13-10-2024,Standard Class,CUST1643,Rahul Patel,Corporate,UK,Pune,P1006,Printer,1,140.69
2634,ORD1744,24-03-2023,25-03-2023,First Class,CUST3202,Chris Wilson,Home Office,USA,Delhi,P1002,Keyboard,7,4391.71
2635,ORD1425,07-12-2024,01-01-2022,Second Class,CUST2713,John Gupta,Consumer,USA,Bangalore,P1001,Laptop,6,239.52
2636,ORD2339,25-06-2024,29-06-2024,Second Class,CUST2112,Sneha Brown,Home Office,UK,Bangalore,P1001,Laptop,8,1687.93
2637,ORD1419,11-08-2024,13-08-2024,Second Class,CUST3294,John Miller,Consumer,Canada,Toronto,P1007,Router,4,663.64
2638,ORD1873,18-09-2024,25-09-2024,First Class,CUST1037,Sarah Davis,Consumer,UK,London,P1008,SSD,5,4553.91
2639,ORD1131,20-01-2023,27-01-2023,Same Day,CUST2601,David Miller,Corporate,India,Mumbai,P1002,Keyboard,9,1472.6
2640,ORD1678,19-07-2024,20-07-2024,First Class,CUST1389,,Corporate,USA,Toronto,P1002,Keyboard,3,2602.84
2641,ORD2200,13-05-2023,18-05-2023,Standard Class,CUST2469,John Patel,Consumer,Germany,Toronto,P1002,Keyboard,10,2887.07
2642,ORD2444,01-03-2024,03-03-2024,Standard Class,CUST2351,Daniel Brown,Home Office,UK,London,P1004,Monitor,3,3505.75
2643,ORD2426,16-06-2023,19-06-2023,First Class,CUST3061,Daniel Taylor,Consumer,Canada,Berlin,P1001,Laptop,5,1213.31
2644,ORD1555,27-01-2025,28-01-2025,Same Day,CUST2657,Michael Patel,Home Office,USA,London,P1005,Headphones,1,3869.36
2645,ORD1178,29-04-2023,05-05-2023,First Class,CUST2308,Amit Sharma,Consumer,Canada,Berlin,P1003,Mouse,9,2783.21
2646,ORD1362,16-02-2024,17-02-2024,Standard Class,CUST2823,David Taylor,Home Office,India,Bangalore,P1004,Monitor,1,1310.9
2647,ORD1734,01-04-2025,10-04-2025,Same Day,CUST1482,Daniel Taylor,Corporate,India,New York,P1001,Laptop,3,931.55
2648,ORD1450,12-01-2024,18-01-2024,First Class,CUST3442,Olivia Brown,Consumer,UK,London,P1005,Headphones,10,2063.49
2649,ORD1657,31-03-2024,08-04-2024,Standard Class,CUST1771,Chris Gupta,Home Office,Germany,Bangalore,P1002,Keyboard,1,3557.77
2650,ORD1678,23-04-2024,30-04-2024,Same Day,CUST2024,Emily Johnson,Consumer,Canada,Mumbai,P1003,Mouse,9,2871.44
2651,ORD1730,27-06-2024,07-07-2024,Standard Class,CUST1446,Olivia Patel,Home Office,USA,Delhi,P1008,SSD,2,3894.11
2652,ORD1412,24-01-2024,02-02-2024,Standard Class,CUST1031,Olivia Taylor,Consumer,UK,Berlin,P1007,Router,7,3419.76
2653,ORD1144,14-05-2023,23-05-2023,Standard Class,CUST3030,David Sharma,Consumer,India,Bangalore,P1004,Monitor,10,3041.27
2654,ORD2308,05-05-2024,15-05-2024,Same Day,CUST1430,Sneha Patel,Home Office,Canada,Mumbai,P1003,Mouse,4,1095.66
2655,ORD2386,12-05-2024,21-05-2024,Second Class,CUST3102,Emily Taylor,Home Office,Germany,Toronto,,Printer,9,3277.21
2656,ORD2118,02-03-2025,07-03-2025,Same Day,CUST2621,Anjali Davis,Consumer,Germany,Mumbai,P1004,Monitor,1,2377.81
2657,ORD2016,24-08-2024,29-08-2024,First Class,CUST2280,Priya Wilson,Corporate,UK,Pune,P1005,Headphones,1,2286.9
2658,ORD2190,28-04-2025,01-05-2025,Second Class,CUST2579,Sneha Patel,Corporate,USA,New York,P1007,Router,8,4160.21
2659,ORD2163,22-04-2023,29-04-2023,First Class,CUST2021,Emily Miller,Home Office,Germany,Bangalore,P1001,Laptop,10,2602.84
2660,ORD2283,14-10-2024,24-10-2024,Same Day,CUST3482,Anjali Miller,Corporate,UK,London,P1001,Laptop,8,2561.55
2661,ORD1456,19-11-2024,27-11-2024,Same Day,CUST3261,Jane Sharma,Corporate,Germany,New York,P1006,Printer,4,4955.36
2662,ORD2386,09-02-2023,17-02-2023,Standard Class,CUST2813,Sneha Johnson,Home Office,Canada,Berlin,P1004,Monitor,7,514.9
2663,ORD2405,14-10-2024,18-10-2024,Standard Class,CUST1010,Priya Taylor,Home Office,USA,Toronto,P1006,Printer,10,825.77
2664,ORD1390,22-07-2023,31-07-2023,First Class,CUST1055,Sarah Davis,Corporate,Germany,London,P1006,Printer,3,4771.98
2665,ORD1682,29-11-2024,30-11-2024,Second Class,CUST1356,Chris Brown,Home Office,Canada,London,P1003,Mouse,4,835.18
2666,ORD1487,18-11-2023,24-11-2023,First Class,CUST2845,Michael Wilson,Home Office,India,Bangalore,P1002,Keyboard,3,4844.47
2667,ORD1503,02-10-2023,10-10-2023,Standard Class,CUST2196,Robert Miller,Corporate,India,Bangalore,P1008,SSD,6,1604.12
2668,ORD1705,12-12-2024,20-12-2024,Second Class,CUST1150,John Sharma,Consumer,Canada,New York,P1001,Laptop,2,1013.08
2669,ORD1633,29-09-2023,05-10-2023,Same Day,CUST2604,,Consumer,Germany,Bangalore,P1005,Headphones,10,511.56
2670,ORD2300,01-06-2023,09-06-2023,Same Day,CUST2330,John Gupta,Home Office,Canada,Pune,P1001,Laptop,3,885.86
2671,ORD1306,08-07-2024,12-07-2024,First Class,CUST2581,David Wilson,Corporate,Germany,London,P1001,Laptop,4,3372.42
2672,ORD1525,15-01-2024,21-01-2024,First Class,CUST3378,Emily Smith,Consumer,Canada,Bangalore,P1006,Printer,6,2172.08
2673,ORD2023,25-05-2024,02-06-2024,Second Class,CUST1950,Sneha Brown,Corporate,Canada,Bangalore,P1005,Headphones,10,3629.72
2674,ORD1126,27-09-2023,04-10-2023,Standard Class,CUST3128,,Corporate,Germany,Toronto,P1001,Laptop,3,4742.8
2675,ORD1868,30-07-2024,31-07-2024,Second Class,CUST1613,John Miller,Corporate,UK,London,P1003,Mouse,1,2032.03
2676,ORD1937,02-03-2025,12-03-2025,Same Day,CUST2893,John Johnson,Corporate,India,Delhi,P1001,Laptop,1,326.29
2677,ORD2196,18-05-2025,22-05-2025,First Class,CUST1135,Priya Sharma,Home Office,Canada,Delhi,P1005,Headphones,2,1942.84
2678,ORD2491,17-03-2023,26-03-2023,Second Class,CUST1947,Rahul Johnson,Home Office,Germany,Delhi,P1004,Monitor,10,4603.33
2679,ORD2328,16-09-2024,19-09-2024,Standard Class,CUST2381,Sarah Smith,Corporate,India,Delhi,P1002,Keyboard,3,4602.24
2680,ORD1086,05-06-2025,06-06-2025,Second Class,CUST3092,Sarah Gupta,Corporate,UK,Delhi,P1003,Mouse,8,3908.05
2681,ORD1646,20-10-2023,30-10-2023,Same Day,CUST3217,Amit Gupta,Consumer,Germany,Delhi,P1006,Printer,1,2031.14
2682,ORD1308,12-06-2023,21-06-2023,Standard Class,CUST1685,Robert Miller,Home Office,India,New York,P1001,Laptop,5,2108.99
2683,ORD1858,10-01-2024,19-01-2024,Second Class,CUST2108,Priya Sharma,Consumer,Germany,Toronto,P1006,Printer,1,3251.33
2684,ORD1543,26-03-2024,29-03-2024,First Class,CUST1724,Emily Gupta,Consumer,Canada,Berlin,P1005,Headphones,5,2372.9
2685,ORD2121,03-07-2024,08-07-2024,Same Day,CUST1014,Chris Miller,Corporate,Canada,London,P1001,Laptop,8,2367.11
2686,ORD1108,20-03-2024,22-03-2024,Same Day,CUST1627,Amit Wilson,Consumer,Canada,Mumbai,P1003,Mouse,10,724.84
2687,ORD1300,15-02-2024,17-02-2024,First Class,CUST1489,Priya Smith,Consumer,UK,Bangalore,P1007,Router,8,418.93
2688,ORD2056,10-03-2024,11-03-2024,Same Day,CUST2629,Amit Taylor,Consumer,USA,Pune,P1006,Printer,7,1921.09
2689,ORD1966,09-06-2025,19-06-2025,Standard Class,CUST1591,Priya Miller,Home Office,USA,Pune,P1006,Printer,3,3816.8
2690,ORD1537,17-05-2023,26-05-2023,Second Class,CUST2528,Sneha Wilson,Consumer,Canada,Mumbai,P1006,Printer,2,2905.16
2691,ORD1175,23-09-2024,02-10-2024,Standard Class,CUST3139,Priya Smith,Home Office,India,Berlin,P1005,Headphones,1,3476.09
2692,ORD2482,02-12-2024,09-12-2024,Standard Class,CUST2503,Michael Smith,Corporate,Canada,Pune,P1008,SSD,1,2382.91
2693,ORD1584,01-03-2023,06-03-2023,Second Class,CUST2739,Amit Miller,Corporate,Canada,Toronto,P1004,Monitor,8,3511.97
2694,ORD2327,28-10-2023,04-11-2023,Standard Class,CUST2341,Jane Johnson,Consumer,Germany,Mumbai,P1002,Keyboard,1,3397.61
2695,ORD1104,14-04-2025,16-04-2025,First Class,CUST1115,Anjali Brown,Consumer,UK,Mumbai,P1008,SSD,3,1772.68
2696,ORD1591,01-08-2024,09-08-2024,Second Class,CUST1719,John Johnson,Consumer,USA,Berlin,P1003,Mouse,6,4527.11
2697,ORD2235,29-04-2024,04-05-2024,First Class,CUST1942,Daniel Miller,Corporate,UK,Berlin,P1008,SSD,5,1309.3
2698,ORD1342,21-12-2023,24-12-2023,First Class,CUST1678,John Wilson,Consumer,Canada,New York,P1007,Router,2,1778.65
2699,ORD2472,05-08-2023,13-08-2023,Standard Class,CUST2500,Jane Davis,Consumer,Canada,Bangalore,P1005,Headphones,8,3957.6
2700,ORD1809,29-01-2025,08-02-2025,Same Day,CUST3185,Jane Sharma,Consumer,Germany,London,P1008,SSD,6,2507.2
2701,ORD1181,07-04-2025,15-04-2025,Standard Class,CUST2487,Amit Wilson,Home Office,Canada,Pune,P1005,Headphones,5,1400.71
2702,ORD2253,05-02-2023,14-02-2023,Second Class,CUST2382,Amit Sharma,Consumer,UK,Mumbai,P1001,Laptop,6,2248.83
2703,ORD1543,05-12-2023,06-12-2023,Second Class,CUST1748,David Patel,Consumer,UK,Delhi,P1007,Router,8,3696.36
2704,ORD1223,10-04-2023,12-04-2023,Standard Class,CUST3122,Emily Johnson,Home Office,UK,Toronto,P1002,Keyboard,7,4490.48
2705,ORD2248,21-07-2024,27-07-2024,Second Class,CUST1312,Sarah Patel,Home Office,Canada,Pune,P1004,Monitor,9,3346.74
2706,ORD1107,18-04-2025,26-04-2025,First Class,CUST3178,John Smith,Consumer,USA,Toronto,P1004,Monitor,5,816.57
2707,ORD2261,22-05-2024,25-05-2024,First Class,CUST2359,David Taylor,Consumer,Germany,Berlin,P1001,Laptop,9,4329.09
2708,ORD2470,16-09-2024,19-09-2024,First Class,CUST2927,Sneha Wilson,Home Office,Germany,New York,P1002,Keyboard,8,1559.98
2709,ORD1010,29-10-2023,01-11-2023,Same Day,CUST1424,Priya Taylor,Corporate,Canada,Delhi,P1004,Monitor,2,1348.14
2710,ORD1160,14-04-2024,17-04-2024,First Class,CUST3192,John Wilson,Corporate,USA,Delhi,P1008,SSD,7,2257.77
2711,ORD1876,26-09-2024,05-10-2024,Same Day,CUST2927,Emily Wilson,Corporate,UK,New York,P1008,SSD,8,3804.53
2712,ORD1141,30-08-2023,04-09-2023,Standard Class,CUST3500,Olivia Brown,Home Office,UnknownCountry,Bangalore,P1001,Laptop,7,4973.87
2713,ORD1006,08-12-2024,14-12-2024,Second Class,CUST2858,Emily Johnson,Home Office,Germany,Bangalore,P1007,Router,5,1915.54
2714,ORD1510,12-06-2024,22-06-2024,Standard Class,CUST1627,,Home Office,UK,New York,P1001,Laptop,8,3040.01
2715,ORD1864,06-01-2025,12-01-2025,Standard Class,CUST1286,Emily Sharma,Home Office,Canada,Delhi,P1007,Router,3,3521.09
2716,ORD1491,07-06-2025,08-06-2025,Standard Class,CUST2715,Emily Miller,Corporate,Germany,Mumbai,P1008,SSD,6,4840.61
2717,ORD1209,23-01-2024,24-01-2024,Second Class,CUST2841,Sneha Wilson,Consumer,USA,Mumbai,P1003,Mouse,4,4193.13
2718,ORD2382,30-06-2023,08-07-2023,Same Day,CUST1663,David Wilson,Corporate,UK,Toronto,P1002,Keyboard,4,4314.81
2719,ORD1215,14-05-2023,16-05-2023,Standard Class,CUST3013,Amit Brown,Home Office,Canada,Mumbai,P1004,Monitor,7,2110.17
2720,ORD1653,14-12-2024,19-12-2024,First Class,CUST3103,Robert Sharma,Consumer,UK,Toronto,P1006,Printer,6,3557.82
2721,ORD1607,23-03-2023,01-04-2023,Second Class,CUST3256,Sneha Taylor,Consumer,UK,Delhi,P1001,Laptop,2,4693.8
2722,ORD2357,19-06-2024,28-06-2024,Same Day,CUST3392,John Patel,Home Office,UK,Toronto,P1007,Router,10,4615.6
2723,ORD2240,22-06-2024,27-06-2024,Second Class,CUST3181,David Gupta,Consumer,UK,Delhi,P1003,Mouse,1,1250.57
2724,ORD2371,14-08-2023,17-08-2023,Standard Class,CUST1686,Sarah Brown,Consumer,USA,Toronto,P1008,SSD,7,2638.62
2725,ORD1600,10-05-2023,18-05-2023,Same Day,CUST1557,Robert Taylor,Home Office,UK,Delhi,P1008,SSD,8,762.92
2726,ORD1947,26-01-2025,02-02-2025,Second Class,CUST1612,John Taylor,Corporate,Canada,Bangalore,P1001,Laptop,5,2216.28
2727,ORD1163,31-01-2025,01-02-2025,Second Class,CUST3199,Sarah Davis,Corporate,UK,London,P1007,Router,8,1251.45
2728,ORD1870,27-06-2023,01-07-2023,Same Day,CUST3046,Sneha Smith,Consumer,UK,London,P1003,Mouse,4,1731.3
2729,ORD1730,23-12-2024,02-01-2025,Second Class,CUST1249,Michael Gupta,Consumer,USA,Delhi,P1008,SSD,9,1754.74
2730,ORD1917,24-01-2023,29-01-2023,First Class,CUST1171,Chris Brown,Corporate,UK,London,P1003,Mouse,5,4545.8
2731,ORD2067,10-09-2024,14-09-2024,Same Day,CUST1158,David Johnson,Consumer,Canada,Berlin,P1008,SSD,9,2710.31
2732,ORD1141,04-01-2024,14-01-2024,First Class,CUST2637,Daniel Gupta,Consumer,Germany,Toronto,P1007,Router,6,1931.56
2733,ORD1020,01-11-2023,06-11-2023,Same Day,CUST3045,Anjali Davis,Consumer,USA,Delhi,P1005,Headphones,10,4248.3
2734,ORD2412,16-06-2023,21-06-2023,First Class,CUST3189,Priya Gupta,Consumer,India,Toronto,P1006,Printer,3,1233.8
2735,ORD2259,26-09-2023,02-10-2023,Second Class,CUST2727,David Smith,Corporate,UnknownCountry,Mumbai,P1005,Headphones,9,2993.47
2736,ORD1422,02-03-2023,04-03-2023,Standard Class,CUST1923,Daniel Davis,Home Office,Germany,Mumbai,P1003,Mouse,2,1244.55
2737,ORD2033,25-05-2024,27-05-2024,Second Class,CUST3229,Sarah Davis,Corporate,Canada,Mumbai,P1007,Router,6,4460.91
2738,ORD2122,04-03-2025,06-03-2025,Standard Class,CUST1479,Emily Davis,Consumer,Canada,New York,P1001,Laptop,4,1664.08
2739,ORD1938,22-01-2023,25-01-2023,Same Day,CUST1678,Amit Gupta,Consumer,UK,Toronto,P1008,SSD,6,3060.36
2740,ORD2351,27-09-2024,03-10-2024,First Class,CUST2447,Priya Patel,Home Office,UK,London,P1008,SSD,6,175.82
2741,ORD1701,28-11-2023,02-12-2023,Second Class,CUST3306,Anjali Johnson,Corporate,India,New York,P1007,Router,9,1854.52
2742,ORD1586,18-03-2023,27-03-2023,First Class,CUST1657,Anjali Patel,Consumer,UK,Delhi,P1004,Monitor,1,4714.9
2743,ORD2369,03-03-2025,12-03-2025,Standard Class,CUST2615,Sneha Patel,Consumer,India,Delhi,P1003,Mouse,2,1531.88
2744,ORD1766,18-05-2024,23-05-2024,First Class,CUST1610,John Davis,Consumer,USA,Berlin,P1005,Headphones,7,3836.92
2745,ORD1536,19-04-2024,23-04-2024,Second Class,CUST2229,John Davis,Home Office,UK,Bangalore,P1001,Laptop,3,3631.3
2746,ORD1187,15-03-2025,18-03-2025,First Class,CUST1039,Anjali Brown,Home Office,USA,Toronto,P1005,Headphones,4,1483.33
2747,ORD1045,12-08-2024,17-08-2024,Second Class,CUST1362,Daniel Taylor,Consumer,UK,Delhi,P1002,Keyboard,6,2417.07
2748,ORD1649,19-08-2024,29-08-2024,Standard Class,CUST2156,Olivia Gupta,Home Office,UK,Pune,P1001,Laptop,3,4012.36
2749,ORD2342,31-08-2023,03-09-2023,First Class,CUST2665,John Johnson,Home Office,Germany,Pune,P1006,Printer,2,1059.53
2750,ORD1619,28-01-2025,01-02-2025,First Class,CUST2937,Jane Davis,Consumer,Germany,Toronto,P1005,Headphones,3,4467.84
2751,ORD1875,13-07-2024,20-07-2024,Second Class,CUST3021,Sarah Wilson,Consumer,India,Pune,P1002,Keyboard,3,178.3
2752,ORD1338,26-09-2024,28-09-2024,Standard Class,CUST1916,John Johnson,Corporate,Germany,New York,P1004,Monitor,9,220.13
2753,ORD2265,22-06-2024,02-07-2024,Standard Class,CUST3369,Robert Sharma,Corporate,UK,Delhi,P1001,Laptop,4,629.24
2754,ORD2172,21-04-2023,01-05-2023,Second Class,CUST1287,Sneha Davis,Consumer,UK,Toronto,P1001,Laptop,9,3648.95
2755,ORD2425,31-07-2023,02-08-2023,Second Class,CUST1956,Chris Sharma,Home Office,Canada,Berlin,P1008,SSD,1,4958.92
2756,ORD2457,13-12-2024,15-12-2024,Standard Class,CUST1046,Daniel Davis,Home Office,Germany,Pune,P1008,SSD,10,620
2757,ORD2036,23-03-2025,31-03-2025,Standard Class,CUST2315,Daniel Smith,Consumer,USA,Bangalore,P1005,Headphones,3,163.48
2758,ORD1509,06-10-2023,11-10-2023,Same Day,CUST1113,Priya Johnson,Corporate,Germany,Berlin,P1006,Printer,7,1757.46
2759,ORD2465,22-05-2024,30-05-2024,Second Class,CUST2466,Anjali Gupta,Consumer,USA,Pune,P1006,Printer,7,3791.72
2760,ORD1427,01-05-2023,08-05-2023,Second Class,CUST3037,Sneha Taylor,Home Office,India,Pune,P1001,Laptop,1,1611.51
2761,ORD2413,12-02-2025,20-02-2025,Second Class,CUST3348,Rahul Sharma,Consumer,India,Toronto,P1001,Laptop,7,4354.75
2762,ORD1046,14-01-2023,20-01-2023,Same Day,CUST3446,Daniel Sharma,Corporate,Germany,Bangalore,P1005,Headphones,3,4934.73
2763,ORD1507,12-08-2023,20-08-2023,Standard Class,CUST3019,Jane Patel,Home Office,India,Mumbai,P1001,Laptop,10,2502.61
2764,ORD1134,08-10-2023,09-10-2023,Second Class,CUST2022,Michael Davis,Corporate,USA,Mumbai,P1007,Router,7,1721.34
2765,ORD2094,07-03-2025,15-03-2025,First Class,CUST3218,Anjali Taylor,Home Office,USA,Delhi,P1005,Headphones,4,2367.2
2766,ORD2228,19-01-2025,20-01-2025,Second Class,CUST1582,Amit Patel,Home Office,USA,London,P1008,SSD,9,4730.48
2767,ORD1561,31-12-2023,06-01-2024,Second Class,CUST1468,Olivia Miller,Corporate,India,Bangalore,P1002,Keyboard,5,2620.93
2768,ORD1338,07-03-2025,11-03-2025,Same Day,CUST3222,Amit Davis,Home Office,Canada,Bangalore,P1007,Router,7,4396.27
2769,ORD2300,17-07-2023,20-07-2023,Standard Class,CUST1133,David Davis,Corporate,UK,Berlin,P1004,Monitor,6,2618.47
2770,ORD1846,07-03-2024,12-03-2024,Same Day,CUST2088,Jane Sharma,Consumer,Canada,Pune,P1007,Router,3,241.03
2771,ORD1466,19-04-2023,27-04-2023,First Class,CUST1690,Rahul Gupta,Corporate,Canada,Mumbai,P1006,Printer,2,1337.73
2772,ORD2051,06-11-2023,07-11-2023,Standard Class,CUST2103,David Johnson,Corporate,Canada,Delhi,P1002,Keyboard,9,608.06
2773,ORD1638,29-12-2024,02-01-2025,Standard Class,CUST1297,Robert Taylor,Corporate,India,Pune,P1007,Router,5,1964.22
2774,ORD1063,30-05-2025,03-06-2025,Standard Class,CUST1365,Amit Miller,Consumer,Canada,Mumbai,P1007,Router,6,1741.39
2775,ORD2452,07-10-2024,12-10-2024,First Class,CUST2057,Michael Sharma,Home Office,USA,Toronto,P1007,Router,9,3777.64
2776,ORD1474,26-05-2024,03-06-2024,First Class,CUST1111,Sarah Wilson,Home Office,UK,London,P1002,Keyboard,5,4959.81
2777,ORD2160,29-12-2023,05-01-2024,Standard Class,CUST1036,Sarah Smith,Consumer,India,Toronto,P1007,Router,3,803.33
2778,ORD1306,14-08-2023,23-08-2023,Same Day,CUST2093,Sneha Brown,Home Office,India,Berlin,P1007,Router,4,1983.37
2779,ORD2086,26-08-2023,04-09-2023,Standard Class,CUST3379,Emily Gupta,Consumer,Germany,Bangalore,P1006,Printer,5,195.41
2780,ORD2466,11-09-2024,21-09-2024,Same Day,CUST2477,John Taylor,Consumer,India,Bangalore,P1002,Keyboard,7,4027.46
2781,ORD1531,26-05-2025,27-05-2025,First Class,CUST3161,Sneha Wilson,Home Office,UK,Bangalore,P1004,Monitor,8,4074.11
2782,ORD1069,16-01-2023,23-01-2023,Same Day,CUST3336,Emily Miller,Corporate,India,New York,P1003,Mouse,3,2989.89
2783,ORD1727,19-09-2023,24-09-2023,Same Day,CUST3359,Emily Wilson,Consumer,India,Berlin,P1007,Router,6,4231.47
2784,ORD1267,01-05-2024,07-05-2024,Standard Class,CUST1049,Jane Sharma,Home Office,India,Berlin,P1003,Mouse,4,1390.97
2785,ORD1944,16-08-2024,21-08-2024,Second Class,CUST1959,Emily Johnson,Corporate,USA,Bangalore,P1006,Printer,3,2141.68
2786,ORD2499,10-06-2024,20-06-2024,Standard Class,CUST1189,John Johnson,Corporate,India,Berlin,P1008,SSD,9,4831.48
2787,ORD1211,09-05-2023,19-05-2023,First Class,CUST2836,Robert Johnson,Home Office,USA,Mumbai,P1005,Headphones,5,4376.09
2788,ORD2159,05-11-2023,14-11-2023,Standard Class,CUST2181,Michael Davis,Corporate,UK,Delhi,P1005,Headphones,9,1049.87
2789,ORD1436,09-05-2024,12-05-2024,First Class,CUST2660,Sneha Gupta,Home Office,Germany,Pune,P1008,SSD,4,288.98
2790,ORD1283,29-02-2024,06-03-2024,First Class,CUST2869,Anjali Gupta,Consumer,India,London,P1007,Router,9,2823.82
2791,ORD2492,16-01-2025,18-01-2025,Standard Class,CUST3137,Chris Miller,Corporate,India,Mumbai,P1008,SSD,8,3652.22
2792,ORD1247,29-04-2023,06-05-2023,Standard Class,CUST2231,Olivia Sharma,Corporate,UK,Toronto,P1002,Keyboard,2,4840.79
2793,ORD2193,26-05-2025,04-06-2025,Standard Class,CUST3361,Priya Patel,Corporate,USA,New York,P1004,Monitor,8,1103.78
2794,ORD2498,12-04-2025,21-04-2025,Second Class,CUST1987,Priya Gupta,Corporate,Germany,Berlin,P1006,Printer,8,73.42
2795,ORD1960,27-07-2024,05-08-2024,Second Class,CUST2395,Sarah Brown,Corporate,India,Delhi,P1002,Keyboard,2,3767.27
2796,ORD2489,28-02-2025,09-03-2025,Second Class,CUST1679,Robert Gupta,Home Office,Germany,Mumbai,P1001,Laptop,10,2075.04
2797,ORD1831,26-02-2024,27-02-2024,Same Day,CUST2476,Olivia Davis,Home Office,USA,London,P1003,Mouse,8,362.73
2798,ORD1629,17-02-2024,26-02-2024,Standard Class,CUST1004,,Consumer,Canada,Mumbai,P1003,Mouse,10,4221.76
2799,ORD1043,02-04-2024,03-04-2024,Same Day,CUST3130,Chris Smith,Home Office,Germany,Toronto,P1004,Monitor,7,3769.73
2800,ORD2187,19-08-2023,22-08-2023,Same Day,CUST1143,Rahul Taylor,Consumer,UK,New York,P1001,Laptop,10,815.03
2801,ORD2423,09-12-2024,16-12-2024,First Class,CUST3215,Priya Sharma,Home Office,USA,Toronto,P1008,SSD,6,343.36
2802,ORD1972,28-03-2025,02-04-2025,First Class,CUST2617,Emily Gupta,Consumer,Canada,Berlin,P1005,Headphones,7,1834.23
2803,ORD1565,02-04-2023,12-04-2023,Standard Class,CUST2829,Rahul Wilson,Corporate,Canada,London,P1003,Mouse,1,4302.57
2804,ORD1082,18-07-2023,23-07-2023,Second Class,CUST1610,John Brown,Corporate,USA,Toronto,P1006,Printer,10,4958.89
2805,ORD1462,01-03-2023,05-03-2023,Same Day,CUST2047,Emily Brown,Corporate,Canada,Bangalore,P1003,Mouse,4,100.04
2806,ORD2465,16-02-2025,17-02-2025,First Class,CUST1160,Anjali Sharma,Consumer,UK,Pune,P1008,SSD,7,2598.96
2807,ORD1300,24-10-2024,27-10-2024,Same Day,CUST2637,Anjali Gupta,Corporate,India,Delhi,P1005,Headphones,6,3555.05
2808,ORD1409,08-05-2024,18-05-2024,Standard Class,CUST2467,Daniel Davis,Corporate,Canada,Bangalore,P1001,Laptop,4,723.21
2809,ORD1889,25-08-2023,29-08-2023,Second Class,CUST1612,Amit Patel,Home Office,Canada,Delhi,P1005,Headphones,9,1192.85
2810,ORD1286,16-03-2025,20-03-2025,Second Class,CUST1762,Emily Miller,Consumer,India,Mumbai,P1008,SSD,4,4059.07
2811,ORD2469,27-04-2024,28-04-2024,First Class,CUST1583,Sneha Davis,Corporate,India,Bangalore,P1001,Laptop,8,105.15
2812,ORD1404,15-07-2023,19-07-2023,Standard Class,CUST3201,Olivia Taylor,Consumer,Germany,New York,P1004,Monitor,6,2023.19
2813,ORD1168,11-05-2023,17-05-2023,Standard Class,CUST2103,Priya Davis,Corporate,India,London,P1008,SSD,2,2413.72
2814,ORD1862,08-08-2024,15-08-2024,Same Day,CUST2211,Emily Patel,Corporate,UK,Delhi,P1001,Laptop,2,1869.86
2815,ORD2363,14-12-2024,23-12-2024,Same Day,CUST1644,Robert Wilson,Consumer,UK,Bangalore,P1004,Monitor,3,3164.73
2816,ORD1922,22-07-2023,01-08-2023,First Class,CUST1836,David Brown,Home Office,Germany,Bangalore,P1007,Router,10,238.18
2817,ORD2235,12-04-2024,22-04-2024,Second Class,CUST1865,Jane Patel,Consumer,USA,Delhi,P1008,SSD,2,2989.62
2818,ORD1766,14-02-2025,24-02-2025,First Class,CUST2486,Chris Johnson,Home Office,India,Delhi,P1007,Router,6,107.83
2819,ORD1892,20-03-2024,29-03-2024,Standard Class,CUST2651,,Consumer,UK,Berlin,P1007,Router,7,2381.6
2820,ORD1609,28-04-2025,08-05-2025,Second Class,CUST1582,Amit Miller,Corporate,Germany,Pune,P1007,Router,1,1194
2821,ORD1685,09-07-2023,14-07-2023,Same Day,CUST2561,Michael Brown,Consumer,UK,London,P1003,Mouse,10,3808.89
2822,ORD1495,24-11-2024,02-12-2024,Second Class,CUST3346,Sneha Sharma,Consumer,Germany,New York,P1005,Headphones,10,1717.24
2823,ORD2221,23-10-2023,24-10-2023,First Class,CUST2312,Chris Wilson,Corporate,UK,Toronto,P1004,Monitor,6,1032.01
2824,ORD1962,01-03-2023,10-03-2023,Second Class,CUST1128,John Brown,Home Office,India,Mumbai,P1008,SSD,3,3694.69
2825,ORD1957,28-07-2023,04-08-2023,Second Class,CUST1687,Emily Sharma,Home Office,Canada,Bangalore,P1007,Router,3,891.56
2826,ORD2494,29-07-2023,03-08-2023,First Class,CUST3311,Sarah Miller,Consumer,Canada,Toronto,P1008,SSD,1,3994.89
2827,ORD2188,07-05-2023,08-05-2023,First Class,CUST3247,Amit Sharma,Corporate,India,Berlin,P1001,Laptop,4,4882.01
2828,ORD1315,28-02-2024,04-03-2024,Same Day,CUST3284,,Home Office,USA,Berlin,P1005,Headphones,9,1819.15
2829,ORD1743,07-10-2024,12-10-2024,Same Day,CUST2764,Chris Smith,Home Office,India,Bangalore,P1002,Keyboard,8,528.8
2830,ORD1849,27-10-2023,02-11-2023,Standard Class,CUST2169,Emily Gupta,Consumer,UK,Toronto,P1002,Keyboard,7,4808.76
2831,ORD1614,19-09-2023,27-09-2023,Second Class,CUST3210,Priya Taylor,Consumer,UK,Delhi,P1004,Monitor,9,4719.75
2832,ORD1061,06-11-2024,12-11-2024,Same Day,CUST2412,Olivia Johnson,Home Office,USA,Berlin,P1007,Router,9,4004.3
2833,ORD1620,27-01-2025,04-02-2025,Standard Class,CUST3430,Amit Taylor,Home Office,USA,Berlin,P1008,SSD,5,1265.28
2834,ORD1540,30-12-2023,31-12-2023,First Class,CUST1877,Amit Smith,Corporate,USA,London,P1007,Router,1,791.5
2835,ORD1092,07-06-2024,17-06-2024,First Class,CUST2610,Chris Miller,Home Office,USA,New York,P1007,Router,4,1525.94
2836,ORD1475,02-01-2024,07-01-2024,First Class,CUST1724,Jane Brown,Consumer,UK,Toronto,P1007,Router,1,4121.6
2837,ORD2033,07-04-2024,09-04-2024,Standard Class,CUST1858,Emily Wilson,Corporate,Germany,New York,P1001,Laptop,7,2164.47
2838,ORD1613,24-08-2024,25-08-2024,Same Day,CUST2648,David Gupta,Corporate,Canada,Toronto,P1004,Monitor,10,656.5
2839,ORD1167,12-03-2024,14-03-2024,Second Class,CUST1474,Chris Patel,Consumer,USA,Toronto,P1003,Mouse,6,4896.22
2840,ORD2128,18-03-2025,25-03-2025,Standard Class,CUST1173,Chris Wilson,Consumer,UK,Bangalore,P1002,Keyboard,4,1122.54
2841,ORD1268,15-05-2025,24-05-2025,Same Day,CUST1005,Jane Davis,Home Office,UK,London,P1007,Router,1,3843.78
2842,ORD1053,21-06-2023,01-07-2023,Same Day,CUST1790,Chris Taylor,Consumer,India,Mumbai,P1006,Printer,2,962.58
2843,ORD1602,10-04-2025,16-04-2025,Standard Class,CUST3219,Jane Patel,Home Office,India,Toronto,P1008,SSD,2,3008.8
2844,ORD2244,04-08-2024,14-08-2024,Second Class,CUST2643,Sneha Patel,Consumer,UK,London,P1002,Keyboard,2,2899.15
2845,ORD2375,12-04-2025,22-04-2025,Same Day,CUST3180,Priya Johnson,Home Office,Canada,Berlin,P1004,Monitor,2,2440.98
2846,ORD2098,12-01-2023,17-01-2023,Second Class,CUST1667,Chris Taylor,Home Office,UK,Mumbai,P1003,Mouse,8,4596.12
2847,ORD2437,14-04-2023,24-04-2023,Standard Class,CUST1629,Rahul Davis,Consumer,USA,Pune,P1007,Router,4,1433.27
2848,ORD1722,17-06-2023,20-06-2023,First Class,CUST1169,Sneha Smith,Consumer,Canada,Pune,P1001,Laptop,8,2505.33
2849,ORD2069,23-07-2024,29-07-2024,Second Class,CUST2838,David Taylor,Consumer,Canada,Toronto,P1007,Router,2,388.05
2850,ORD1371,29-02-2024,03-03-2024,Second Class,CUST1243,Robert Miller,Corporate,India,Toronto,P1001,Laptop,6,2477.41
2851,ORD1191,22-06-2023,24-06-2023,Same Day,CUST1196,Daniel Johnson,Home Office,India,Pune,P1002,Keyboard,3,4324.22
2852,ORD2455,22-10-2024,26-10-2024,Second Class,CUST1242,Michael Patel,Corporate,Germany,Berlin,P1004,Monitor,10,3617.18
2853,ORD1277,02-03-2023,09-03-2023,Second Class,CUST1471,Chris Wilson,Home Office,UK,Toronto,P1003,Mouse,9,3307.62
2854,ORD2034,18-12-2024,28-12-2024,Standard Class,CUST3386,Anjali Sharma,Home Office,India,Toronto,P1002,Keyboard,9,289.59
2855,ORD1590,03-01-2024,04-01-2024,Second Class,CUST1364,Jane Brown,Consumer,USA,Toronto,P1006,Printer,1,2618.39
2856,ORD1829,15-03-2025,20-03-2025,Standard Class,CUST2036,David Sharma,Consumer,Germany,Pune,,Keyboard,10,2522.84
2857,ORD1209,20-09-2023,21-09-2023,First Class,CUST2740,Rahul Patel,Corporate,UK,London,P1004,Monitor,1,4110.12
2858,ORD1023,27-08-2024,02-09-2024,Same Day,CUST1539,Anjali Gupta,Corporate,UK,Toronto,P1001,Laptop,7,2990.9
2859,ORD1451,01-12-2024,11-12-2024,Standard Class,CUST2995,David Brown,Home Office,UK,Pune,P1006,Printer,5,758.22
2860,ORD2267,04-11-2024,05-11-2024,First Class,CUST2860,Olivia Gupta,Corporate,USA,London,P1005,Headphones,4,3388.69
2861,ORD2284,30-06-2024,05-07-2024,Same Day,CUST2599,Rahul Johnson,Home Office,UK,Bangalore,P1008,SSD,1,523.84
2862,ORD1585,22-05-2024,25-05-2024,Standard Class,CUST2922,David Sharma,Home Office,UK,Mumbai,P1007,Router,3,4832.13
2863,ORD2405,01-02-2024,04-02-2024,Same Day,CUST1347,Jane Sharma,Corporate,USA,Toronto,P1008,SSD,7,89
2864,ORD1388,12-11-2023,22-11-2023,First Class,CUST2638,Olivia Taylor,Home Office,Canada,Berlin,P1003,Mouse,1,668.43
2865,ORD1756,23-01-2024,26-01-2024,Same Day,CUST2209,,Consumer,UK,Berlin,P1008,SSD,3,1071.09
2866,ORD2468,01-06-2023,07-06-2023,First Class,CUST1734,Sarah Patel,Consumer,UK,Toronto,P1003,Mouse,1,53.4
2867,ORD1657,02-02-2025,11-02-2025,Same Day,CUST1256,Priya Brown,Consumer,UK,Mumbai,P1005,Headphones,6,3874.94
2868,ORD1016,02-10-2024,08-10-2024,First Class,CUST1815,Chris Johnson,Consumer,India,New York,P1004,Monitor,6,4596.78
2869,ORD1034,04-12-2023,14-12-2023,First Class,CUST1611,Sarah Brown,Consumer,India,Mumbai,P1004,Monitor,10,471.73
2870,ORD1300,18-06-2025,28-06-2025,First Class,CUST1926,Anjali Johnson,Corporate,India,New York,P1005,Headphones,1,4046.86
2871,ORD2102,19-03-2025,27-03-2025,First Class,CUST1806,Sneha Gupta,Corporate,Germany,Delhi,P1004,Monitor,5,273.41
2872,ORD1304,09-04-2023,11-04-2023,Second Class,CUST1934,,Corporate,Germany,Pune,P1007,Router,9,589.79
2873,ORD1031,13-02-2023,23-02-2023,Second Class,CUST2272,Michael Sharma,Corporate,Canada,Toronto,P1007,Router,4,3412.45
2874,ORD1740,31-05-2024,08-06-2024,First Class,CUST2420,Daniel Brown,Corporate,USA,New York,P1008,SSD,9,2637.26
2875,ORD2091,28-05-2023,01-06-2023,Second Class,CUST2288,David Wilson,Home Office,USA,Delhi,P1008,SSD,6,1052.87
2876,ORD1239,11-03-2023,19-03-2023,Standard Class,CUST2356,John Davis,Corporate,UK,London,P1003,Mouse,4,2792.39
2877,ORD2079,11-07-2023,20-07-2023,Second Class,CUST1029,David Gupta,Corporate,Canada,Toronto,P1008,SSD,7,4579.65
2878,ORD2451,15-02-2023,24-02-2023,Same Day,CUST2225,Emily Taylor,Corporate,India,Delhi,P1003,Mouse,1,3147.56
2879,,01-08-2023,03-08-2023,Same Day,CUST3275,Emily Miller,Consumer,India,London,P1004,Monitor,3,2010.86
2880,ORD1195,03-11-2024,04-11-2024,First Class,CUST1336,David Wilson,Consumer,India,Pune,P1008,SSD,1,4036.08
2881,ORD1167,12-10-2023,17-10-2023,Second Class,CUST3420,Chris Miller,Corporate,UK,London,P1006,Printer,8,1593.85
2882,ORD1419,07-08-2023,09-08-2023,Standard Class,CUST1501,Sneha Patel,Consumer,USA,Bangalore,P1008,SSD,5,3938.18
2883,ORD1923,18-06-2023,28-06-2023,Same Day,CUST1116,Jane Smith,Consumer,USA,New York,P1007,Router,4,1507.74
2884,ORD2228,06-09-2024,14-09-2024,First Class,CUST3259,Anjali Sharma,Home Office,India,Pune,P1006,Printer,8,2583.09
2885,ORD1109,28-12-2024,31-12-2024,First Class,CUST3345,Rahul Brown,Corporate,Germany,New York,P1002,Keyboard,4,2308.91
2886,ORD1449,11-06-2024,14-06-2024,First Class,CUST3389,Daniel Smith,Consumer,USA,Pune,P1008,SSD,3,878.53
2887,ORD1469,10-06-2025,20-06-2025,First Class,CUST3280,John Gupta,Consumer,UK,Berlin,P1006,Printer,4,3444.52
2888,ORD1639,19-01-2025,28-01-2025,Same Day,CUST3275,Priya Wilson,Corporate,Canada,Berlin,P1004,Monitor,5,81.57
2889,ORD1036,15-08-2023,22-08-2023,Same Day,CUST2446,Robert Smith,Consumer,Canada,Toronto,P1007,Router,3,852.17
2890,ORD2125,22-05-2025,25-05-2025,Second Class,CUST3206,Michael Johnson,Home Office,USA,Toronto,P1002,Keyboard,9,866.91
2891,ORD2137,20-03-2025,25-03-2025,Second Class,CUST2747,David Davis,Home Office,USA,Bangalore,P1008,SSD,1,4536.24
2892,ORD2478,08-03-2025,14-03-2025,Second Class,CUST1150,Olivia Sharma,Corporate,Canada,Mumbai,P1007,Router,5,2738.25
2893,ORD1474,07-04-2023,10-04-2023,First Class,CUST2083,Sarah Patel,Home Office,UK,Pune,P1004,Monitor,2,4834.6
2894,ORD2347,13-11-2023,20-11-2023,Standard Class,CUST1630,David Brown,Consumer,India,Toronto,P1006,Printer,4,2365.03
2895,ORD2397,01-04-2023,09-04-2023,First Class,CUST3290,Anjali Davis,Corporate,UK,Pune,P1001,Laptop,2,3462.02
2896,ORD2488,13-12-2023,23-12-2023,First Class,CUST3262,Chris Patel,Home Office,UK,Delhi,P1006,Printer,2,3132.19
2897,ORD2023,10-08-2024,14-08-2024,Second Class,CUST2679,Sarah Sharma,Corporate,Germany,Berlin,P1002,Keyboard,3,2469.86
2898,ORD1944,13-03-2024,22-03-2024,Same Day,CUST2999,Emily Miller,Consumer,UK,Toronto,P1008,SSD,2,1082.66
2899,ORD1632,02-04-2023,10-04-2023,Standard Class,CUST3395,Emily Davis,Home Office,India,New York,P1005,Headphones,3,2190.15
2900,ORD2006,25-05-2025,28-05-2025,Second Class,CUST3489,Rahul Smith,Home Office,Canada,Toronto,P1004,Monitor,2,1848.43
2901,ORD1056,03-02-2023,05-02-2023,Standard Class,CUST1917,Rahul Johnson,Corporate,UK,Mumbai,P1002,Keyboard,5,1451.14
2902,ORD1407,27-02-2024,03-03-2024,Second Class,CUST1305,David Miller,Home Office,India,Pune,P1008,SSD,1,4326.83
2903,ORD2074,08-02-2024,10-02-2024,First Class,CUST2885,Anjali Miller,Consumer,UK,Pune,P1007,Router,6,-100
2904,ORD1985,18-08-2023,27-08-2023,Same Day,CUST2860,Rahul Miller,Corporate,Canada,Bangalore,P1001,Laptop,7,2287.85
2905,ORD1074,21-08-2024,28-08-2024,Standard Class,CUST1742,Chris Davis,Corporate,USA,Toronto,P1002,Keyboard,5,1157.42
2906,ORD1355,28-02-2023,06-03-2023,Same Day,CUST1648,Olivia Wilson,Corporate,Germany,Berlin,P1007,Router,2,3339.64
2907,ORD2322,08-01-2024,14-01-2024,Second Class,CUST1642,Chris Gupta,Corporate,India,Pune,P1008,SSD,2,3422.39
2908,ORD1631,25-11-2024,05-12-2024,Same Day,CUST3044,Sarah Brown,Home Office,Canada,Mumbai,P1002,Keyboard,10,2148.85
2909,ORD1696,21-02-2024,01-03-2024,Standard Class,CUST1143,Olivia Taylor,Corporate,Germany,Berlin,P1007,Router,4,4711.73
2910,ORD2025,23-01-2024,31-01-2024,Second Class,CUST1796,Daniel Sharma,Corporate,UK,Berlin,P1005,Headphones,1,882.67
2911,ORD1411,03-06-2023,11-06-2023,Same Day,CUST2737,Olivia Patel,Home Office,Canada,New York,P1007,Router,6,2615.3
2912,ORD2343,29-01-2025,05-02-2025,First Class,CUST3389,,Corporate,India,London,P1007,Router,6,4217.7
2913,ORD1488,09-10-2023,17-10-2023,First Class,CUST1147,Anjali Brown,Corporate,India,London,P1005,Headphones,4,2241.28
2914,ORD1347,06-09-2024,07-09-2024,Same Day,CUST2289,Olivia Davis,Home Office,Germany,New York,P1005,Headphones,6,4393.77
2915,ORD1485,27-03-2024,02-04-2024,Standard Class,CUST2974,Amit Smith,Corporate,USA,Bangalore,P1005,Headphones,4,3660.52
2916,ORD1761,17-02-2024,27-02-2024,Second Class,CUST3486,Jane Davis,Corporate,Germany,Toronto,P1004,Monitor,5,4881.29
2917,ORD2074,13-02-2023,18-02-2023,Same Day,CUST1906,Priya Davis,Consumer,UK,Pune,P1001,Laptop,6,56.47
2918,ORD1791,12-08-2023,15-08-2023,Standard Class,CUST2287,Jane Smith,Home Office,USA,Toronto,P1005,Headphones,6,2606.8
2919,ORD2091,07-04-2024,17-04-2024,Second Class,CUST1827,Olivia Wilson,Corporate,Canada,New York,P1007,Router,7,1369.07
2920,ORD1807,03-06-2025,10-06-2025,Second Class,CUST1894,Daniel Brown,Corporate,USA,Berlin,P1001,Laptop,5,601.72
2921,ORD2217,31-05-2023,01-06-2023,Standard Class,CUST1218,Olivia Johnson,Consumer,USA,Berlin,P1005,Headphones,7,272.36
2922,ORD2092,23-04-2023,03-05-2023,Standard Class,CUST2604,David Taylor,Corporate,Germany,Berlin,P1006,Printer,8,2850.62
2923,ORD1961,27-07-2023,05-08-2023,Second Class,CUST1088,Robert Johnson,Corporate,UK,Bangalore,P1004,Monitor,6,2263.58
2924,ORD2342,16-01-2024,21-01-2024,Second Class,CUST2398,John Patel,Home Office,USA,Toronto,P1008,SSD,1,969.36
2925,ORD1957,30-01-2023,06-02-2023,First Class,CUST2772,Chris Gupta,Consumer,Canada,Pune,P1008,SSD,9,3416.99
2926,ORD1245,13-06-2023,23-06-2023,Second Class,CUST2634,Olivia Johnson,Consumer,Germany,Pune,P1003,Mouse,3,978.64
2927,ORD1945,17-09-2023,23-09-2023,Standard Class,CUST1848,Olivia Davis,Corporate,Canada,Berlin,P1005,Headphones,1,1705.61
2928,ORD2420,01-06-2024,02-06-2024,Standard Class,CUST1183,Sneha Sharma,Home Office,UK,Pune,P1008,SSD,1,4102.42
2929,ORD1547,11-02-2023,19-02-2023,Same Day,CUST3161,Sarah Taylor,Home Office,UK,Berlin,,Laptop,9,3667.22
2930,ORD2049,20-07-2023,21-07-2023,First Class,CUST3119,Daniel Patel,Corporate,USA,Toronto,P1004,Monitor,6,3316.67
2931,ORD2413,25-11-2024,26-11-2024,First Class,CUST1529,Priya Brown,Home Office,India,Mumbai,P1005,Headphones,4,632.54
2932,ORD1925,21-07-2024,30-07-2024,Same Day,CUST2049,Sarah Johnson,Corporate,Canada,London,P1004,Monitor,10,2537.75
2933,ORD1546,25-09-2023,30-09-2023,First Class,CUST3406,Sarah Smith,Consumer,USA,Mumbai,P1001,Laptop,8,3150.35
2934,ORD1761,22-03-2024,23-03-2024,Second Class,CUST2733,Rahul Miller,Consumer,India,London,P1006,Printer,3,1073.28
2935,ORD2329,08-02-2023,11-02-2023,Same Day,CUST1802,Sarah Smith,Home Office,USA,Bangalore,P1007,Router,6,4255.95
2936,ORD1818,28-12-2023,02-01-2024,Second Class,CUST1120,Priya Miller,Home Office,Germany,Pune,P1001,Laptop,6,1412.13
2937,ORD1123,03-04-2025,06-04-2025,Second Class,CUST1669,John Johnson,Consumer,Germany,London,P1008,SSD,4,512.42
2938,ORD1668,05-01-2023,06-01-2023,Second Class,CUST1821,Jane Taylor,Consumer,India,Toronto,P1005,Headphones,9,675.26
2939,ORD1113,05-11-2023,14-11-2023,Standard Class,CUST3320,Sarah Smith,Corporate,UK,New York,P1002,Keyboard,8,1126.7
2940,ORD2057,03-01-2024,11-01-2024,Same Day,CUST1837,Rahul Taylor,Home Office,USA,New York,P1008,SSD,6,3208.52
2941,ORD1670,31-12-2099,09-09-2023,First Class,CUST1346,Amit Brown,Corporate,USA,Bangalore,P1002,Keyboard,9,4358.18
2942,ORD1894,09-10-2023,12-10-2023,Standard Class,CUST3066,Emily Brown,Corporate,UK,Berlin,P1006,Printer,7,3881.33
2943,ORD2077,08-11-2024,10-11-2024,First Class,CUST3423,John Davis,Consumer,Germany,Pune,P1006,Printer,10,2144.95
2944,ORD2488,22-05-2025,01-06-2025,First Class,CUST2072,Anjali Taylor,Corporate,Canada,Pune,P1006,Printer,6,123.72
2945,ORD2451,19-02-2025,24-02-2025,Standard Class,CUST2332,Anjali Smith,Home Office,Germany,Delhi,P1005,Headphones,5,1476.13
2946,ORD2457,25-10-2023,26-10-2023,First Class,CUST1109,Priya Sharma,Home Office,UK,London,P1004,Monitor,6,3026.61
2947,ORD1430,13-01-2024,19-01-2024,Standard Class,CUST3079,Chris Brown,Home Office,USA,Berlin,P1002,Keyboard,8,3891.02
2948,ORD1614,02-04-2024,10-04-2024,Same Day,CUST2112,Emily Miller,Consumer,UK,New York,P1008,SSD,2,674.65
2949,ORD2053,03-04-2024,06-04-2024,Second Class,CUST2976,,Home Office,India,Mumbai,P1005,Headphones,8,357.51
2950,ORD1583,14-06-2025,20-06-2025,First Class,CUST3242,Daniel Wilson,Home Office,Canada,Berlin,P1006,Printer,5,4614.01
2951,ORD1216,22-03-2024,29-03-2024,Second Class,CUST3308,Emily Sharma,Home Office,Canada,Pune,P1003,Mouse,3,1682.97
2952,ORD2200,15-08-2023,21-08-2023,Second Class,CUST2844,Robert Gupta,Corporate,Germany,Mumbai,P1001,Laptop,7,1540.57
2953,ORD1317,05-03-2025,08-03-2025,Second Class,CUST2977,Robert Patel,Consumer,India,New York,P1008,SSD,6,4744.76
2954,ORD2420,04-10-2024,08-10-2024,Standard Class,CUST3033,Olivia Smith,Consumer,UK,New York,P1005,Headphones,6,1715.13
2955,ORD1492,20-03-2025,25-03-2025,First Class,CUST2377,Olivia Patel,Corporate,UnknownCountry,Pune,P1006,Printer,7,4960.91
2956,ORD2358,08-08-2023,12-08-2023,Same Day,CUST2698,Robert Taylor,Consumer,Germany,London,P1006,Printer,1,1542.53
2957,ORD2188,04-04-2023,05-04-2023,Standard Class,CUST2203,Sarah Johnson,Corporate,India,London,P1007,Router,6,3418.44
2958,ORD2145,25-11-2023,28-11-2023,Same Day,CUST3388,Sarah Davis,Corporate,Germany,Toronto,P1002,Keyboard,1,3903.26
2959,ORD2261,29-11-2024,03-12-2024,Same Day,CUST1147,Amit Miller,Home Office,Germany,London,P1002,Keyboard,1,4898.62
2960,ORD1068,13-01-2024,19-01-2024,Standard Class,CUST1380,Jane Patel,Consumer,USA,Mumbai,P1004,Monitor,3,2059.19
2961,ORD1099,03-02-2023,13-02-2023,Second Class,CUST1889,Rahul Sharma,Consumer,Canada,Mumbai,P1004,Monitor,3,4552.75
2962,ORD2363,16-11-2024,20-11-2024,Second Class,CUST1257,Amit Taylor,Home Office,USA,New York,P1008,SSD,5,4765.33
2963,ORD1921,16-06-2024,18-06-2024,Same Day,CUST2770,Robert Davis,Home Office,UK,Delhi,P1007,Router,1,2741.2
2964,ORD1612,08-06-2024,10-06-2024,First Class,CUST1763,Anjali Sharma,Corporate,UK,Berlin,P1003,Mouse,5,787.05
2965,ORD1845,11-11-2023,16-11-2023,First Class,CUST2896,Sneha Taylor,Consumer,USA,Berlin,P1001,Laptop,10,4111.13
2966,ORD1832,03-09-2023,11-09-2023,Standard Class,CUST3251,Priya Gupta,Corporate,UK,Delhi,P1006,Printer,5,1971.44
2967,ORD1913,10-11-2024,12-11-2024,First Class,CUST2572,Daniel Miller,Consumer,Germany,London,P1005,Headphones,4,504.66
2968,ORD1669,05-12-2023,12-12-2023,First Class,CUST1590,Sarah Miller,Corporate,India,Delhi,P1007,Router,7,3971.58
2969,ORD2194,16-02-2025,17-02-2025,First Class,CUST3413,Robert Sharma,Corporate,Germany,Pune,P1007,Router,2,3323.38
2970,ORD2101,06-07-2023,09-07-2023,Second Class,CUST1558,David Sharma,Home Office,Canada,Delhi,P1003,Mouse,3,4521.41
2971,ORD1463,23-04-2024,27-04-2024,Same Day,CUST3285,Chris Wilson,Consumer,Canada,Pune,P1004,Monitor,4,2597.67
2972,ORD2007,05-11-2023,14-11-2023,Same Day,CUST3053,Sarah Smith,Corporate,UK,London,P1006,Printer,10,1955.96
2973,ORD1666,22-11-2024,30-11-2024,First Class,CUST2885,Amit Sharma,Home Office,India,Mumbai,P1007,Router,6,1719.75
2974,ORD1269,10-02-2024,18-02-2024,First Class,CUST2046,Rahul Wilson,Consumer,Canada,Bangalore,P1007,Router,3,2361.12
2975,ORD1752,25-02-2024,27-02-2024,Same Day,CUST2454,Sarah Wilson,Corporate,USA,Mumbai,P1005,Headphones,1,1494.6
2976,ORD1179,02-12-2024,11-12-2024,Same Day,CUST2024,Priya Johnson,Corporate,USA,Mumbai,P1007,Router,4,1662.7
2977,ORD2293,11-08-2024,13-08-2024,Standard Class,CUST2393,Robert Patel,Home Office,India,Bangalore,P1006,Printer,4,1617.16
2978,ORD2120,24-11-2023,25-11-2023,First Class,CUST1768,Olivia Brown,Consumer,Germany,Berlin,P1002,Keyboard,7,2083.25
2979,ORD1419,10-07-2023,18-07-2023,First Class,CUST1527,Sarah Davis,Home Office,India,Mumbai,P1001,Laptop,7,-100
2980,ORD2035,22-09-2024,24-09-2024,Standard Class,CUST1156,Emily Brown,Consumer,Germany,Pune,P1008,SSD,9,1372.99
2981,ORD1940,08-05-2025,13-05-2025,First Class,CUST3451,John Patel,Consumer,Canada,Mumbai,P1007,Router,3,1789.17
2982,ORD2270,15-03-2024,17-03-2024,First Class,CUST1882,Emily Taylor,Consumer,India,New York,P1002,Keyboard,1,3156.18
2983,ORD1981,19-01-2025,25-01-2025,Second Class,CUST1164,Robert Johnson,Consumer,Germany,Delhi,P1002,Keyboard,3,588.24
2984,ORD2125,24-08-2024,01-09-2024,First Class,CUST1823,Daniel Gupta,Consumer,UK,Berlin,P1005,Headphones,4,4833.81
2985,ORD1317,14-02-2023,19-02-2023,Standard Class,CUST3496,Michael Gupta,Corporate,USA,Pune,P1004,Monitor,3,2098.15
2986,ORD1842,26-12-2023,02-01-2024,Second Class,CUST1907,,Consumer,Canada,London,P1001,Laptop,6,2575.45
2987,ORD1857,20-02-2025,23-02-2025,Same Day,CUST2334,Emily Patel,Consumer,Canada,Berlin,P1005,Headphones,3,4476.52
2988,ORD2381,05-09-2023,12-09-2023,Standard Class,CUST1589,Priya Patel,Consumer,India,Mumbai,P1008,SSD,6,4521.93
2989,ORD2403,23-03-2024,01-04-2024,Standard Class,CUST2745,Rahul Smith,Corporate,Canada,Pune,P1008,SSD,2,4858.78
2990,ORD1170,15-12-2024,24-12-2024,Same Day,CUST2858,Daniel Miller,Consumer,USA,Bangalore,P1002,Keyboard,6,4007.22
2991,ORD1384,11-08-2024,15-08-2024,Standard Class,CUST2517,David Taylor,Corporate,Germany,London,P1004,Monitor,2,4360.82
2992,ORD1857,05-12-2023,13-12-2023,Same Day,CUST3382,David Davis,Consumer,India,Bangalore,P1001,Laptop,1,782.13
2993,ORD1361,10-02-2024,15-02-2024,Invalid Mode,CUST2355,Anjali Johnson,Home Office,India,Delhi,P1007,Router,1,1557.71
2994,ORD2336,08-03-2023,14-03-2023,Standard Class,CUST2294,Jane Smith,Home Office,USA,Bangalore,P1005,Headphones,5,1987.19
2995,ORD1747,10-01-2025,14-01-2025,Same Day,CUST1831,Chris Davis,Consumer,UK,Berlin,P1004,Monitor,6,3514.52
2996,ORD1396,21-04-2024,22-04-2024,First Class,CUST1489,Robert Wilson,Consumer,Canada,Berlin,P1001,Laptop,1,3216.95
2997,ORD1300,09-04-2023,17-04-2023,Invalid Mode,CUST2805,John Johnson,Consumer,UK,Delhi,P1001,Laptop,9,4497.69
2998,ORD1458,02-06-2025,06-06-2025,Standard Class,CUST2839,Sneha Taylor,Corporate,Canada,Pune,P1008,SSD,8,1924.03
2999,ORD1910,19-01-2024,20-01-2024,Standard Class,CUST3021,Anjali Davis,Home Office,Germany,Bangalore,P1006,Printer,1,3829.19
3000,ORD1141,28-02-2023,06-03-2023,Standard Class,CUST2550,Rahul Taylor,Consumer,USA,Pune,P1006,Printer,8,2964.85
3001,ORD1769,22-10-2023,30-10-2023,First Class,CUST2228,John Sharma,Corporate,UK,London,P1001,Laptop,3,4896.63
3002,ORD1684,07-08-2024,11-08-2024,Same Day,CUST1087,Sneha Gupta,Corporate,UK,Mumbai,P1006,Printer,10,1341.75
3003,ORD1368,09-06-2025,10-06-2025,First Class,CUST2742,Michael Brown,Corporate,India,Delhi,P1008,SSD,7,179.04
3004,ORD1263,30-04-2025,07-05-2025,Standard Class,CUST3298,Robert Taylor,Consumer,India,Mumbai,P1002,Keyboard,10,4436.45
3005,ORD1451,22-03-2024,23-03-2024,First Class,CUST3341,John Taylor,Consumer,Canada,Mumbai,P1002,Keyboard,1,4368.17
3006,ORD1278,26-05-2024,02-06-2024,Standard Class,CUST2411,Olivia Taylor,Corporate,Canada,Berlin,P1003,Mouse,8,3935.23
3007,ORD1173,12-10-2023,22-10-2023,Second Class,CUST2579,Amit Brown,Consumer,India,London,,SSD,7,3255.02
3008,ORD2228,15-02-2024,20-02-2024,Standard Class,CUST3010,Priya Davis,Home Office,UK,London,P1007,Router,7,3492.05
3009,ORD2152,03-12-2024,05-12-2024,Second Class,CUST1151,Emily Johnson,Consumer,UK,Toronto,P1003,Mouse,4,4284.64
3010,ORD2493,03-05-2025,13-05-2025,First Class,CUST3173,Chris Miller,Consumer,UK,Mumbai,P1008,SSD,1,2505.15
3011,ORD1216,10-03-2024,18-03-2024,Same Day,CUST2936,Sarah Patel,Home Office,India,Delhi,P1005,Headphones,2,2475.82
3012,ORD2017,26-09-2023,05-10-2023,First Class,CUST3044,Priya Miller,Consumer,UK,London,P1008,SSD,9,1569.13
3013,ORD2099,29-08-2023,04-09-2023,Same Day,CUST1508,Michael Patel,Consumer,India,Pune,P1007,Router,10,1040.73
3014,ORD2427,25-01-2024,30-01-2024,Standard Class,CUST1609,Robert Gupta,Consumer,Germany,Pune,P1007,Router,10,2130.13
3015,ORD2198,12-08-2024,16-08-2024,First Class,CUST1978,Sneha Smith,Consumer,India,Bangalore,P1004,Monitor,9,2418.03
3016,ORD1443,10-02-2023,16-02-2023,Second Class,CUST3111,Chris Gupta,Corporate,USA,Bangalore,P1007,Router,6,4223.36
3017,ORD1364,09-03-2024,12-03-2024,Second Class,CUST3450,Sneha Wilson,Home Office,Canada,New York,P1001,Laptop,8,2545.7
3018,ORD1232,10-07-2023,19-07-2023,Same Day,CUST3420,Daniel Miller,Consumer,UK,London,P1003,Mouse,2,2287.69
3019,ORD2168,19-06-2023,22-06-2023,Second Class,CUST1338,Priya Gupta,Home Office,Canada,London,P1003,Mouse,1,3976.42
3020,ORD2162,28-10-2024,02-11-2024,First Class,CUST1227,Emily Patel,Corporate,Canada,Berlin,P1008,SSD,10,440.44
3021,ORD1615,28-07-2023,30-07-2023,First Class,CUST1867,David Patel,Consumer,UK,Bangalore,P1003,Mouse,9,4628.71
3022,ORD1156,12-03-2023,18-03-2023,First Class,CUST1129,Daniel Miller,Consumer,Canada,Delhi,P1008,SSD,1,3113.56
3023,ORD2055,05-02-2023,09-02-2023,First Class,CUST2846,Sneha Patel,Corporate,USA,New York,P1007,Router,4,1037.36
3024,ORD1205,21-02-2024,01-03-2024,Same Day,CUST1019,Chris Taylor,Home Office,UK,London,P1007,Router,1,2028.69
3025,ORD1557,22-08-2023,01-09-2023,First Class,CUST1434,John Johnson,Consumer,UK,Delhi,P1005,Headphones,8,3908.63
3026,ORD2214,30-04-2024,05-05-2024,First Class,CUST2140,Daniel Miller,Consumer,India,Mumbai,P1004,Monitor,2,4261.46
3027,ORD1145,01-06-2024,10-06-2024,Standard Class,CUST1877,Michael Miller,Consumer,UK,Berlin,P1007,Router,6,1090.18
3028,ORD1628,26-03-2025,04-04-2025,Standard Class,CUST1365,Emily Gupta,Consumer,USA,New York,P1002,Keyboard,8,1878.68
3029,ORD1108,20-10-2024,22-10-2024,First Class,CUST1660,Robert Brown,Corporate,UK,London,P1007,Router,5,2110.32
3030,ORD1333,04-01-2023,07-01-2023,Second Class,CUST2399,Anjali Wilson,Corporate,Germany,Delhi,P1002,Keyboard,3,3334.88
3031,ORD2166,19-10-2023,20-10-2023,Standard Class,CUST2821,Sarah Wilson,Consumer,UK,Toronto,P1008,SSD,7,4569.69
3032,ORD2278,15-12-2023,20-12-2023,Standard Class,CUST1207,Robert Smith,Consumer,UnknownCountry,Pune,P1008,SSD,1,2235.41
3033,ORD1732,21-04-2023,28-04-2023,First Class,CUST1546,Jane Wilson,Home Office,India,Delhi,P1004,Monitor,1,4567.52
3034,ORD1338,26-10-2023,28-10-2023,First Class,CUST2635,Jane Sharma,Home Office,India,London,P1008,SSD,7,1302.81
3035,ORD1175,25-06-2024,01-07-2024,Standard Class,CUST1785,Sarah Davis,Corporate,Canada,London,P1005,Headphones,1,745.37
3036,ORD1697,03-09-2024,05-09-2024,Same Day,CUST2308,Amit Johnson,Corporate,Germany,Pune,P1006,Printer,6,3648.78
3037,ORD2123,24-06-2023,04-07-2023,First Class,CUST1727,Anjali Wilson,Home Office,USA,Delhi,P1001,Laptop,2,4081.48
3038,ORD1237,20-10-2024,22-10-2024,Second Class,CUST3336,Rahul Miller,Corporate,Germany,Pune,P1005,Headphones,5,595.28
3039,ORD1014,08-02-2025,10-02-2025,First Class,CUST2625,Olivia Miller,Home Office,USA,Pune,P1004,Monitor,5,4280.87
3040,ORD1844,26-11-2023,29-11-2023,Standard Class,CUST1664,Daniel Smith,Consumer,Canada,New York,P1001,Laptop,1,803.13
3041,ORD2268,02-06-2024,07-06-2024,Same Day,CUST3061,Amit Taylor,Corporate,Canada,London,P1005,Headphones,10,1521.61
3042,ORD1151,08-12-2024,17-12-2024,Same Day,CUST1764,Chris Miller,Consumer,USA,Toronto,P1003,Mouse,8,4440.23
3043,ORD1669,13-09-2024,15-09-2024,First Class,CUST2118,Anjali Miller,Consumer,UK,Bangalore,P1007,Router,3,3610.65
3044,ORD2146,01-11-2024,02-11-2024,Standard Class,CUST1781,John Taylor,Corporate,USA,Bangalore,P1002,Keyboard,2,1828.55
3045,ORD2092,24-02-2025,27-02-2025,First Class,CUST1749,Amit Wilson,Home Office,India,Delhi,P1004,Monitor,3,4412.97
3046,ORD1515,09-02-2024,12-02-2024,Same Day,CUST1334,Sneha Davis,Consumer,India,Delhi,P1007,Router,6,1272.14
3047,ORD1518,12-06-2023,16-06-2023,Same Day,CUST1161,Daniel Gupta,Corporate,Canada,Mumbai,P1007,Router,5,3875.15
3048,ORD2267,19-01-2025,23-01-2025,Same Day,CUST2618,Olivia Gupta,Corporate,India,Berlin,P1008,SSD,8,4323.13
3049,ORD1153,10-02-2023,18-02-2023,Second Class,CUST2196,Daniel Smith,Consumer,USA,Bangalore,P1006,Printer,1,4418.23
3050,ORD1758,24-05-2025,26-05-2025,Same Day,CUST1592,David Gupta,Consumer,UK,New York,P1001,Laptop,3,2189.69
3051,ORD1592,08-03-2023,15-03-2023,Second Class,CUST2988,Daniel Sharma,Home Office,USA,London,P1004,Monitor,3,1136.68
3052,ORD2346,16-04-2023,25-04-2023,Second Class,CUST2561,Sneha Davis,Home Office,USA,Berlin,P1003,Mouse,9,3272
3053,ORD2056,22-01-2023,30-01-2023,First Class,CUST1739,Sneha Davis,Corporate,Canada,Bangalore,P1001,Laptop,2,2629.27
3054,ORD2233,12-01-2024,22-01-2024,Standard Class,CUST1330,Anjali Sharma,Home Office,Germany,Delhi,P1004,Monitor,2,3271.46
3055,ORD1652,13-09-2023,18-09-2023,Standard Class,CUST2417,,Home Office,India,Berlin,P1008,SSD,8,1906.03
3056,ORD2481,25-07-2024,03-08-2024,First Class,CUST3366,Rahul Miller,Corporate,USA,London,P1005,Headphones,8,1920.53
3057,ORD1852,22-12-2024,29-12-2024,Standard Class,CUST1973,Amit Smith,Corporate,Germany,London,P1003,Mouse,2,3073.89
3058,ORD1526,19-07-2024,24-07-2024,First Class,CUST1701,Michael Patel,Home Office,UK,London,P1006,Printer,2,1020.92
3059,ORD1386,25-12-2024,26-12-2024,Standard Class,CUST2437,David Johnson,Home Office,Canada,Bangalore,P1006,Printer,6,593.18
3060,ORD2441,12-04-2023,13-04-2023,Same Day,CUST2264,Emily Johnson,Home Office,USA,Toronto,P1007,Router,4,2039.42
3061,ORD1728,31-12-2099,31-01-2025,First Class,CUST1124,David Johnson,Corporate,USA,Berlin,P1001,Laptop,3,746.3
3062,ORD1534,18-05-2023,25-05-2023,Same Day,CUST1161,Anjali Davis,Home Office,USA,Bangalore,P1008,SSD,9,604.58
3063,ORD2056,24-03-2023,01-04-2023,Second Class,CUST2447,Daniel Wilson,Home Office,Canada,London,P1002,Keyboard,3,4773.38
3064,ORD1245,14-03-2023,17-03-2023,First Class,CUST3381,Robert Davis,Corporate,USA,Pune,P1008,SSD,2,1563.78
3065,ORD1421,02-09-2023,04-09-2023,Same Day,CUST1663,Sarah Smith,Corporate,UK,New York,P1001,Laptop,1,182.42
3066,ORD2090,08-04-2023,17-04-2023,Second Class,CUST2710,David Taylor,Corporate,India,Mumbai,P1001,Laptop,1,688.5
3067,ORD2025,06-06-2023,11-06-2023,First Class,CUST1097,Amit Johnson,Corporate,India,Delhi,P1002,Keyboard,9,1345.86
3068,ORD1865,06-03-2023,13-03-2023,Same Day,CUST1784,Michael Johnson,Corporate,Germany,Berlin,P1008,SSD,1,1087.64
3069,ORD1262,22-01-2023,27-01-2023,First Class,CUST3029,David Davis,Home Office,USA,New York,P1004,Monitor,5,692.06
3070,ORD1088,26-02-2024,03-03-2024,Standard Class,CUST1085,David Sharma,Consumer,India,Mumbai,P1002,Keyboard,5,597.1
3071,ORD1249,29-08-2023,04-09-2023,First Class,CUST2864,Rahul Wilson,Consumer,India,Berlin,P1006,Printer,3,3438.93
3072,ORD1261,26-11-2024,30-11-2024,Same Day,CUST2901,Michael Johnson,Corporate,Canada,Pune,P1006,Printer,9,4013.65
3073,ORD2228,15-02-2025,24-02-2025,Same Day,CUST3011,Robert Gupta,Home Office,Canada,London,P1008,SSD,2,1127.8
3074,ORD1983,20-04-2024,22-04-2024,Second Class,CUST3484,Amit Johnson,Home Office,Germany,Bangalore,P1003,Mouse,10,2309.53
3075,ORD2302,30-03-2025,02-04-2025,First Class,CUST3075,Priya Davis,Consumer,UK,London,P1001,Laptop,2,2955.3
3076,ORD1653,16-12-2023,25-12-2023,Standard Class,CUST2868,Daniel Davis,Corporate,India,Mumbai,P1007,Router,8,4811.11
3077,ORD2185,04-11-2024,11-11-2024,Standard Class,CUST2015,Sneha Johnson,Corporate,Canada,London,P1005,Headphones,9,1690.69
3078,ORD1394,05-08-2024,07-08-2024,Second Class,CUST2602,Anjali Brown,Consumer,UK,New York,P1006,Printer,5,3024.71
3079,ORD1482,20-08-2024,23-08-2024,Standard Class,CUST3308,Emily Wilson,Consumer,Canada,Bangalore,P1008,SSD,9,1604.37
3080,ORD1861,12-04-2024,13-04-2024,Standard Class,CUST2917,Sneha Johnson,Corporate,USA,Berlin,P1003,Mouse,9,3300.81
3081,ORD1380,26-02-2023,04-03-2023,First Class,CUST2378,Chris Davis,Home Office,UK,New York,P1006,Printer,5,4688
3082,ORD1073,05-04-2024,14-04-2024,Same Day,CUST2916,Anjali Taylor,Home Office,Germany,Delhi,P1007,Router,3,4876.03
3083,ORD1216,19-02-2025,20-02-2025,Same Day,CUST1572,Sneha Smith,Corporate,India,New York,P1001,Laptop,8,3811.08
3084,ORD1139,08-05-2023,11-05-2023,Same Day,CUST1432,Anjali Gupta,Corporate,Canada,Mumbai,P1005,Headphones,5,519.15
3085,ORD1047,11-12-2024,16-12-2024,Same Day,CUST2980,Jane Taylor,Corporate,UK,New York,P1007,Router,3,4801.65
3086,ORD1258,27-02-2025,04-03-2025,Same Day,CUST1242,,Home Office,Germany,Toronto,P1005,Headphones,8,456.71
3087,ORD1032,01-05-2023,10-05-2023,Same Day,CUST1056,Sarah Davis,Consumer,UK,Berlin,P1008,SSD,1,3480.04
3088,ORD2350,28-10-2023,01-11-2023,Same Day,CUST2000,Michael Wilson,Corporate,Canada,Berlin,P1001,Laptop,5,3023.56
3089,ORD2391,03-03-2023,07-03-2023,First Class,CUST1932,Amit Johnson,Corporate,Canada,Delhi,P1001,Laptop,5,2049.52
3090,ORD2174,14-06-2023,19-06-2023,Standard Class,CUST2157,Daniel Taylor,Consumer,India,Bangalore,P1008,SSD,1,511.56
3091,ORD1872,25-02-2025,02-03-2025,Second Class,CUST2013,Jane Wilson,Corporate,Canada,London,P1004,Monitor,2,2575.02
3092,ORD1255,20-06-2023,28-06-2023,Standard Class,CUST2944,John Smith,Consumer,UK,Bangalore,P1006,Printer,8,1390.52
3093,,13-05-2025,16-05-2025,Same Day,CUST2921,David Smith,Home Office,UK,Bangalore,,Printer,7,733.46
3094,ORD1187,15-06-2025,18-06-2025,Standard Class,CUST1299,Daniel Patel,Corporate,India,Pune,P1004,Monitor,2,2979.77
3095,ORD1055,17-10-2024,20-10-2024,Same Day,CUST1047,Priya Johnson,Consumer,Canada,Bangalore,P1001,Laptop,1,3931.09
3096,ORD1738,11-06-2025,14-06-2025,Standard Class,CUST2266,David Brown,Home Office,Canada,Berlin,P1003,Mouse,4,3753.9
3097,ORD1748,15-04-2025,19-04-2025,Second Class,CUST2294,Chris Sharma,Consumer,India,Toronto,P1005,Headphones,2,4818.44
3098,ORD1640,15-11-2024,25-11-2024,First Class,CUST1580,Robert Johnson,Home Office,UK,London,P1005,Headphones,6,1087.79
3099,ORD1648,02-07-2024,05-07-2024,Second Class,CUST2510,John Taylor,Consumer,UK,New York,P1007,Router,1,955.71
3100,ORD1392,17-05-2023,21-05-2023,First Class,CUST3429,Sarah Patel,Home Office,India,Bangalore,P1006,Printer,6,4385.68
3101,ORD1351,04-06-2024,13-06-2024,First Class,CUST1114,Olivia Gupta,Corporate,India,Berlin,P1001,Laptop,9,485.75
3102,ORD2405,07-10-2024,15-10-2024,First Class,CUST2061,Chris Wilson,Consumer,UK,Delhi,P1004,Monitor,5,3533.53
3103,ORD1969,19-05-2024,27-05-2024,First Class,CUST2168,Chris Wilson,Home Office,Canada,New York,P1008,SSD,10,1264.15
3104,ORD1626,13-03-2024,18-03-2024,Standard Class,CUST2780,John Sharma,Home Office,Germany,Delhi,P1001,Laptop,7,1523.37
3105,ORD1889,09-05-2023,17-05-2023,First Class,CUST1851,Priya Gupta,Home Office,USA,London,P1006,Printer,5,3283.46
3106,ORD1777,22-01-2023,01-02-2023,Second Class,CUST1496,John Wilson,Consumer,Canada,Delhi,P1002,Keyboard,6,1303.74
3107,ORD1725,18-01-2025,22-01-2025,Standard Class,CUST1379,Chris Sharma,Consumer,Germany,Bangalore,P1007,Router,3,4219.92
3108,ORD1517,24-04-2024,25-04-2024,Second Class,CUST2626,Michael Patel,Home Office,India,Berlin,P1008,SSD,5,1046.39
3109,ORD2404,08-02-2024,09-02-2024,Second Class,CUST2522,John Davis,Home Office,Germany,New York,P1004,Monitor,4,3386.23
3110,ORD2223,04-06-2024,13-06-2024,First Class,CUST1633,Priya Taylor,Home Office,UK,Delhi,P1005,Headphones,4,2165.53
3111,ORD2022,28-08-2024,01-01-2022,First Class,CUST2376,Olivia Wilson,Home Office,UK,London,P1007,Router,8,3678.58
3112,ORD1237,27-06-2023,05-07-2023,Standard Class,CUST3019,Anjali Wilson,Home Office,USA,Berlin,P1004,Monitor,2,2668.96
3113,ORD1271,20-05-2025,23-05-2025,Standard Class,CUST1661,Sarah Miller,Consumer,Canada,Delhi,P1005,Headphones,8,1967.94
3114,ORD1945,23-02-2024,28-02-2024,First Class,CUST1165,David Sharma,Corporate,UK,Pune,P1001,Laptop,2,858.68
3115,ORD1773,25-08-2023,03-09-2023,Standard Class,CUST1065,Emily Smith,Consumer,USA,Delhi,P1002,Keyboard,1,2410.3
3116,ORD2330,26-10-2023,01-11-2023,Second Class,CUST3154,Anjali Brown,Corporate,Canada,Berlin,P1006,Printer,8,3983.22
3117,ORD1373,31-07-2023,10-08-2023,First Class,CUST2085,Sarah Davis,Home Office,Canada,Bangalore,P1004,Monitor,3,3591.49
3118,ORD2065,10-08-2023,20-08-2023,Second Class,CUST1326,Daniel Patel,Consumer,India,Mumbai,P1007,Router,3,1927.81
3119,ORD2002,27-03-2024,30-03-2024,First Class,CUST1793,Olivia Wilson,Home Office,Germany,Toronto,P1002,Keyboard,10,3349.09
3120,ORD1783,20-03-2025,01-01-2022,Same Day,CUST1279,Emily Patel,Corporate,USA,Pune,P1004,Monitor,1,1812.68
3121,ORD1008,27-07-2024,06-08-2024,Standard Class,CUST3277,Priya Davis,Consumer,Germany,London,P1004,Monitor,1,2407.73
3122,ORD1429,11-05-2025,15-05-2025,Same Day,CUST1932,Jane Brown,Home Office,Canada,Bangalore,P1008,SSD,5,4709.64
3123,ORD1637,13-06-2024,19-06-2024,Second Class,CUST2859,Sneha Patel,Home Office,India,Delhi,P1001,Laptop,7,2743.35
3124,ORD1037,01-01-2023,11-01-2023,Same Day,CUST1617,Michael Smith,Home Office,Canada,Pune,P1001,Laptop,3,4721.65
3125,ORD1248,18-06-2024,28-06-2024,First Class,CUST1737,Sarah Miller,Home Office,UK,Toronto,P1005,Headphones,1,700.45
3126,ORD1429,19-03-2023,25-03-2023,First Class,CUST1470,Priya Patel,Corporate,Germany,Mumbai,P1008,SSD,4,878.38
3127,ORD1028,18-04-2025,27-04-2025,Same Day,CUST1012,Olivia Miller,Corporate,India,Berlin,P1001,Laptop,6,108.35
3128,ORD1572,05-05-2023,09-05-2023,Standard Class,CUST2817,Amit Taylor,Corporate,Canada,London,P1001,Laptop,9,3518.31
3129,ORD1992,29-11-2023,05-12-2023,Standard Class,CUST3407,Emily Miller,Consumer,UK,London,P1006,Printer,1,1518.55
3130,ORD1896,30-06-2023,04-07-2023,Same Day,CUST2193,Sneha Sharma,Consumer,Canada,Delhi,P1007,Router,9,2174.78
3131,ORD1694,17-04-2023,26-04-2023,First Class,CUST1550,John Wilson,Consumer,Germany,New York,P1002,Keyboard,6,4570.86
3132,ORD2396,06-12-2024,11-12-2024,Second Class,CUST1434,Priya Sharma,Corporate,USA,New York,P1007,Router,10,4355.61
3133,ORD2175,21-10-2023,23-10-2023,Same Day,CUST2839,David Smith,Corporate,Germany,Toronto,P1007,Router,10,2578.18
3134,ORD2426,05-05-2025,11-05-2025,Same Day,CUST2108,Rahul Johnson,Consumer,India,Toronto,P1006,Printer,7,2315.76
3135,ORD1309,31-12-2099,20-03-2024,Same Day,CUST1967,Sneha Miller,Corporate,Germany,London,P1002,Keyboard,4,2299.84
3136,ORD1107,16-03-2023,19-03-2023,Second Class,CUST1448,Robert Wilson,Corporate,Germany,Delhi,P1005,Headphones,5,4911.77
3137,ORD1898,13-07-2024,14-07-2024,Same Day,CUST1011,David Smith,Corporate,Germany,Bangalore,P1005,Headphones,7,1755.57
3138,ORD2042,08-05-2025,16-05-2025,Same Day,CUST3375,Michael Sharma,Home Office,Germany,Delhi,P1006,Printer,1,4176.71
3139,ORD1451,15-11-2024,18-11-2024,Second Class,CUST2402,Chris Gupta,Consumer,USA,London,P1008,SSD,7,4460.58
3140,ORD1378,16-03-2023,19-03-2023,Standard Class,CUST1110,Amit Patel,Corporate,Germany,London,P1004,Monitor,10,619.94
3141,ORD1479,26-05-2023,31-05-2023,First Class,CUST2590,Robert Smith,Consumer,Germany,Mumbai,P1003,Mouse,6,4588.52
3142,ORD2101,06-08-2023,13-08-2023,Second Class,CUST1126,Sarah Wilson,Consumer,USA,Toronto,P1001,Laptop,6,3288.47
3143,ORD1256,25-08-2024,03-09-2024,Same Day,CUST3195,David Miller,Home Office,Germany,Berlin,P1006,Printer,8,4091.02
3144,ORD1056,24-01-2025,01-02-2025,Same Day,CUST1180,John Gupta,Corporate,Canada,Pune,P1001,Laptop,5,3946.54
3145,ORD1506,11-06-2025,19-06-2025,Standard Class,CUST2137,Anjali Miller,Consumer,Canada,New York,P1001,Laptop,5,1025.03
3146,ORD2146,24-03-2024,26-03-2024,Second Class,CUST3063,Olivia Gupta,Corporate,USA,Pune,P1007,Router,6,4465.57
3147,ORD2449,16-05-2024,21-05-2024,First Class,CUST2044,Emily Taylor,Corporate,Canada,Pune,P1001,Laptop,9,788.74
3148,ORD2104,11-01-2025,19-01-2025,Standard Class,CUST2122,,Home Office,UK,Bangalore,P1005,Headphones,2,1290.93
3149,ORD2486,21-01-2025,31-01-2025,Second Class,CUST2713,Sarah Wilson,Home Office,Germany,Delhi,P1008,SSD,2,3183.31
3150,ORD1279,29-07-2023,02-08-2023,Standard Class,CUST2286,Rahul Smith,Consumer,Canada,Pune,P1003,Mouse,4,4312.77
3151,ORD1283,08-11-2024,09-11-2024,First Class,CUST3094,David Patel,Corporate,Canada,Berlin,P1005,Headphones,2,1848.72
3152,ORD2365,30-09-2023,02-10-2023,Same Day,CUST2599,John Wilson,Corporate,Canada,Bangalore,P1008,SSD,10,468.37
3153,ORD1202,16-02-2024,21-02-2024,Same Day,CUST2641,Priya Gupta,Corporate,UK,Berlin,P1006,Printer,7,1955.09
3154,ORD1515,07-05-2024,14-05-2024,First Class,CUST1514,John Taylor,Home Office,UK,Delhi,P1001,Laptop,10,2207.16
3155,ORD1674,25-11-2023,28-11-2023,Same Day,CUST2489,John Wilson,Home Office,Germany,Berlin,P1002,Keyboard,9,715.08
3156,ORD2143,28-05-2024,05-06-2024,Same Day,CUST2476,David Wilson,Consumer,USA,Mumbai,P1003,Mouse,7,431.17
3157,ORD2433,21-07-2024,27-07-2024,Same Day,CUST3487,Michael Miller,Home Office,Canada,Bangalore,P1001,Laptop,9,2187.38
3158,ORD2404,10-10-2023,11-10-2023,Same Day,CUST2961,Michael Wilson,Corporate,Canada,Bangalore,P1001,Laptop,10,235.24
3159,ORD1332,30-03-2025,01-04-2025,Second Class,CUST1227,Sarah Johnson,Home Office,USA,Bangalore,P1005,Headphones,4,4112.95
3160,ORD1161,22-04-2023,24-04-2023,Standard Class,CUST2640,Emily Wilson,Home Office,Germany,London,P1005,Headphones,6,2639.2
3161,ORD1654,16-01-2024,19-01-2024,First Class,CUST1628,Rahul Sharma,Consumer,UK,Pune,P1005,Headphones,5,1004.64
3162,ORD2246,13-04-2024,18-04-2024,Same Day,CUST3143,Sarah Patel,Consumer,Canada,Bangalore,P1006,Printer,9,2308.57
3163,ORD1182,03-11-2024,07-11-2024,First Class,CUST2627,Robert Miller,Corporate,USA,Bangalore,P1006,Printer,9,3574.64
3164,ORD2177,31-12-2099,08-01-2024,First Class,CUST1279,Priya Taylor,Consumer,UK,Toronto,P1007,Router,1,3477.88
3165,ORD2228,21-09-2024,01-10-2024,Same Day,CUST1528,David Sharma,Home Office,UK,Berlin,P1002,Keyboard,7,3533.22
3166,ORD1344,29-08-2024,02-09-2024,First Class,CUST1562,Robert Taylor,Corporate,India,Berlin,P1007,Router,10,2314.99
3167,ORD1889,07-05-2024,17-05-2024,Standard Class,CUST1016,Michael Gupta,Consumer,Germany,Mumbai,P1001,Laptop,10,1598.4
3168,ORD2475,28-01-2025,31-01-2025,Second Class,CUST3211,Sneha Gupta,Consumer,India,Delhi,P1001,Laptop,2,3890.44
3169,ORD1748,14-10-2024,16-10-2024,First Class,CUST2441,Anjali Sharma,Consumer,UK,New York,P1001,Laptop,7,3458.71
3170,ORD1308,06-02-2023,08-02-2023,First Class,CUST2740,Robert Davis,Home Office,USA,Bangalore,P1007,Router,6,230.52
3171,ORD1318,22-10-2023,26-10-2023,Invalid Mode,CUST1525,Emily Davis,Home Office,Germany,Pune,P1003,Mouse,5,121.74
3172,ORD1109,20-10-2024,28-10-2024,First Class,CUST3438,Chris Taylor,Corporate,India,New York,P1006,Printer,3,353.38
3173,ORD1579,25-06-2024,01-01-2022,First Class,CUST1201,Priya Wilson,Corporate,India,Bangalore,P1004,Monitor,4,4711.22
3174,ORD2055,25-02-2023,07-03-2023,Standard Class,CUST1572,David Wilson,Consumer,UK,Bangalore,P1008,SSD,2,169.04
3175,ORD2269,13-01-2023,01-01-2022,Standard Class,CUST3282,Michael Davis,Home Office,UK,Bangalore,P1008,SSD,3,3794.63
3176,ORD2001,01-05-2024,05-05-2024,Same Day,CUST2452,Emily Wilson,Corporate,Canada,Pune,P1008,SSD,8,680.01
3177,ORD1731,02-05-2024,06-05-2024,First Class,CUST2269,Amit Johnson,Corporate,Canada,Pune,P1006,Printer,3,4550.23
3178,ORD1832,14-03-2024,16-03-2024,Second Class,CUST3376,Sarah Miller,Home Office,USA,New York,P1006,Printer,3,2340.22
3179,ORD1104,02-05-2025,05-05-2025,First Class,CUST1241,Olivia Johnson,Consumer,UK,Bangalore,P1002,Keyboard,4,2868.5
3180,ORD1894,11-06-2023,19-06-2023,Second Class,CUST2179,Chris Gupta,Corporate,USA,Bangalore,P1006,Printer,10,395.86
3181,ORD1269,09-09-2024,19-09-2024,Second Class,CUST2842,Olivia Johnson,Home Office,Germany,Pune,P1001,Laptop,3,4932.67
3182,ORD1709,05-09-2024,09-09-2024,First Class,CUST2892,Sneha Johnson,Corporate,USA,Pune,P1006,Printer,2,2136.04
3183,ORD2379,11-07-2023,14-07-2023,Same Day,CUST2332,Rahul Johnson,Consumer,India,New York,P1001,Laptop,5,988.47
3184,ORD1514,16-06-2025,20-06-2025,First Class,CUST2188,David Davis,Consumer,Germany,Toronto,P1007,Router,10,509.88
3185,ORD1301,10-06-2023,11-06-2023,Same Day,CUST1615,Michael Gupta,Corporate,Germany,Bangalore,P1001,Laptop,6,828.19
3186,ORD2041,18-02-2023,27-02-2023,First Class,CUST2975,Jane Smith,Home Office,USA,Bangalore,P1008,SSD,9,3765.52
3187,ORD1446,10-02-2023,11-02-2023,Standard Class,CUST1245,Sneha Sharma,Consumer,USA,London,P1001,Laptop,9,3667.88
3188,ORD1868,22-10-2024,30-10-2024,First Class,CUST2161,Robert Patel,Home Office,Canada,Pune,P1008,SSD,8,870.21
3189,ORD2347,13-11-2023,21-11-2023,Invalid Mode,CUST2184,David Sharma,Home Office,USA,Bangalore,P1001,Laptop,3,3573.1
3190,ORD1775,29-12-2023,05-01-2024,Standard Class,CUST2368,David Sharma,Home Office,USA,London,P1005,Headphones,2,2354.42
3191,ORD2013,28-07-2023,03-08-2023,First Class,CUST1443,Chris Gupta,Corporate,Germany,Toronto,P1002,Keyboard,6,3533
3192,ORD2159,05-01-2024,15-01-2024,First Class,CUST2686,John Smith,Home Office,USA,Bangalore,P1007,Router,8,3732.58
3193,ORD1314,06-07-2023,16-07-2023,First Class,CUST3112,David Brown,Consumer,India,Delhi,P1007,Router,3,4855.27
3194,ORD1261,30-11-2023,02-12-2023,First Class,CUST2446,Priya Miller,Home Office,UK,Bangalore,P1005,Headphones,8,3223.81
3195,ORD1470,11-05-2024,18-05-2024,Standard Class,CUST2118,Jane Wilson,Consumer,Canada,New York,P1007,Router,4,334.22
3196,ORD2267,16-05-2025,24-05-2025,Standard Class,CUST1903,Chris Gupta,Consumer,USA,Delhi,P1001,Laptop,2,129.9
3197,ORD1410,06-01-2024,09-01-2024,Second Class,CUST3482,Michael Brown,Home Office,UK,Mumbai,P1005,Headphones,2,3595.68
3198,ORD2379,14-11-2024,19-11-2024,Second Class,CUST3281,David Smith,Corporate,Canada,London,P1007,Router,4,3037.11
3199,ORD2117,24-04-2024,03-05-2024,First Class,CUST3043,Robert Gupta,Home Office,Germany,Mumbai,P1004,Monitor,1,4756.88
3200,ORD1897,01-06-2024,04-06-2024,First Class,CUST2635,Robert Sharma,Corporate,Germany,New York,P1005,Headphones,9,1148.81
3201,ORD2401,19-04-2025,20-04-2025,Second Class,CUST3121,Robert Taylor,Consumer,UK,Mumbai,P1005,Headphones,9,1668.55
3202,,05-07-2023,11-07-2023,Second Class,CUST3338,Priya Brown,Corporate,Canada,Delhi,P1007,Router,4,4045.61
3203,ORD1292,02-12-2023,10-12-2023,Same Day,CUST2003,,Home Office,Canada,Delhi,P1003,Mouse,8,4806.67
3204,ORD2490,29-11-2024,04-12-2024,Second Class,CUST1788,Chris Davis,Corporate,UK,Toronto,P1008,SSD,7,2018.9
3205,ORD1094,28-12-2023,30-12-2023,Same Day,CUST1356,Amit Smith,Corporate,Germany,Toronto,P1005,Headphones,3,2535.66
3206,ORD2124,31-01-2024,09-02-2024,Second Class,CUST2113,David Miller,Corporate,India,Bangalore,P1008,SSD,10,1833.12
3207,ORD2065,13-03-2024,23-03-2024,Same Day,CUST1355,Sarah Wilson,Corporate,India,Bangalore,P1006,Printer,4,4350.69
3208,ORD2115,11-09-2023,20-09-2023,Standard Class,CUST2618,Rahul Davis,Corporate,Canada,Toronto,P1001,Laptop,10,387.18
3209,ORD1276,22-10-2024,26-10-2024,Same Day,CUST3467,Chris Davis,Home Office,Germany,Mumbai,P1008,SSD,2,3890.68
3210,ORD1323,13-06-2023,14-06-2023,Same Day,CUST1880,Jane Taylor,Corporate,USA,Mumbai,P1002,Keyboard,1,3154.56
3211,ORD1492,16-08-2024,18-08-2024,Second Class,CUST1885,Jane Davis,Consumer,Canada,Bangalore,P1006,Printer,2,1490.89
3212,ORD1009,30-08-2024,08-09-2024,Standard Class,CUST1687,Priya Smith,Consumer,USA,Pune,P1003,Mouse,9,2994.28
3213,ORD1873,10-05-2024,13-05-2024,Standard Class,CUST1749,Rahul Patel,Home Office,India,Bangalore,P1001,Laptop,2,3332.28
3214,ORD1934,12-05-2024,18-05-2024,Standard Class,CUST1031,Anjali Smith,Home Office,India,Pune,P1007,Router,8,1912.28
3215,ORD1701,13-05-2025,17-05-2025,First Class,CUST2265,Amit Davis,Corporate,USA,Berlin,P1003,Mouse,2,1894.95
3216,ORD1148,17-11-2023,22-11-2023,First Class,CUST2783,Rahul Johnson,Consumer,Canada,Mumbai,P1008,SSD,9,2288.37
3217,ORD1273,09-05-2024,12-05-2024,Standard Class,CUST2042,John Smith,Home Office,USA,Mumbai,P1003,Mouse,9,4668.81
3218,ORD1413,17-10-2023,27-10-2023,Second Class,CUST1839,Michael Johnson,Corporate,India,Mumbai,P1002,Keyboard,6,4312.55
3219,ORD2454,08-08-2023,11-08-2023,Standard Class,CUST3237,Sarah Brown,Home Office,UK,Delhi,P1005,Headphones,8,1952.68
3220,ORD1739,01-06-2023,02-06-2023,Standard Class,CUST1902,Jane Johnson,Corporate,Canada,London,P1003,Mouse,5,869.84
3221,ORD1440,21-06-2023,28-06-2023,Standard Class,CUST1415,Anjali Johnson,Corporate,Canada,Pune,P1008,SSD,2,4025.86
3222,ORD1959,24-03-2025,02-04-2025,Second Class,CUST3448,John Brown,Corporate,India,London,P1007,Router,4,2560.65
3223,ORD1525,11-02-2025,14-02-2025,Same Day,CUST1957,Chris Smith,Consumer,USA,Mumbai,P1007,Router,10,2888.19
3224,ORD1171,09-05-2024,15-05-2024,Invalid Mode,CUST2158,Sneha Smith,Corporate,USA,Pune,P1004,Monitor,10,2633.43
3225,ORD1152,04-03-2023,10-03-2023,Same Day,CUST2320,Chris Patel,Consumer,Germany,New York,P1001,Laptop,9,1633.55
3226,ORD2121,26-10-2023,02-11-2023,Same Day,CUST1255,Sarah Gupta,Home Office,UK,Toronto,P1008,SSD,8,3069.36
3227,ORD1101,21-01-2025,22-01-2025,Standard Class,CUST2841,Robert Wilson,Home Office,UK,Mumbai,P1004,Monitor,6,4672.13
3228,ORD1475,26-11-2023,02-12-2023,Standard Class,CUST3037,Olivia Brown,Corporate,USA,Berlin,P1001,Laptop,10,4910.41
3229,ORD1496,12-01-2025,15-01-2025,Standard Class,CUST1482,Daniel Taylor,Consumer,USA,Mumbai,P1003,Mouse,6,584.3
3230,ORD1322,06-03-2023,10-03-2023,Standard Class,CUST2749,Olivia Davis,Corporate,Germany,Mumbai,P1005,Headphones,2,4434.69
3231,ORD2221,10-02-2023,16-02-2023,Second Class,CUST2240,John Sharma,Corporate,India,Pune,P1001,Laptop,8,3208.28
3232,ORD1559,26-05-2025,03-06-2025,Standard Class,CUST2887,John Sharma,Corporate,Germany,London,P1002,Keyboard,8,2855.36
3233,ORD2044,23-07-2024,30-07-2024,Standard Class,CUST1669,Olivia Wilson,Consumer,Canada,Mumbai,P1004,Monitor,5,3191.86
3234,ORD2112,02-12-2024,04-12-2024,Standard Class,CUST3365,John Johnson,Consumer,UK,London,P1004,Monitor,7,2524.25
3235,ORD2423,16-02-2024,24-02-2024,Same Day,CUST1291,Rahul Patel,Consumer,UK,Toronto,P1008,SSD,1,527.34
3236,ORD1079,04-08-2024,07-08-2024,Same Day,CUST2729,David Patel,Consumer,Canada,Berlin,P1002,Keyboard,1,688.23
3237,ORD1312,12-11-2024,16-11-2024,First Class,CUST2433,Sarah Wilson,Corporate,Germany,Delhi,P1001,Laptop,8,2329.22
3238,ORD1278,27-11-2023,01-12-2023,Standard Class,CUST2447,Sneha Miller,Home Office,USA,New York,P1003,Mouse,9,2841.94
3239,ORD1971,13-03-2025,17-03-2025,Same Day,CUST1715,Priya Brown,Home Office,Germany,Bangalore,P1006,Printer,4,3161.67
3240,ORD1695,18-12-2024,26-12-2024,Second Class,CUST2044,John Miller,Consumer,Germany,Toronto,P1001,Laptop,7,1017.47
3241,ORD2241,30-03-2025,08-04-2025,Same Day,CUST2172,Amit Wilson,Corporate,USA,Berlin,P1005,Headphones,4,2948.4
3242,ORD1476,23-11-2023,30-11-2023,Second Class,CUST1982,Rahul Johnson,Home Office,Germany,Toronto,P1006,Printer,8,2056.04
3243,ORD1318,29-04-2024,03-05-2024,Second Class,CUST1961,Daniel Wilson,Consumer,Canada,Delhi,P1006,Printer,1,4267.89
3244,ORD1841,10-03-2024,14-03-2024,First Class,CUST1242,Jane Wilson,Home Office,USA,Pune,P1004,Monitor,6,2021.87
3245,ORD1401,19-09-2023,25-09-2023,Same Day,CUST1867,Robert Brown,Home Office,Germany,Toronto,P1003,Mouse,3,4440.13
3246,ORD1399,09-01-2024,17-01-2024,First Class,CUST2130,David Patel,Corporate,India,New York,P1001,Laptop,4,1390.93
3247,ORD1594,31-05-2023,02-06-2023,Standard Class,CUST2913,Emily Wilson,Home Office,UK,New York,P1002,Keyboard,10,1695.63
3248,ORD2313,23-10-2023,26-10-2023,First Class,CUST1735,Daniel Wilson,Corporate,USA,Pune,P1002,Keyboard,6,419.24
3249,ORD2278,24-04-2023,26-04-2023,First Class,CUST3011,,Consumer,UK,Toronto,P1007,Router,5,931.27
3250,ORD2221,18-06-2025,27-06-2025,Second Class,CUST2037,Priya Davis,Corporate,USA,Berlin,P1008,SSD,6,3835.13
3251,ORD2167,11-04-2025,13-04-2025,Second Class,CUST1008,John Gupta,Corporate,India,New York,P1006,Printer,6,4908.78
3252,ORD2333,19-03-2023,28-03-2023,First Class,CUST2966,Olivia Miller,Consumer,USA,Mumbai,P1004,Monitor,6,4791.41
3253,ORD2142,25-06-2023,30-06-2023,Second Class,CUST1312,John Taylor,Consumer,USA,New York,P1006,Printer,7,4899.48
3254,ORD1488,30-01-2025,07-02-2025,Second Class,CUST2263,Sarah Smith,Home Office,India,New York,P1007,Router,7,115.57
3255,ORD1861,24-01-2025,03-02-2025,Standard Class,CUST1108,Robert Miller,Home Office,Canada,Bangalore,P1007,Router,8,4570.02
3256,ORD2243,15-04-2023,18-04-2023,Same Day,CUST3448,Anjali Smith,Corporate,UK,Mumbai,P1002,Keyboard,7,433.76
3257,ORD1545,24-03-2024,26-03-2024,Standard Class,CUST1419,Jane Brown,Corporate,India,Delhi,P1006,Printer,4,452.91
3258,ORD1090,02-01-2023,07-01-2023,Second Class,CUST2968,Michael Taylor,Home Office,Germany,Toronto,P1001,Laptop,9,4811.52
3259,ORD2308,17-05-2023,01-01-2022,Standard Class,CUST3269,Robert Johnson,Corporate,Germany,New York,P1003,Mouse,3,1891.03
3260,ORD1946,25-09-2024,02-10-2024,Same Day,CUST3069,Olivia Wilson,Consumer,India,Mumbai,P1007,Router,2,1465.29
3261,ORD1569,08-05-2025,13-05-2025,First Class,CUST2606,John Gupta,Consumer,Canada,Delhi,P1003,Mouse,4,3542.51
3262,ORD2092,09-03-2024,11-03-2024,First Class,CUST1694,Amit Patel,Home Office,Germany,New York,P1006,Printer,8,4877.67
3263,ORD2351,26-04-2024,03-05-2024,Same Day,CUST3493,Amit Brown,Home Office,USA,Mumbai,P1004,Monitor,6,1606.24
3264,ORD1978,11-08-2024,19-08-2024,Same Day,CUST2816,Robert Smith,Corporate,UK,Pune,P1004,Monitor,1,1876.41
3265,ORD1447,11-09-2024,16-09-2024,First Class,CUST1018,Chris Wilson,Consumer,Germany,Mumbai,P1002,Keyboard,4,1737.95
3266,ORD1888,29-01-2025,30-01-2025,First Class,CUST3259,Sneha Sharma,Home Office,Canada,Toronto,P1003,Mouse,1,4280.24
3267,ORD1858,05-08-2023,11-08-2023,Same Day,CUST2608,John Gupta,Corporate,India,Delhi,P1005,Headphones,2,331.86
3268,ORD2024,25-10-2023,28-10-2023,Second Class,CUST1560,Robert Wilson,Home Office,UK,Pune,P1007,Router,9,165.53
3269,ORD1267,25-05-2025,30-05-2025,First Class,CUST1249,Amit Patel,Home Office,USA,London,P1006,Printer,7,1898.83
3270,ORD1688,11-06-2023,16-06-2023,Same Day,CUST2856,Chris Miller,Corporate,India,Berlin,P1004,Monitor,7,4609.68
3271,ORD1742,03-03-2025,09-03-2025,Second Class,CUST2990,Olivia Wilson,Home Office,UK,Delhi,P1008,SSD,6,426.44
3272,ORD1349,05-12-2023,14-12-2023,Same Day,CUST2875,Chris Miller,Home Office,India,Pune,P1005,Headphones,8,4036.9
3273,ORD1347,22-05-2025,25-05-2025,Second Class,CUST2121,Rahul Sharma,Corporate,USA,Bangalore,P1008,SSD,10,2017.17
3274,ORD1521,25-11-2024,05-12-2024,Second Class,CUST1246,Daniel Davis,Home Office,Germany,London,P1001,Laptop,5,238.33
3275,ORD1001,02-03-2023,11-03-2023,Standard Class,CUST2402,Rahul Johnson,Consumer,UK,Delhi,P1005,Headphones,7,2842.95
3276,ORD1655,26-04-2024,02-05-2024,First Class,CUST1283,Anjali Davis,Home Office,Germany,Berlin,P1004,Monitor,7,3541.89
3277,ORD1683,14-06-2023,24-06-2023,Same Day,CUST1288,David Brown,Home Office,Canada,Delhi,P1005,Headphones,1,1392.04
3278,ORD2046,29-12-2023,01-01-2024,Same Day,CUST2007,Sarah Wilson,Corporate,India,Pune,P1001,Laptop,9,3014.15
3279,ORD2076,22-05-2024,26-05-2024,Second Class,CUST3135,Michael Sharma,Corporate,Germany,Bangalore,P1008,SSD,4,3473.14
3280,ORD1084,21-10-2023,23-10-2023,Same Day,CUST1348,Chris Sharma,Consumer,USA,Bangalore,P1002,Keyboard,4,352.72
3281,ORD1765,26-10-2023,31-10-2023,First Class,CUST2023,Robert Sharma,Consumer,USA,Mumbai,P1002,Keyboard,10,4594.25
3282,ORD1178,16-08-2023,24-08-2023,Second Class,CUST1273,John Miller,Consumer,Canada,Berlin,P1001,Laptop,7,2518.42
3283,ORD1937,12-03-2025,20-03-2025,Second Class,CUST2704,Emily Gupta,Corporate,UK,London,P1008,SSD,6,1529.04
3284,ORD2264,01-03-2023,05-03-2023,Standard Class,CUST2355,Chris Wilson,Consumer,UK,Pune,P1005,Headphones,2,4513.63
3285,ORD1286,26-01-2024,05-02-2024,First Class,CUST2521,Sarah Davis,Consumer,Germany,Delhi,P1004,Monitor,4,3471.18
3286,ORD1386,30-10-2024,01-11-2024,First Class,CUST1286,David Taylor,Corporate,UK,Mumbai,P1004,Monitor,8,163.05
3287,ORD1771,14-09-2023,01-01-2022,Second Class,CUST2730,John Sharma,Corporate,UK,Pune,P1007,Router,6,3179.6
3288,ORD1252,03-02-2025,08-02-2025,Same Day,CUST2789,Michael Johnson,Corporate,UK,Bangalore,P1005,Headphones,5,3321.47
3289,ORD1928,14-12-2024,24-12-2024,Second Class,CUST1223,Michael Miller,Corporate,India,Toronto,P1008,SSD,10,1669.6
3290,ORD1978,22-06-2023,28-06-2023,Standard Class,CUST1645,Sarah Patel,Home Office,Germany,Bangalore,P1003,Mouse,8,2337.38
3291,ORD1228,14-06-2023,20-06-2023,First Class,CUST3173,Chris Taylor,Home Office,India,New York,P1003,Mouse,10,1823.27
3292,ORD1169,29-01-2024,04-02-2024,First Class,CUST2284,Daniel Sharma,Home Office,UK,New York,P1002,Keyboard,7,1294.54
3293,ORD1658,28-05-2023,01-06-2023,Standard Class,CUST2056,Jane Patel,Consumer,UK,Delhi,P1001,Laptop,9,1909.62
3294,ORD2102,10-01-2024,16-01-2024,Same Day,CUST1038,Chris Johnson,Home Office,Germany,Berlin,P1005,Headphones,8,3015.63
3295,ORD1709,21-02-2025,22-02-2025,First Class,CUST2539,Priya Smith,Home Office,Germany,Bangalore,P1002,Keyboard,7,2475.96
3296,ORD2314,18-12-2023,19-12-2023,Standard Class,CUST1234,Chris Wilson,Home Office,India,Berlin,P1003,Mouse,8,4506.53
3297,ORD1066,28-04-2025,06-05-2025,First Class,CUST2734,John Davis,Consumer,Canada,Pune,P1004,Monitor,4,3334.93
3298,ORD1025,03-02-2025,11-02-2025,Standard Class,CUST2578,Olivia Wilson,Corporate,Canada,London,P1003,Mouse,3,2464.59
3299,ORD1591,25-10-2024,28-10-2024,Second Class,CUST3300,Chris Sharma,Corporate,Germany,London,P1004,Monitor,2,4799.39
3300,ORD2392,23-02-2023,02-03-2023,Standard Class,CUST2423,Emily Gupta,Consumer,UK,London,P1007,Router,7,3402.85
3301,ORD1165,30-05-2025,06-06-2025,First Class,CUST1176,Rahul Davis,Corporate,USA,Toronto,P1007,Router,5,2066.29
3302,ORD1028,16-12-2023,26-12-2023,First Class,CUST1489,Anjali Sharma,Consumer,India,Bangalore,P1006,Printer,4,2955.71
3303,ORD1850,12-07-2023,15-07-2023,First Class,CUST2521,Olivia Johnson,Home Office,USA,London,P1003,Mouse,7,-100
3304,ORD1137,30-08-2024,02-09-2024,Second Class,CUST2759,Olivia Miller,Corporate,UK,Toronto,P1002,Keyboard,10,2456.12
3305,ORD1622,22-06-2024,30-06-2024,Second Class,CUST1349,Rahul Sharma,Consumer,India,London,P1007,Router,3,2498.57
3306,ORD1104,24-09-2023,28-09-2023,Second Class,CUST1739,Chris Patel,Home Office,India,Toronto,P1007,Router,5,709.08
3307,ORD1008,04-05-2023,07-05-2023,First Class,CUST2660,Rahul Smith,Consumer,Canada,Toronto,P1008,SSD,4,4866.48
3308,ORD2240,03-04-2023,13-04-2023,Second Class,CUST2911,Sneha Smith,Home Office,UK,London,P1007,Router,4,4070.9
3309,ORD1009,06-03-2024,09-03-2024,Second Class,CUST1049,Robert Davis,Corporate,Canada,Berlin,P1003,Mouse,4,3223.81
3310,ORD1722,17-05-2024,25-05-2024,Same Day,CUST2185,Michael Miller,Home Office,UK,Pune,P1006,Printer,1,4006.33
3311,ORD1017,08-05-2025,09-05-2025,Second Class,CUST2920,Sarah Smith,Consumer,USA,New York,P1004,Monitor,9,911.87
3312,ORD1910,08-11-2023,15-11-2023,First Class,CUST1521,Sneha Davis,Corporate,Canada,Pune,P1004,Monitor,2,2806.11
3313,ORD2414,09-02-2025,12-02-2025,Invalid Mode,CUST3212,John Sharma,Home Office,Germany,London,P1001,Laptop,9,3347.67
3314,ORD1845,23-05-2023,25-05-2023,Second Class,CUST1262,Anjali Johnson,Consumer,USA,Pune,P1006,Printer,8,2447.91
3315,ORD2234,31-01-2023,04-02-2023,Same Day,CUST2576,Robert Davis,Corporate,Germany,New York,P1007,Router,8,917.17
3316,ORD1150,27-10-2024,31-10-2024,Same Day,CUST2336,Rahul Taylor,Corporate,UK,Mumbai,P1003,Mouse,4,1045.21
3317,ORD2400,18-05-2024,28-05-2024,Second Class,CUST3462,David Smith,Consumer,Canada,London,P1001,Laptop,4,1757.93
3318,ORD2410,22-07-2023,01-01-2022,Second Class,CUST2027,Anjali Patel,Consumer,Canada,London,P1004,Monitor,7,2285.56
3319,ORD1200,19-08-2024,25-08-2024,Second Class,CUST1223,Emily Sharma,Home Office,Canada,Mumbai,P1001,Laptop,8,3958.95
3320,ORD1257,18-12-2024,25-12-2024,Second Class,CUST2163,Daniel Miller,Corporate,Germany,Pune,P1006,Printer,9,1809.92
3321,ORD2481,05-09-2024,14-09-2024,Second Class,CUST1016,Olivia Johnson,Corporate,India,New York,P1004,Monitor,10,2360.68
3322,ORD2017,28-02-2024,04-03-2024,Second Class,CUST2638,,Corporate,UK,Berlin,P1002,Keyboard,7,4203.77
3323,ORD1281,04-06-2024,07-06-2024,Same Day,CUST1444,Daniel Miller,Home Office,UK,New York,P1003,Mouse,10,3348.73
3324,ORD1048,27-05-2025,30-05-2025,First Class,CUST3377,Chris Wilson,Consumer,UK,London,P1005,Headphones,8,2427.28
3325,ORD1838,03-06-2025,10-06-2025,Second Class,CUST3221,Amit Sharma,Corporate,UK,Mumbai,P1002,Keyboard,1,3549.82
3326,ORD2193,21-05-2025,23-05-2025,First Class,CUST2639,Anjali Gupta,Home Office,USA,Delhi,P1006,Printer,4,2843.39
3327,ORD2333,29-01-2025,04-02-2025,Same Day,CUST1062,Olivia Johnson,Home Office,UK,Pune,P1004,Monitor,3,3203.73
3328,ORD1062,01-03-2024,08-03-2024,First Class,CUST1941,Robert Smith,Home Office,Germany,Berlin,P1002,Keyboard,9,255.86
3329,ORD1897,20-05-2023,21-05-2023,Standard Class,CUST1915,Olivia Davis,Home Office,Germany,Pune,P1003,Mouse,2,831.82
3330,ORD2183,24-09-2024,01-10-2024,Same Day,CUST2755,Sarah Gupta,Consumer,India,Bangalore,P1007,Router,8,1156.55
3331,ORD1512,30-05-2024,03-06-2024,First Class,CUST2722,Priya Smith,Corporate,India,Mumbai,P1007,Router,6,2057.88
3332,ORD1667,17-05-2024,22-05-2024,Same Day,CUST3003,Priya Smith,Corporate,UK,Toronto,P1004,Monitor,8,1046.07
3333,ORD1499,19-03-2023,26-03-2023,Standard Class,CUST3418,Anjali Patel,Corporate,Canada,Berlin,P1005,Headphones,4,3607.47
3334,ORD1102,12-02-2025,18-02-2025,Standard Class,CUST1238,Daniel Brown,Corporate,USA,Pune,P1007,Router,3,4839.68
3335,ORD1360,08-03-2024,15-03-2024,First Class,CUST2114,Priya Taylor,Consumer,India,London,P1003,Mouse,9,-100
3336,ORD1028,19-05-2025,21-05-2025,Same Day,CUST1500,Daniel Patel,Home Office,Canada,Mumbai,P1005,Headphones,1,176.6
3337,ORD2187,18-11-2024,19-11-2024,Same Day,CUST1858,Amit Taylor,Corporate,UK,Toronto,P1001,Laptop,8,4592.49
3338,ORD2452,26-08-2023,31-08-2023,First Class,CUST1999,Daniel Sharma,Home Office,USA,Mumbai,P1008,SSD,9,3041.69
3339,ORD1214,04-08-2023,06-08-2023,Same Day,CUST3039,Jane Taylor,Consumer,USA,Pune,P1006,Printer,4,4797.33
3340,ORD1717,28-10-2023,31-10-2023,Second Class,CUST2468,Sneha Johnson,Consumer,India,Mumbai,P1005,Headphones,4,3790.7
3341,ORD2231,31-12-2099,05-11-2023,Second Class,CUST3365,David Johnson,Consumer,UK,Berlin,,Headphones,10,3143.03
3342,ORD2207,07-02-2023,11-02-2023,Second Class,CUST3284,Amit Gupta,Home Office,Canada,Berlin,P1003,Mouse,7,4270.29
3343,ORD1074,09-10-2024,16-10-2024,First Class,CUST1290,Olivia Davis,Corporate,India,Bangalore,P1003,Mouse,10,3078.88
3344,ORD1963,17-07-2024,21-07-2024,First Class,CUST2188,Sneha Davis,Consumer,Germany,Pune,P1008,SSD,9,1022.94
3345,ORD1489,14-06-2023,24-06-2023,Same Day,CUST1034,Michael Sharma,Corporate,USA,Delhi,P1004,Monitor,1,2386.02
3346,ORD1713,13-11-2023,22-11-2023,First Class,CUST1480,Sarah Davis,Consumer,India,Berlin,P1002,Keyboard,9,2104.06
3347,ORD1698,24-03-2024,01-04-2024,Same Day,CUST3020,Jane Miller,Consumer,Germany,Delhi,P1007,Router,1,4379.13
3348,ORD1120,09-06-2023,18-06-2023,First Class,CUST2793,David Smith,Corporate,Germany,Delhi,P1008,SSD,4,3413.9
3349,ORD1026,03-08-2023,10-08-2023,Same Day,CUST2793,Priya Taylor,Corporate,India,Delhi,P1001,Laptop,5,3810.13
3350,ORD1966,09-11-2024,12-11-2024,First Class,CUST2399,Chris Gupta,Consumer,USA,Toronto,P1007,Router,5,2902.13
3351,ORD1848,03-05-2024,08-05-2024,Standard Class,CUST2266,Emily Davis,Corporate,UK,Delhi,P1006,Printer,6,2244.84
3352,ORD1615,06-04-2025,11-04-2025,First Class,CUST1571,Anjali Sharma,Home Office,Germany,Mumbai,P1003,Mouse,2,4091.04
3353,ORD1748,17-04-2023,19-04-2023,First Class,CUST2772,Priya Davis,Consumer,Germany,London,P1002,Keyboard,2,1632.85
3354,ORD1876,21-10-2023,28-10-2023,Standard Class,CUST2508,John Sharma,Home Office,India,Bangalore,P1008,SSD,9,3689.4
3355,ORD1138,30-05-2025,09-06-2025,First Class,CUST2777,Emily Smith,Consumer,Canada,London,P1004,Monitor,9,4767.7
3356,ORD1105,12-09-2023,17-09-2023,Same Day,CUST1830,Anjali Davis,Consumer,Germany,Delhi,P1006,Printer,4,1538.23
3357,ORD1736,22-05-2023,27-05-2023,Same Day,CUST1219,Emily Johnson,Corporate,UK,Berlin,P1006,Printer,9,4695.91
3358,ORD2306,17-05-2023,24-05-2023,Standard Class,CUST1829,Chris Brown,Corporate,USA,Berlin,P1004,Monitor,2,1918.8
3359,ORD2362,21-06-2024,28-06-2024,Same Day,CUST3375,Olivia Gupta,Home Office,UK,Berlin,P1003,Mouse,7,3630.53
3360,ORD1368,09-08-2023,17-08-2023,Second Class,CUST3279,Emily Wilson,Corporate,Germany,Berlin,P1001,Laptop,3,2095.38
3361,ORD1196,07-08-2024,11-08-2024,Second Class,CUST1732,,Corporate,India,Delhi,P1002,Keyboard,4,740.51
3362,ORD2427,01-01-2023,08-01-2023,First Class,CUST1985,Sneha Miller,Corporate,India,London,P1003,Mouse,5,1741.54
3363,ORD1569,07-03-2023,16-03-2023,First Class,CUST3206,,Consumer,India,New York,P1003,Mouse,1,303.27
3364,ORD1475,22-12-2023,29-12-2023,Standard Class,CUST1831,Olivia Brown,Home Office,USA,Toronto,P1004,Monitor,8,994.38
3365,ORD2367,07-11-2023,17-11-2023,First Class,CUST2829,Rahul Taylor,Corporate,UK,Berlin,P1001,Laptop,2,2161.83
3366,ORD2031,21-08-2024,28-08-2024,Standard Class,CUST1797,Michael Patel,Consumer,Germany,Toronto,P1003,Mouse,3,4259.65
3367,ORD1835,03-07-2024,09-07-2024,First Class,CUST1861,David Gupta,Corporate,India,Delhi,P1007,Router,4,150.41
3368,ORD1348,21-05-2025,27-05-2025,Second Class,CUST3132,Rahul Wilson,Corporate,Canada,Bangalore,P1008,SSD,7,1086.22
3369,ORD1812,27-07-2023,31-07-2023,First Class,CUST2586,John Johnson,Corporate,USA,Toronto,P1001,Laptop,3,2595.04
3370,ORD1029,30-08-2023,03-09-2023,First Class,CUST3493,John Taylor,Corporate,Canada,New York,P1007,Router,10,449.64
3371,ORD1184,19-03-2024,23-03-2024,Second Class,CUST1141,Sarah Johnson,Consumer,India,Toronto,P1005,Headphones,7,1212.6
3372,ORD1768,17-03-2024,20-03-2024,First Class,CUST2486,Daniel Patel,Corporate,India,New York,P1003,Mouse,1,2690.44
3373,ORD1678,09-04-2024,19-04-2024,Second Class,CUST1666,Olivia Miller,Corporate,India,Pune,P1007,Router,1,2581.68
3374,ORD2079,13-03-2024,15-03-2024,Same Day,CUST2698,Anjali Smith,Home Office,India,Delhi,P1001,Laptop,7,4460.5
3375,ORD1606,04-03-2024,14-03-2024,Standard Class,CUST2811,David Miller,Home Office,UK,Bangalore,P1001,Laptop,9,4155.09
3376,ORD2278,19-04-2023,26-04-2023,First Class,CUST2136,Jane Smith,Corporate,Canada,Berlin,P1003,Mouse,9,2744.52
3377,ORD1654,26-04-2024,30-04-2024,Standard Class,CUST2763,Emily Smith,Consumer,UK,Delhi,P1003,Mouse,4,3882.22
3378,ORD2171,19-07-2023,25-07-2023,First Class,CUST1057,Priya Johnson,Consumer,India,Berlin,P1005,Headphones,3,3101.9
3379,ORD1767,25-01-2023,28-01-2023,Standard Class,CUST2417,Sneha Smith,Corporate,Canada,Berlin,P1004,Monitor,2,1300.28
3380,ORD1695,28-08-2023,01-09-2023,Standard Class,CUST3046,Chris Johnson,Corporate,Canada,London,P1004,Monitor,6,1314.57
3381,ORD1135,24-06-2023,04-07-2023,First Class,CUST3371,Michael Brown,Consumer,USA,Pune,P1003,Mouse,6,3941.39
3382,ORD1370,18-02-2023,27-02-2023,Second Class,CUST1453,Daniel Gupta,Corporate,Germany,Mumbai,P1006,Printer,2,4862.34
3383,ORD1323,03-03-2024,13-03-2024,Second Class,CUST2368,John Patel,Consumer,UnknownCountry,Bangalore,P1007,Router,3,1428.86
3384,ORD2229,06-03-2023,10-03-2023,Second Class,CUST1221,Sarah Brown,Corporate,India,Delhi,P1005,Headphones,8,1290.48
3385,ORD1813,13-04-2025,16-04-2025,Second Class,CUST3071,David Wilson,Consumer,USA,Berlin,P1004,Monitor,7,1806.16
3386,ORD1431,02-09-2024,12-09-2024,Second Class,CUST3302,Chris Patel,Home Office,Germany,Mumbai,P1005,Headphones,4,1162.58
3387,ORD1053,19-06-2024,26-06-2024,Standard Class,CUST2177,Amit Sharma,Home Office,USA,Delhi,P1005,Headphones,10,3261.81
3388,ORD2055,23-11-2023,24-11-2023,Standard Class,CUST2115,Olivia Taylor,Corporate,India,London,P1006,Printer,10,187.27
3389,ORD1645,01-05-2023,10-05-2023,Second Class,CUST2911,Priya Brown,Consumer,India,Mumbai,P1003,Mouse,8,1303.02
3390,ORD1526,26-04-2024,06-05-2024,Standard Class,CUST1293,Priya Johnson,Corporate,UK,Mumbai,P1004,Monitor,1,1042.03
3391,ORD1524,01-01-2024,08-01-2024,Same Day,CUST2349,Sneha Gupta,Consumer,Canada,New York,P1005,Headphones,5,3014.43
3392,ORD1829,22-01-2024,23-01-2024,Second Class,CUST1897,Robert Sharma,Home Office,India,New York,P1008,SSD,8,1353.42
3393,ORD1303,07-01-2023,16-01-2023,Invalid Mode,CUST1790,Robert Taylor,Home Office,USA,Delhi,P1002,Keyboard,6,-100
3394,ORD1271,20-03-2025,29-03-2025,Invalid Mode,CUST2253,Sarah Miller,Consumer,UK,Pune,P1005,Headphones,7,140.16
3395,ORD1810,14-09-2024,20-09-2024,Same Day,CUST2529,Michael Sharma,Corporate,Germany,New York,P1008,SSD,9,4679.84
3396,ORD1444,13-11-2024,15-11-2024,Second Class,CUST2639,Priya Taylor,Consumer,Canada,London,P1007,Router,3,1345.04
3397,ORD2326,20-07-2024,22-07-2024,First Class,CUST1999,Priya Sharma,Corporate,USA,Bangalore,P1004,Monitor,10,1140.06
3398,ORD1428,01-10-2024,07-10-2024,First Class,CUST1555,Anjali Sharma,Consumer,Germany,London,P1004,Monitor,4,945.16
3399,ORD2144,06-05-2025,14-05-2025,First Class,CUST1123,Jane Johnson,Corporate,Germany,Berlin,P1004,Monitor,5,2303.72
3400,ORD1673,06-10-2023,14-10-2023,Same Day,CUST2897,John Wilson,Home Office,Germany,Mumbai,P1004,Monitor,10,4915.51
3401,ORD1939,30-06-2024,02-07-2024,First Class,CUST2594,Daniel Patel,Home Office,Canada,Berlin,P1005,Headphones,4,3067.51
3402,ORD1192,09-03-2025,10-03-2025,First Class,CUST1086,Emily Gupta,Consumer,Canada,Pune,P1004,Monitor,1,2618.5
3403,ORD1041,28-10-2023,30-10-2023,First Class,CUST2758,Rahul Wilson,Consumer,India,Berlin,P1008,SSD,3,4035.33
3404,ORD2402,29-05-2024,07-06-2024,Same Day,CUST1279,Sneha Sharma,Home Office,Germany,Pune,P1008,SSD,7,1635.36
3405,ORD1947,05-07-2023,09-07-2023,Second Class,CUST2262,Chris Johnson,Consumer,India,New York,P1007,Router,9,4302.11
3406,ORD1900,23-07-2024,30-07-2024,Standard Class,CUST1595,Robert Patel,Corporate,USA,Pune,P1008,SSD,9,4845.56
3407,ORD2201,10-05-2025,12-05-2025,Same Day,CUST3302,Rahul Taylor,Home Office,UK,Delhi,P1003,Mouse,5,2908.39
3408,ORD2379,19-08-2024,21-08-2024,Standard Class,CUST3170,David Johnson,Home Office,UK,London,P1007,Router,6,1006.84
3409,ORD2460,21-08-2023,22-08-2023,Second Class,CUST2866,Olivia Sharma,Consumer,India,London,P1005,Headphones,6,2849.15
3410,ORD2011,23-01-2023,31-01-2023,Same Day,CUST2046,David Taylor,Home Office,India,New York,P1002,Keyboard,5,61.22
3411,ORD1121,03-02-2025,08-02-2025,Same Day,CUST2513,Robert Smith,Consumer,USA,Pune,P1001,Laptop,1,3646.6
3412,ORD1639,05-03-2025,06-03-2025,Same Day,CUST1650,Rahul Sharma,Home Office,USA,Delhi,P1008,SSD,9,2541.35
3413,ORD1676,06-02-2025,11-02-2025,Same Day,CUST1844,Anjali Wilson,Corporate,Germany,Berlin,P1003,Mouse,10,4123.02
3414,ORD2227,02-06-2023,08-06-2023,Same Day,CUST1798,Chris Sharma,Corporate,UK,New York,P1002,Keyboard,8,3677.18
3415,ORD1750,04-06-2024,12-06-2024,Same Day,CUST1274,Olivia Smith,Home Office,UK,Bangalore,P1004,Monitor,10,3737.04
3416,ORD1292,30-12-2023,09-01-2024,Same Day,CUST3029,Priya Johnson,Home Office,UK,Bangalore,P1001,Laptop,7,60.01
3417,ORD2300,20-04-2023,28-04-2023,Second Class,CUST1082,David Smith,Consumer,UnknownCountry,Toronto,P1005,Headphones,1,281.37
3418,ORD1247,25-07-2023,27-07-2023,Same Day,CUST3024,Priya Patel,Consumer,Canada,Mumbai,P1007,Router,8,596.97
3419,ORD1318,03-04-2024,13-04-2024,Standard Class,CUST2798,,Home Office,UK,Mumbai,P1008,SSD,7,4373.06
3420,ORD1605,02-07-2023,10-07-2023,Standard Class,CUST2204,Sarah Taylor,Home Office,India,Berlin,P1003,Mouse,7,2336.18
3421,ORD1277,04-06-2025,07-06-2025,Standard Class,CUST1589,Anjali Patel,Corporate,USA,Pune,P1008,SSD,7,3219.73
3422,ORD1475,11-08-2024,13-08-2024,First Class,CUST2724,David Gupta,Consumer,UK,Toronto,P1006,Printer,1,4139.5
3423,ORD1786,06-04-2025,14-04-2025,Standard Class,CUST1836,Robert Miller,Consumer,Canada,Pune,P1003,Mouse,6,3564.64
3424,ORD2439,26-12-2023,27-12-2023,Same Day,CUST1264,Sarah Wilson,Consumer,Germany,Berlin,P1003,Mouse,4,513.3
3425,ORD1276,08-06-2023,09-06-2023,Same Day,CUST2798,Robert Sharma,Corporate,UK,Mumbai,P1007,Router,6,1209.84
3426,ORD2300,03-07-2023,08-07-2023,Standard Class,CUST2687,Rahul Wilson,Consumer,UK,Bangalore,P1003,Mouse,3,4727.99
3427,ORD2025,02-02-2025,09-02-2025,Same Day,CUST3253,Sneha Smith,Corporate,Germany,Pune,P1002,Keyboard,4,4881.19
3428,ORD2063,02-02-2023,08-02-2023,Second Class,CUST1765,Jane Davis,Corporate,Canada,Toronto,P1008,SSD,5,1816.65
3429,ORD1762,17-05-2023,24-05-2023,First Class,CUST1488,John Gupta,Consumer,UK,London,P1002,Keyboard,8,91.57
3430,ORD1320,29-09-2024,05-10-2024,Same Day,CUST3177,Priya Wilson,Corporate,India,Delhi,P1001,Laptop,4,1751.18
3431,ORD2379,23-08-2024,02-09-2024,Second Class,CUST2302,Amit Sharma,Home Office,USA,Toronto,P1007,Router,4,1602.53
3432,ORD1051,05-02-2023,12-02-2023,First Class,CUST2416,Jane Patel,Consumer,Canada,Berlin,P1003,Mouse,6,424
3433,ORD2198,25-07-2023,02-08-2023,First Class,CUST1892,Jane Brown,Corporate,USA,New York,P1005,Headphones,5,4045.81
3434,ORD1684,26-06-2024,27-06-2024,Same Day,CUST2733,Anjali Brown,Consumer,USA,New York,P1002,Keyboard,7,3828.31
3435,ORD1812,11-10-2023,18-10-2023,First Class,CUST1609,Anjali Sharma,Corporate,USA,Delhi,P1002,Keyboard,3,681.16
3436,ORD2382,20-03-2025,25-03-2025,Standard Class,CUST3089,Jane Smith,Consumer,UK,Pune,P1008,SSD,3,2935.15
3437,ORD1906,16-03-2023,26-03-2023,Standard Class,CUST3275,Rahul Wilson,Consumer,Canada,New York,P1005,Headphones,9,3346.83
3438,ORD2326,14-01-2025,16-01-2025,Same Day,CUST3110,Jane Gupta,Home Office,USA,Mumbai,P1003,Mouse,1,2629.92
3439,,28-11-2023,07-12-2023,First Class,CUST3080,John Taylor,Consumer,UK,Mumbai,P1001,Laptop,4,1122.32
3440,ORD2458,09-05-2025,10-05-2025,Standard Class,CUST3264,Daniel Johnson,Home Office,India,London,P1006,Printer,7,4905.6
3441,ORD2454,31-12-2099,21-08-2023,Standard Class,CUST1755,Jane Davis,Consumer,India,Toronto,P1007,Router,7,2863.56
3442,ORD1856,23-01-2023,26-01-2023,Second Class,CUST2190,Olivia Sharma,Corporate,Canada,New York,P1002,Keyboard,3,2553.31
3443,ORD1305,23-12-2024,29-12-2024,Same Day,CUST1650,John Gupta,Corporate,Germany,New York,P1004,Monitor,10,4512.2
3444,ORD2483,25-11-2023,05-12-2023,Second Class,CUST2592,John Miller,Consumer,India,Bangalore,P1002,Keyboard,4,441.22
3445,ORD1531,01-02-2025,01-01-2022,Same Day,CUST2449,Priya Johnson,Corporate,Canada,London,P1006,Printer,8,4260.57
3446,,08-10-2024,10-10-2024,Standard Class,CUST2169,Rahul Miller,Corporate,India,New York,P1004,Monitor,4,4639.23
3447,ORD2166,22-11-2024,29-11-2024,Standard Class,CUST2629,David Patel,Consumer,Germany,Toronto,P1005,Headphones,3,4384.41
3448,ORD2446,31-07-2024,06-08-2024,Second Class,CUST1520,Daniel Davis,Consumer,Canada,Delhi,P1004,Monitor,5,4472.06
3449,ORD2131,15-05-2024,22-05-2024,Standard Class,CUST1763,Robert Johnson,Consumer,Germany,London,P1005,Headphones,6,2475.54
3450,ORD1656,11-07-2024,18-07-2024,Standard Class,CUST2322,Daniel Taylor,Consumer,Germany,Bangalore,P1002,Keyboard,5,4428.34
3451,ORD1074,14-06-2024,18-06-2024,First Class,CUST2143,Daniel Brown,Home Office,Canada,London,P1006,Printer,10,2751.34
3452,ORD2044,08-05-2023,18-05-2023,Standard Class,CUST2775,Rahul Sharma,Corporate,Canada,Bangalore,P1003,Mouse,3,1883.76
3453,ORD2224,29-02-2024,03-03-2024,Same Day,CUST1668,Michael Davis,Corporate,Germany,Bangalore,P1008,SSD,2,4040.69
3454,ORD1962,15-12-2023,19-12-2023,Standard Class,CUST3180,Sarah Miller,Home Office,Germany,London,P1005,Headphones,6,3192.16
3455,ORD1963,05-05-2025,14-05-2025,Second Class,CUST1549,Olivia Taylor,Consumer,India,Berlin,P1001,Laptop,8,449.3
3456,ORD1054,06-03-2024,09-03-2024,First Class,CUST1072,Michael Sharma,Home Office,Germany,New York,P1005,Headphones,5,2301.42
3457,ORD1747,13-11-2024,17-11-2024,Standard Class,CUST2154,Anjali Davis,Home Office,India,Mumbai,P1005,Headphones,4,972.08
3458,ORD1488,23-01-2025,25-01-2025,Same Day,CUST2919,Daniel Miller,Home Office,India,Toronto,P1007,Router,7,3216.67
3459,ORD1526,26-04-2024,04-05-2024,Standard Class,CUST1399,Jane Smith,Corporate,India,Bangalore,P1003,Mouse,9,1289.1
3460,ORD1959,16-05-2025,25-05-2025,Same Day,CUST1073,Chris Johnson,Home Office,Germany,Berlin,P1003,Mouse,8,3572.27
3461,ORD2271,10-02-2025,16-02-2025,Second Class,CUST2157,Michael Brown,Corporate,USA,Bangalore,P1004,Monitor,10,691.88
3462,ORD1540,12-05-2023,18-05-2023,Same Day,CUST2847,Chris Brown,Corporate,Canada,New York,P1008,SSD,6,2257.21
3463,ORD1694,19-02-2023,22-02-2023,First Class,CUST1764,Jane Johnson,Corporate,Germany,New York,P1002,Keyboard,7,4976.64
3464,ORD1465,29-12-2024,05-01-2025,Second Class,CUST3385,Daniel Sharma,Home Office,Germany,Berlin,P1004,Monitor,9,4169.32
3465,ORD1609,30-06-2023,01-07-2023,Same Day,CUST2356,Olivia Miller,Home Office,USA,London,P1005,Headphones,9,3968.4
3466,ORD1637,02-04-2024,10-04-2024,Same Day,CUST3360,Anjali Davis,Home Office,Germany,Delhi,P1001,Laptop,9,1734.65
3467,ORD1267,22-10-2024,23-10-2024,First Class,CUST2271,Robert Johnson,Corporate,Canada,New York,P1003,Mouse,7,3743.35
3468,ORD1911,22-10-2024,30-10-2024,Same Day,CUST1881,Anjali Sharma,Home Office,India,Bangalore,P1002,Keyboard,10,1661.56
3469,ORD2471,25-10-2023,31-10-2023,Standard Class,CUST1470,Anjali Taylor,Corporate,Canada,Delhi,P1003,Mouse,4,4766.63
3470,ORD1680,07-10-2024,08-10-2024,First Class,CUST2886,Sarah Gupta,Corporate,Germany,Toronto,P1002,Keyboard,3,2035.09
3471,ORD1402,01-06-2024,11-06-2024,First Class,CUST2196,Chris Miller,Home Office,Canada,Berlin,P1007,Router,10,475.18
3472,ORD1980,21-07-2024,24-07-2024,Standard Class,CUST1180,Amit Johnson,Consumer,India,Pune,P1003,Mouse,5,930.63
3473,ORD1835,14-11-2024,21-11-2024,Same Day,CUST1746,Emily Johnson,Corporate,Canada,London,P1001,Laptop,10,1733.96
3474,ORD1518,06-06-2025,16-06-2025,Same Day,CUST2823,Jane Smith,Home Office,Germany,Mumbai,P1001,Laptop,1,3580.2
3475,ORD2292,28-12-2023,06-01-2024,Second Class,CUST2117,Michael Brown,Corporate,UK,Toronto,P1008,SSD,7,1780.38
3476,ORD2350,12-05-2023,22-05-2023,Second Class,CUST1183,Emily Johnson,Corporate,India,Berlin,P1005,Headphones,3,3727.56
3477,ORD1130,04-07-2023,08-07-2023,Second Class,CUST1962,Emily Davis,Corporate,Canada,London,P1005,Headphones,8,3415.24
3478,ORD2019,30-03-2024,03-04-2024,Second Class,CUST2589,Chris Patel,Home Office,Canada,London,P1005,Headphones,1,1073.74
3479,ORD1142,10-01-2023,15-01-2023,Standard Class,CUST2051,John Gupta,Corporate,India,Delhi,P1008,SSD,9,197.74
3480,ORD1845,29-03-2023,08-04-2023,Same Day,CUST2082,Robert Sharma,Home Office,Canada,Berlin,P1001,Laptop,5,2399.11
3481,ORD1184,15-04-2024,17-04-2024,First Class,CUST1943,Emily Sharma,Corporate,Germany,Bangalore,P1003,Mouse,1,1129.22
3482,ORD1713,14-02-2025,18-02-2025,First Class,CUST1591,Olivia Patel,Corporate,Germany,Berlin,P1007,Router,7,2473.62
3483,ORD1655,16-01-2025,17-01-2025,Standard Class,CUST1226,Sneha Gupta,Consumer,Germany,Bangalore,P1008,SSD,10,1522.8
3484,ORD1944,11-05-2025,18-05-2025,Same Day,CUST1294,Michael Sharma,Consumer,UK,Bangalore,P1005,Headphones,7,3367.39
3485,ORD1484,20-04-2023,30-04-2023,Second Class,CUST2807,Emily Sharma,Home Office,UK,New York,P1007,Router,4,2921.47
3486,ORD1078,20-08-2024,26-08-2024,First Class,CUST2610,Olivia Sharma,Consumer,India,Mumbai,P1002,Keyboard,7,1044.21
3487,ORD1297,29-12-2024,01-01-2022,First Class,CUST1316,Robert Wilson,Consumer,Canada,Berlin,P1001,Laptop,1,4361.92
3488,ORD2026,21-04-2023,23-04-2023,First Class,CUST1800,Daniel Gupta,Home Office,USA,Toronto,P1004,Monitor,6,4658.5
3489,ORD1988,05-10-2024,08-10-2024,Same Day,CUST2804,Priya Gupta,Home Office,India,London,P1006,Printer,6,1526.09
3490,ORD2213,21-08-2024,22-08-2024,Standard Class,CUST1746,Anjali Miller,Home Office,Canada,Pune,P1008,SSD,6,1497.58
3491,ORD2124,07-07-2023,15-07-2023,Standard Class,CUST1521,Rahul Davis,Consumer,India,Bangalore,P1001,Laptop,3,1985.92
3492,ORD2171,19-07-2023,27-07-2023,Same Day,CUST1080,Michael Johnson,Consumer,Canada,New York,P1005,Headphones,2,1830.55
3493,ORD1987,27-03-2023,30-03-2023,First Class,CUST1707,Anjali Patel,Consumer,Germany,London,P1002,Keyboard,7,3776.8
3494,ORD1968,22-03-2024,28-03-2024,Second Class,CUST1635,Sarah Patel,Corporate,USA,London,P1006,Printer,9,2476.72
3495,ORD1052,09-06-2025,16-06-2025,Standard Class,CUST1619,Chris Brown,Home Office,USA,Bangalore,P1004,Monitor,4,1816.23
3496,ORD1294,10-07-2024,18-07-2024,Invalid Mode,CUST2534,Anjali Davis,Corporate,Germany,Toronto,P1008,SSD,5,2447.9
3497,ORD1320,25-02-2024,05-03-2024,Same Day,CUST2089,,Home Office,UK,London,P1005,Headphones,1,2301.52
3498,ORD1309,16-06-2024,20-06-2024,Standard Class,CUST1503,Amit Patel,Home Office,India,Mumbai,P1002,Keyboard,9,2426.91
3499,ORD1825,27-01-2025,01-02-2025,Standard Class,CUST2386,Amit Johnson,Home Office,India,London,P1006,Printer,9,102.16
3500,ORD1003,29-07-2024,07-08-2024,Same Day,CUST3435,Priya Wilson,Corporate,Canada,Toronto,P1007,Router,2,2961.95
16,ORD1914,28-06-2024,07-07-2024,Same Day,CUST1794,Daniel Sharma,Home Office,UK,Toronto,P1007,Router,6,1249.07
3502,ORD1449,28-08-2023,02-09-2023,Same Day,CUST2132,Anjali Miller,Corporate,USA,Bangalore,P1008,SSD,8,2906.93
3503,ORD1302,09-06-2023,16-06-2023,Standard Class,CUST1304,Emily Smith,Consumer,USA,Berlin,P1003,Mouse,5,1073.34
3504,ORD2308,25-05-2024,29-05-2024,First Class,CUST1205,Emily Brown,Consumer,Germany,New York,P1005,Headphones,1,1631.48
3505,ORD2297,04-01-2023,09-01-2023,Second Class,CUST2706,John Miller,Corporate,Germany,Toronto,P1008,SSD,3,2996.1
3506,ORD1552,30-12-2023,09-01-2024,Same Day,CUST1967,,Consumer,Germany,London,P1008,SSD,10,618.52
3507,ORD2140,06-04-2023,14-04-2023,Same Day,CUST1949,Robert Sharma,Corporate,USA,Berlin,P1005,Headphones,9,2659.41
3508,ORD2073,06-04-2024,11-04-2024,First Class,CUST2854,Jane Davis,Consumer,Germany,New York,P1006,Printer,5,1356.53
3509,ORD2480,07-09-2024,14-09-2024,Same Day,CUST1995,Daniel Miller,Corporate,USA,London,P1002,Keyboard,8,1292.32
3510,ORD1976,09-05-2024,14-05-2024,Same Day,CUST1646,Jane Brown,Consumer,Germany,New York,P1004,Monitor,9,2302.76
3511,ORD1756,28-01-2024,30-01-2024,Same Day,CUST2360,Emily Gupta,Home Office,Germany,Bangalore,P1002,Keyboard,3,3665.83
3512,ORD2217,11-02-2023,12-02-2023,First Class,CUST3413,John Patel,Corporate,UK,Pune,P1001,Laptop,8,1189.07
3513,ORD1659,17-07-2024,23-07-2024,Standard Class,CUST2321,Anjali Miller,Consumer,Germany,Bangalore,P1005,Headphones,5,-100
3514,ORD1378,25-10-2023,01-11-2023,Same Day,CUST1422,Michael Davis,Home Office,USA,Bangalore,P1003,Mouse,1,3885.14
3515,ORD1832,11-12-2023,15-12-2023,First Class,CUST1797,Olivia Patel,Home Office,Canada,London,P1004,Monitor,10,3369.2
3516,ORD1041,07-08-2024,14-08-2024,Second Class,CUST1491,Rahul Sharma,Consumer,Germany,Berlin,P1003,Mouse,9,2469.54
3517,ORD2288,30-11-2023,08-12-2023,Same Day,CUST1779,Priya Sharma,Consumer,India,Berlin,P1003,Mouse,8,1136.49
3518,ORD2313,12-04-2025,21-04-2025,Same Day,CUST2576,Robert Smith,Home Office,Canada,Berlin,P1004,Monitor,9,4061.55
3519,ORD1686,12-01-2023,13-01-2023,First Class,CUST2490,Sneha Smith,Corporate,USA,Toronto,P1005,Headphones,3,4728.51
3520,ORD2493,02-03-2025,03-03-2025,Standard Class,CUST2808,Rahul Davis,Home Office,USA,Delhi,P1002,Keyboard,7,1810.68
3521,ORD1918,13-06-2024,16-06-2024,First Class,CUST2580,Sarah Smith,Corporate,Germany,New York,P1006,Printer,2,3702.29
3522,ORD1871,26-05-2024,28-05-2024,Same Day,CUST2810,Emily Davis,Home Office,Germany,Berlin,P1002,Keyboard,3,1425.91
3523,ORD2305,20-11-2023,29-11-2023,Same Day,CUST1140,Amit Taylor,Corporate,India,Berlin,P1002,Keyboard,6,3573.61
3524,ORD1410,08-12-2024,17-12-2024,First Class,CUST1801,Anjali Sharma,Corporate,Germany,Berlin,P1001,Laptop,3,2215.02
3525,ORD1444,10-06-2025,20-06-2025,Standard Class,CUST2857,Anjali Smith,Corporate,India,Bangalore,P1006,Printer,1,2073.29
3526,ORD1850,04-04-2024,07-04-2024,Second Class,CUST3190,Jane Patel,Corporate,Germany,Bangalore,P1002,Keyboard,9,2277.02
3527,ORD1057,27-04-2025,30-04-2025,First Class,CUST1919,Priya Miller,Home Office,USA,Pune,P1008,SSD,5,4893.69
3528,ORD2484,31-12-2099,13-08-2024,Standard Class,CUST1912,Priya Johnson,Corporate,USA,Mumbai,P1005,Headphones,7,3458.02
3529,ORD2159,06-02-2023,15-02-2023,Second Class,CUST1136,Robert Taylor,Corporate,Germany,Bangalore,P1006,Printer,7,3902.9
3530,ORD2056,07-05-2023,14-05-2023,Second Class,CUST1814,Amit Sharma,Corporate,UK,Toronto,P1008,SSD,1,4674.82
3531,ORD1972,07-05-2024,13-05-2024,First Class,CUST2838,Chris Davis,Home Office,UK,New York,P1006,Printer,2,4063.88
3532,ORD1652,01-02-2025,09-02-2025,Second Class,CUST2449,John Wilson,Consumer,USA,London,P1008,SSD,9,3272.38
3533,ORD2028,15-07-2024,17-07-2024,First Class,CUST2332,Amit Gupta,Consumer,USA,London,P1001,Laptop,8,2544.06
3534,ORD1736,14-03-2025,22-03-2025,Standard Class,CUST3156,John Brown,Corporate,India,Mumbai,P1003,Mouse,5,-100
3535,ORD1121,19-03-2025,27-03-2025,Second Class,CUST1478,Robert Sharma,Consumer,Germany,Pune,P1005,Headphones,7,3844.31
3536,ORD1234,30-03-2023,01-01-2022,Same Day,CUST2788,Jane Davis,Home Office,UK,Mumbai,P1006,Printer,5,2230.23
3537,ORD2340,31-12-2023,01-01-2024,Standard Class,CUST2277,Emily Taylor,Corporate,India,Delhi,P1001,Laptop,3,3149.66
3538,ORD1047,20-02-2024,01-03-2024,Same Day,CUST2270,Rahul Wilson,Home Office,USA,London,P1001,Laptop,7,3263.17
3539,ORD2425,22-05-2025,31-05-2025,Second Class,CUST2612,Sarah Taylor,Consumer,Canada,New York,P1001,Laptop,8,743.52
3540,ORD1337,08-11-2023,14-11-2023,Standard Class,CUST2984,John Taylor,Home Office,USA,Bangalore,P1006,Printer,6,369.88
3541,ORD1607,11-06-2025,14-06-2025,First Class,CUST2666,Robert Davis,Home Office,Germany,Mumbai,P1005,Headphones,1,3661.67
3542,ORD1532,01-01-2024,05-01-2024,First Class,CUST3253,Daniel Taylor,Home Office,Canada,Berlin,P1001,Laptop,3,4218.74
3543,ORD1213,05-11-2023,06-11-2023,Standard Class,CUST2792,John Miller,Home Office,Germany,Berlin,P1007,Router,4,413.91
3544,ORD1028,27-08-2024,05-09-2024,Same Day,CUST2664,,Consumer,USA,Mumbai,P1002,Keyboard,4,4296.76
3545,ORD2117,29-10-2023,05-11-2023,Second Class,CUST3250,Jane Patel,Consumer,India,Toronto,P1002,Keyboard,5,1661.3
3546,ORD1837,30-01-2024,02-02-2024,Same Day,CUST1948,Jane Brown,Corporate,USA,Toronto,P1006,Printer,2,679.79
3547,ORD1824,30-08-2024,08-09-2024,Same Day,CUST1705,Chris Brown,Home Office,UK,Berlin,P1008,SSD,10,4712
3548,ORD2000,14-10-2023,20-10-2023,Standard Class,CUST3310,Sneha Taylor,Home Office,Canada,Pune,P1001,Laptop,8,4523.53
3549,ORD2335,14-08-2023,16-08-2023,Same Day,CUST1385,Olivia Sharma,Consumer,UK,Delhi,P1006,Printer,7,4692.22
3550,ORD1168,29-09-2023,04-10-2023,Standard Class,CUST2709,Emily Smith,Corporate,UK,Pune,P1008,SSD,6,967.51
3551,ORD1535,18-10-2023,24-10-2023,Same Day,CUST3441,David Patel,Corporate,India,Pune,P1003,Mouse,4,4663.53
3552,ORD1948,25-07-2024,26-07-2024,Same Day,CUST2755,Michael Smith,Home Office,USA,Bangalore,P1005,Headphones,8,-100
3553,ORD1803,30-11-2023,03-12-2023,Second Class,CUST2946,Sneha Sharma,Consumer,Canada,New York,P1005,Headphones,2,1589.42
11,ORD1535,15-05-2025,20-05-2025,Second Class,CUST2783,Anjali Johnson,Consumer,UK,Bangalore,P1001,Laptop,5,816.87
3555,ORD1723,16-12-2023,23-12-2023,Second Class,CUST1587,Daniel Sharma,Home Office,USA,Pune,P1002,Keyboard,4,2690.14
3556,ORD1251,02-06-2025,08-06-2025,Standard Class,CUST1036,Rahul Patel,Corporate,USA,London,P1006,Printer,3,4338.04
3557,ORD1694,07-01-2023,13-01-2023,Standard Class,CUST3091,Olivia Wilson,Home Office,Germany,Delhi,P1007,Router,1,2221.08
3558,ORD1964,15-03-2023,18-03-2023,Second Class,CUST1841,David Smith,Home Office,USA,Bangalore,P1007,Router,8,2671.01
3559,ORD1215,20-01-2025,24-01-2025,Same Day,CUST2924,Michael Gupta,Consumer,USA,Delhi,P1003,Mouse,7,670.6
3560,ORD1915,08-01-2025,15-01-2025,First Class,CUST2779,Olivia Miller,Corporate,Germany,Pune,P1008,SSD,10,3191.07
3561,ORD1599,19-02-2025,26-02-2025,Same Day,CUST2205,Rahul Brown,Home Office,UK,New York,P1008,SSD,10,3072.35
3562,ORD1149,26-07-2023,02-08-2023,First Class,CUST3027,Michael Sharma,Corporate,Germany,New York,P1008,SSD,10,4821.49
3563,ORD1009,04-12-2024,10-12-2024,Same Day,CUST2731,Olivia Gupta,Home Office,Germany,Bangalore,P1004,Monitor,3,207.16
3564,ORD1154,11-02-2024,13-02-2024,Standard Class,CUST2981,Priya Miller,Consumer,UK,Bangalore,P1004,Monitor,5,254.09
3565,ORD1424,21-07-2024,30-07-2024,Second Class,CUST1817,Jane Patel,Home Office,India,Mumbai,P1004,Monitor,2,2020.16
3566,ORD1572,07-07-2024,08-07-2024,Second Class,CUST2734,Michael Taylor,Consumer,India,Bangalore,P1003,Mouse,9,2666.1
3567,ORD2419,25-01-2025,04-02-2025,Second Class,CUST1294,Jane Patel,Corporate,USA,Berlin,P1006,Printer,9,4549.99
3568,ORD1736,11-05-2024,15-05-2024,Standard Class,CUST2300,Rahul Johnson,Consumer,Canada,Toronto,P1005,Headphones,1,2525.53
3569,ORD1375,30-08-2023,06-09-2023,Standard Class,CUST2186,Robert Smith,Consumer,Canada,Delhi,P1006,Printer,3,1589.15
3570,ORD2012,19-07-2024,29-07-2024,Second Class,CUST2379,Jane Taylor,Home Office,USA,Toronto,P1003,Mouse,2,4716.69
3571,ORD1501,12-12-2023,13-12-2023,Second Class,CUST1266,John Taylor,Corporate,India,Pune,P1007,Router,6,4338.92
3572,ORD2256,18-08-2024,26-08-2024,Same Day,CUST1556,Anjali Miller,Home Office,India,Mumbai,P1001,Laptop,10,4994.22
3573,ORD1978,19-10-2024,25-10-2024,Same Day,CUST3174,Robert Sharma,Corporate,India,Bangalore,P1003,Mouse,7,2784.11
3574,ORD1801,24-07-2024,27-07-2024,First Class,CUST1171,Priya Davis,Corporate,USA,Mumbai,P1002,Keyboard,9,3445.22
3575,ORD1928,26-03-2023,31-03-2023,Standard Class,CUST1798,Rahul Smith,Home Office,USA,Mumbai,P1004,Monitor,1,1739.38
3576,ORD2361,05-02-2024,08-02-2024,Standard Class,CUST2975,John Brown,Home Office,UK,Berlin,P1007,Router,5,2592.65
3577,ORD1668,30-10-2024,07-11-2024,Standard Class,CUST1946,Michael Gupta,Consumer,Germany,Pune,P1003,Mouse,6,4699.46
3578,ORD1312,02-09-2024,06-09-2024,Second Class,CUST3354,Priya Brown,Corporate,UK,Mumbai,P1003,Mouse,2,1518.74
3579,ORD2373,23-05-2025,27-05-2025,Same Day,CUST2506,David Davis,Home Office,India,Toronto,P1005,Headphones,5,1836.99
3580,ORD1549,10-04-2024,19-04-2024,Standard Class,CUST2947,Daniel Miller,Consumer,UK,Toronto,P1001,Laptop,4,2028.93
3581,ORD2226,05-05-2025,14-05-2025,Same Day,CUST2435,Emily Patel,Home Office,India,New York,P1004,Monitor,6,2743.57
3582,ORD2105,19-05-2024,25-05-2024,Standard Class,CUST3047,Anjali Gupta,Consumer,Germany,Mumbai,P1001,Laptop,4,622.07
3583,ORD1296,08-04-2023,10-04-2023,First Class,CUST3406,Anjali Taylor,Consumer,UK,Bangalore,P1004,Monitor,4,1220.56
3584,ORD1767,20-11-2024,27-11-2024,First Class,CUST1075,Jane Smith,Consumer,UK,Toronto,P1007,Router,1,498.64
3585,ORD2265,24-11-2024,28-11-2024,First Class,CUST1760,John Sharma,Consumer,USA,Toronto,P1004,Monitor,1,3448.55
3586,ORD1424,21-03-2023,28-03-2023,Second Class,CUST2582,Robert Davis,Consumer,India,Toronto,P1005,Headphones,2,1499.53
3587,ORD2125,09-06-2023,13-06-2023,Standard Class,CUST1261,Priya Johnson,Home Office,Canada,Pune,P1002,Keyboard,10,3980.05
3588,ORD1604,21-11-2023,29-11-2023,Standard Class,CUST2369,Chris Johnson,Home Office,Germany,London,P1005,Headphones,1,2792.69
3589,ORD2224,27-12-2024,28-12-2024,First Class,CUST2691,Chris Gupta,Consumer,UK,Delhi,P1001,Laptop,7,4988.84
3590,ORD1747,04-09-2024,10-09-2024,Same Day,CUST2770,Sarah Patel,Consumer,UK,Pune,P1002,Keyboard,4,3278.19
3591,ORD1057,03-06-2023,01-01-2022,Same Day,CUST1400,John Sharma,Corporate,UK,Toronto,P1007,Router,1,884.23
3592,ORD2190,21-06-2023,25-06-2023,Same Day,CUST2803,Priya Wilson,Consumer,UK,Mumbai,P1006,Printer,6,2380.55
3593,ORD2020,12-12-2023,16-12-2023,Second Class,CUST3031,Daniel Miller,Home Office,Canada,London,P1003,Mouse,3,1999.14
3594,ORD1249,20-11-2023,29-11-2023,Standard Class,CUST2642,Daniel Taylor,Consumer,India,Berlin,P1008,SSD,2,1620.38
3595,ORD1232,06-04-2023,08-04-2023,Second Class,CUST2077,Jane Brown,Corporate,Germany,New York,P1005,Headphones,6,4439.84
3596,ORD1852,26-03-2024,30-03-2024,Second Class,CUST2817,Jane Gupta,Home Office,UK,Pune,P1002,Keyboard,10,4462.21
3597,ORD1001,29-11-2024,06-12-2024,First Class,CUST2270,Olivia Patel,Home Office,India,London,P1007,Router,8,3714.37
3598,ORD1010,16-07-2023,21-07-2023,Standard Class,CUST1371,Olivia Gupta,Corporate,India,Berlin,P1001,Laptop,1,1965.41
3599,ORD1422,27-10-2024,28-10-2024,Standard Class,CUST1514,Priya Davis,Home Office,USA,Pune,P1002,Keyboard,9,3175.75
3600,ORD2331,31-03-2023,08-04-2023,Standard Class,CUST2001,Emily Gupta,Home Office,Canada,London,P1003,Mouse,7,1334.66
3601,ORD1062,07-03-2023,17-03-2023,First Class,CUST2190,Daniel Brown,Corporate,India,Berlin,P1002,Keyboard,9,4108.53
3602,ORD1304,22-05-2025,01-01-2022,Standard Class,CUST2725,Daniel Wilson,Consumer,UK,Delhi,P1002,Keyboard,5,4803.95
3603,ORD2448,12-05-2025,14-05-2025,First Class,CUST2937,Emily Wilson,Home Office,Canada,Toronto,P1002,Keyboard,3,1410.02
3604,ORD2081,30-05-2023,02-06-2023,Standard Class,CUST2742,Olivia Wilson,Consumer,India,Pune,P1004,Monitor,7,4606.8
3605,ORD1535,14-02-2024,15-02-2024,First Class,CUST1400,Sneha Patel,Home Office,UnknownCountry,Bangalore,P1004,Monitor,5,4600.78
5,ORD1865,05-02-2024,11-02-2024,Standard Class,CUST3028,David Sharma,Corporate,UK,Bangalore,P1003,Mouse,4,537.82
3607,ORD1887,09-02-2025,14-02-2025,Standard Class,CUST2761,John Patel,Home Office,UK,Pune,P1006,Printer,2,3470.6
3608,ORD1436,02-05-2024,04-05-2024,First Class,CUST2741,Anjali Davis,Home Office,India,Mumbai,P1004,Monitor,8,2739.44
3609,ORD2400,16-02-2023,24-02-2023,First Class,CUST2854,Anjali Sharma,Consumer,India,Bangalore,P1007,Router,1,1407.73
3610,ORD2424,20-11-2024,26-11-2024,First Class,CUST3000,David Gupta,Consumer,USA,New York,P1005,Headphones,4,1887.04
3611,ORD2340,29-04-2025,09-05-2025,Second Class,CUST2769,Chris Miller,Corporate,India,Pune,P1008,SSD,7,2534.72
3612,ORD1737,09-06-2023,15-06-2023,Standard Class,CUST2981,Chris Patel,Consumer,UK,Mumbai,P1004,Monitor,10,1110.62
3613,ORD1037,26-03-2023,28-03-2023,Invalid Mode,CUST3281,Rahul Gupta,Corporate,India,London,P1006,Printer,3,2845.06
3614,ORD1670,11-01-2025,17-01-2025,First Class,CUST2978,Olivia Miller,Consumer,Germany,Pune,P1001,Laptop,9,1371.16
3615,ORD2494,06-06-2023,13-06-2023,Standard Class,CUST2624,Sarah Miller,Home Office,USA,New York,P1007,Router,2,2158.8
3616,ORD2301,08-04-2023,10-04-2023,First Class,CUST1144,Chris Sharma,Consumer,Canada,Mumbai,P1006,Printer,9,4886.52
3617,ORD2343,25-02-2023,04-03-2023,Standard Class,CUST1502,Michael Johnson,Corporate,Germany,London,P1004,Monitor,10,740.74
3618,ORD2135,02-06-2023,05-06-2023,Second Class,CUST1333,Michael Patel,Corporate,Canada,Berlin,P1004,Monitor,3,1763.77
3619,ORD2413,26-12-2024,30-12-2024,Same Day,CUST1504,Robert Brown,Home Office,Canada,Pune,P1006,Printer,5,505.05
3620,ORD1571,21-03-2025,24-03-2025,Same Day,CUST1772,Michael Davis,Corporate,UnknownCountry,Bangalore,P1008,SSD,8,4321.44
3621,ORD1368,14-03-2025,16-03-2025,Second Class,CUST1048,Rahul Wilson,Consumer,India,Berlin,P1005,Headphones,10,1230.38
3622,ORD1985,31-12-2099,27-09-2023,Invalid Mode,CUST1268,Rahul Miller,Corporate,USA,London,P1006,Printer,1,4888.8
3623,ORD2356,04-12-2023,14-12-2023,First Class,CUST1926,Daniel Smith,Home Office,UK,London,P1003,Mouse,9,2483.9
3624,ORD2244,30-03-2025,09-04-2025,Same Day,CUST2209,Sneha Brown,Corporate,USA,Berlin,P1004,Monitor,10,1773.77
3625,ORD1305,16-08-2023,25-08-2023,Same Day,CUST1292,Michael Miller,Consumer,India,Bangalore,P1002,Keyboard,6,563.16
3626,ORD2351,13-10-2024,15-10-2024,Second Class,CUST1207,Jane Smith,Corporate,UK,Bangalore,P1004,Monitor,6,4730.42
3627,ORD2385,15-02-2023,18-02-2023,Same Day,CUST3362,David Taylor,Corporate,India,Delhi,P1005,Headphones,4,740.2
3628,ORD2493,10-05-2023,13-05-2023,Second Class,CUST1136,Amit Gupta,Consumer,Germany,London,P1004,Monitor,8,343.21
3629,ORD2473,12-08-2024,17-08-2024,Standard Class,CUST2018,Priya Smith,Home Office,UK,Berlin,P1004,Monitor,9,1065.25
3630,ORD2265,23-06-2023,25-06-2023,Standard Class,CUST2737,Daniel Taylor,Consumer,USA,Toronto,P1004,Monitor,1,2603.53
3631,ORD2264,09-04-2025,19-04-2025,Same Day,CUST1276,Emily Johnson,Home Office,USA,Pune,P1004,Monitor,8,4220.13
3632,ORD1617,04-10-2023,14-10-2023,Standard Class,CUST1808,Priya Wilson,Home Office,Canada,Bangalore,P1004,Monitor,9,660.34
3633,ORD1457,23-03-2025,27-03-2025,Standard Class,CUST2024,,Corporate,USA,New York,P1008,SSD,6,1600.14
3634,ORD1063,26-03-2024,03-04-2024,Standard Class,CUST2314,Olivia Davis,Corporate,UK,Delhi,P1001,Laptop,4,4590.24
3635,ORD2130,10-01-2025,12-01-2025,Standard Class,CUST3274,,Home Office,USA,London,P1002,Keyboard,1,4039.56
3636,ORD1279,16-01-2025,25-01-2025,Same Day,CUST2971,Rahul Taylor,Consumer,UK,Berlin,P1005,Headphones,6,1134.95
3637,ORD1143,16-01-2024,23-01-2024,Standard Class,CUST2315,Olivia Davis,Consumer,India,Berlin,P1005,Headphones,1,1937.56
3638,ORD1852,28-11-2024,06-12-2024,Same Day,CUST1873,Chris Davis,Consumer,India,Pune,P1001,Laptop,7,3499.96
3639,ORD1213,27-08-2024,02-09-2024,Second Class,CUST1104,Rahul Davis,Corporate,USA,Pune,P1006,Printer,4,-100
3640,ORD1116,24-08-2023,01-09-2023,Standard Class,CUST2910,John Davis,Corporate,Germany,Bangalore,P1008,SSD,1,2100.13
3641,ORD2102,17-08-2024,20-08-2024,Standard Class,CUST2174,Olivia Patel,Home Office,USA,Mumbai,P1001,Laptop,8,762.21
3642,ORD1197,05-02-2024,08-02-2024,Same Day,CUST2222,,Corporate,Germany,New York,P1005,Headphones,8,1256.98
3643,ORD1737,19-06-2025,25-06-2025,Same Day,CUST2345,Daniel Brown,Home Office,UnknownCountry,Mumbai,P1001,Laptop,6,3596.7
3644,ORD1448,29-01-2024,06-02-2024,Second Class,CUST1099,Daniel Gupta,Consumer,India,London,P1002,Keyboard,8,2766.23
3645,ORD2354,11-09-2024,12-09-2024,First Class,CUST2314,John Taylor,Consumer,Germany,Toronto,P1004,Monitor,9,4305.51
3646,ORD1538,12-10-2023,18-10-2023,First Class,CUST2829,Anjali Taylor,Consumer,Canada,New York,P1007,Router,5,4980.46
3647,ORD1068,19-11-2023,24-11-2023,First Class,CUST1347,Olivia Patel,Home Office,UK,Toronto,P1001,Laptop,8,-100
3648,ORD1574,10-01-2023,20-01-2023,Standard Class,CUST1479,Anjali Sharma,Home Office,Canada,London,P1003,Mouse,10,3694.79
3649,ORD2391,06-09-2023,07-09-2023,Standard Class,CUST1917,Olivia Wilson,Home Office,India,New York,P1001,Laptop,1,1778.12
3650,ORD2288,05-07-2024,06-07-2024,Same Day,CUST1078,Rahul Johnson,Corporate,UK,Toronto,P1007,Router,6,1581.18
3651,ORD1527,06-01-2023,07-01-2023,Standard Class,CUST2203,John Smith,Corporate,Canada,New York,P1001,Laptop,6,1297
3652,ORD1946,30-01-2024,08-02-2024,First Class,CUST3193,Chris Gupta,Corporate,USA,London,P1004,Monitor,7,143.69
3653,ORD2129,17-08-2024,27-08-2024,First Class,CUST2623,Robert Brown,Corporate,Canada,Toronto,P1003,Mouse,1,461.62
3654,ORD1394,27-06-2024,28-06-2024,First Class,CUST1324,Jane Taylor,Consumer,USA,Pune,P1008,SSD,7,1796.87
3655,ORD2395,04-11-2024,10-11-2024,Standard Class,CUST2507,Rahul Patel,Home Office,India,New York,P1001,Laptop,4,588.8
3656,ORD1044,25-03-2024,27-03-2024,First Class,CUST1291,Sneha Sharma,Home Office,UK,Berlin,P1008,SSD,8,4290.94
3657,ORD2478,08-11-2024,15-11-2024,Standard Class,CUST1163,Anjali Davis,Consumer,USA,Pune,P1004,Monitor,10,2319.9
3658,ORD1966,01-03-2023,04-03-2023,First Class,CUST2539,Jane Sharma,Home Office,UK,New York,P1006,Printer,5,1929.64
3659,ORD1858,17-10-2023,23-10-2023,First Class,CUST2262,Jane Taylor,Consumer,USA,Pune,P1003,Mouse,2,4288.07
3660,ORD1495,03-06-2025,11-06-2025,First Class,CUST2142,Chris Gupta,Home Office,Germany,Delhi,P1003,Mouse,10,2314.91
3661,ORD2468,29-11-2023,09-12-2023,First Class,CUST2226,Amit Miller,Corporate,India,Mumbai,P1002,Keyboard,10,3319.72
3662,ORD1787,14-12-2023,23-12-2023,Same Day,CUST1961,Olivia Miller,Consumer,UK,Berlin,P1005,Headphones,9,140.51
3663,ORD1976,08-02-2025,12-02-2025,Same Day,CUST2955,Robert Wilson,Home Office,Canada,Bangalore,P1008,SSD,8,2679.1
3664,ORD1658,12-09-2023,17-09-2023,First Class,CUST1456,Rahul Johnson,Home Office,Canada,Pune,P1003,Mouse,7,677.64
3665,ORD2102,08-08-2024,16-08-2024,Same Day,CUST2782,Chris Gupta,Corporate,Canada,Toronto,P1005,Headphones,1,3475.76
3666,ORD1167,25-08-2024,27-08-2024,First Class,CUST1670,Robert Wilson,Consumer,UK,Bangalore,P1004,Monitor,2,-100
3667,ORD2186,23-05-2024,24-05-2024,Same Day,CUST2832,Emily Miller,Consumer,India,London,P1006,Printer,7,3681.61
3668,ORD1435,26-03-2025,05-04-2025,Same Day,CUST1190,Sneha Wilson,Corporate,Canada,Berlin,P1007,Router,8,4587.68
14,ORD1227,06-10-2023,07-10-2023,Same Day,CUST2917,Olivia Smith,Consumer,UK,Mumbai,P1006,Printer,2,1831.88
3670,ORD1577,20-09-2023,30-09-2023,Standard Class,CUST3204,Emily Gupta,Corporate,USA,London,P1005,Headphones,7,4967.14
3671,ORD1443,17-05-2024,22-05-2024,First Class,CUST2462,Emily Patel,Home Office,Canada,Toronto,P1005,Headphones,7,1092.08
3672,ORD1692,07-12-2024,12-12-2024,Standard Class,CUST2367,,Corporate,USA,Mumbai,P1003,Mouse,8,844.72
3673,ORD1962,14-05-2023,23-05-2023,Same Day,CUST2593,Rahul Patel,Home Office,Germany,Berlin,P1003,Mouse,1,4736.45
3674,ORD2137,18-08-2024,23-08-2024,Same Day,CUST2651,John Davis,Corporate,Canada,Mumbai,P1003,Mouse,3,3900.45
3675,ORD1891,28-11-2024,03-12-2024,Second Class,CUST3457,Daniel Wilson,Consumer,UK,Mumbai,P1005,Headphones,1,4804.5
3676,ORD2235,30-04-2025,07-05-2025,Same Day,CUST2453,Sarah Gupta,Corporate,Canada,New York,P1002,Keyboard,3,1427.06
3677,ORD1217,06-03-2024,11-03-2024,Standard Class,CUST2595,Sarah Sharma,Home Office,UK,Mumbai,P1002,Keyboard,8,4023.95
3678,ORD1702,13-09-2024,16-09-2024,Standard Class,CUST1405,Robert Miller,Consumer,UK,Toronto,P1006,Printer,10,2408.34
3679,ORD1126,06-05-2024,16-05-2024,Second Class,CUST1219,Priya Smith,Consumer,Germany,Pune,P1003,Mouse,4,1118.01
3680,ORD1630,24-04-2025,04-05-2025,Second Class,CUST1854,Chris Gupta,Corporate,USA,Delhi,P1001,Laptop,7,2892.38
3681,ORD2466,29-06-2023,04-07-2023,Standard Class,CUST3261,John Johnson,Home Office,Canada,London,P1005,Headphones,10,3085.2
3682,ORD1241,22-10-2024,25-10-2024,Same Day,CUST2076,John Davis,Consumer,India,Delhi,P1005,Headphones,9,2337.63
3683,ORD2227,07-04-2023,12-04-2023,First Class,CUST3417,Emily Johnson,Consumer,USA,Mumbai,P1007,Router,4,4140.68
3684,ORD2152,13-04-2025,14-04-2025,Same Day,CUST2770,Sneha Sharma,Home Office,Germany,New York,P1006,Printer,3,1123.37
3685,ORD1594,26-04-2025,30-04-2025,Same Day,CUST2463,Olivia Wilson,Consumer,Germany,New York,P1004,Monitor,7,1249.57
3686,ORD2473,05-05-2024,09-05-2024,First Class,CUST1219,Anjali Davis,Consumer,USA,Berlin,P1005,Headphones,8,3962.19
3687,ORD2400,22-03-2025,24-03-2025,Second Class,CUST1305,Robert Brown,Corporate,India,London,P1008,SSD,6,1029.45
3688,ORD1869,30-03-2024,09-04-2024,First Class,CUST2250,Sneha Taylor,Consumer,Canada,Delhi,P1003,Mouse,7,4773.14
3689,ORD2471,17-04-2024,25-04-2024,First Class,CUST3435,Jane Brown,Home Office,Canada,Berlin,P1004,Monitor,3,2556.81
3690,ORD1983,21-09-2023,29-09-2023,Standard Class,CUST1213,David Smith,Corporate,Canada,Delhi,P1007,Router,10,1916.91
3691,ORD2270,24-03-2025,31-03-2025,Second Class,CUST2153,Jane Patel,Corporate,USA,Pune,P1006,Printer,9,298.47
3692,ORD1037,20-10-2023,21-10-2023,Standard Class,CUST1032,Priya Johnson,Home Office,India,Delhi,P1005,Headphones,10,3889.18
3693,ORD1573,13-09-2023,17-09-2023,Standard Class,CUST1737,Robert Patel,Corporate,Germany,Pune,P1008,SSD,5,3120.6
3694,ORD1454,30-03-2025,05-04-2025,Standard Class,CUST1323,Rahul Davis,Corporate,USA,Pune,P1006,Printer,2,200.23
3695,ORD1233,06-01-2025,12-01-2025,First Class,CUST2620,Priya Davis,Consumer,USA,Berlin,P1005,Headphones,1,3487.31
3696,ORD2482,15-12-2024,17-12-2024,First Class,CUST3323,Sarah Johnson,Corporate,UK,Toronto,P1008,SSD,1,4019.45
3697,ORD1477,07-01-2023,10-01-2023,Same Day,CUST1872,Priya Davis,Consumer,Germany,Berlin,P1002,Keyboard,1,462.97
3698,ORD1011,11-04-2023,16-04-2023,Same Day,CUST1640,Jane Taylor,Home Office,USA,Delhi,P1003,Mouse,5,126.97
3699,ORD1000,01-03-2024,03-03-2024,Invalid Mode,CUST2370,David Miller,Corporate,UnknownCountry,Mumbai,P1004,Monitor,3,4581.97
3700,ORD1641,25-05-2025,27-05-2025,Second Class,CUST2398,Amit Smith,Corporate,Canada,Pune,P1005,Headphones,2,4158.75
3701,ORD2456,31-12-2099,24-05-2025,First Class,CUST2388,John Johnson,Corporate,USA,Pune,P1001,Laptop,2,2882.26
3702,ORD1671,17-09-2024,24-09-2024,Second Class,CUST2973,Robert Miller,Consumer,UK,Berlin,P1001,Laptop,8,3054.41
3703,ORD1854,20-02-2023,26-02-2023,First Class,CUST2540,Michael Patel,Corporate,UK,Mumbai,P1005,Headphones,5,887.25
3704,ORD1634,15-02-2024,20-02-2024,Same Day,CUST3419,Olivia Wilson,Home Office,Germany,Toronto,P1001,Laptop,2,-100
3705,ORD2007,12-12-2023,17-12-2023,Second Class,CUST3042,Chris Gupta,Consumer,India,New York,P1002,Keyboard,9,2812.47
3706,ORD1198,27-01-2024,28-01-2024,Standard Class,CUST1309,Rahul Gupta,Home Office,UK,London,P1006,Printer,8,258.09
3707,ORD1348,16-02-2024,24-02-2024,First Class,CUST1191,David Wilson,Home Office,UK,Pune,P1007,Router,5,4535.38
3708,ORD1571,03-02-2025,06-02-2025,Second Class,CUST2656,Priya Smith,Home Office,Germany,Mumbai,P1005,Headphones,6,4247.84
3709,ORD1132,03-12-2023,05-12-2023,Same Day,CUST3096,Sneha Sharma,Consumer,Canada,New York,P1004,Monitor,10,4739.46
3710,ORD1909,14-02-2023,19-02-2023,First Class,CUST1257,Robert Miller,Home Office,Germany,Pune,P1003,Mouse,5,791.84
3711,ORD1011,31-03-2024,07-04-2024,Invalid Mode,CUST1043,John Sharma,Home Office,India,New York,P1002,Keyboard,4,2158.38
3712,ORD2181,28-04-2024,01-05-2024,Same Day,CUST2603,Robert Johnson,Home Office,India,London,P1004,Monitor,5,651.42
3713,ORD1940,13-03-2025,15-03-2025,Standard Class,CUST1119,Chris Gupta,Corporate,India,Pune,P1006,Printer,8,1771.92
3714,ORD1227,28-12-2024,06-01-2025,Standard Class,CUST2838,Olivia Gupta,Home Office,UK,Delhi,P1001,Laptop,9,1455.54
3715,ORD1753,07-01-2024,15-01-2024,Standard Class,CUST3168,Sneha Sharma,Corporate,Canada,Mumbai,P1007,Router,7,2167.95
3716,ORD1268,05-12-2024,07-12-2024,Second Class,CUST3266,Chris Davis,Corporate,Germany,Pune,P1003,Mouse,5,1066.24
3717,ORD2300,29-08-2024,01-09-2024,First Class,CUST1648,Priya Brown,Home Office,UK,Berlin,P1002,Keyboard,9,1149.14
3718,ORD1865,28-04-2025,06-05-2025,Standard Class,CUST3145,Sneha Miller,Consumer,USA,Mumbai,P1005,Headphones,6,2985.39
3719,ORD1548,07-04-2025,12-04-2025,Same Day,CUST3420,Anjali Taylor,Home Office,India,Pune,P1008,SSD,3,3372.31
3720,ORD1338,17-12-2023,24-12-2023,Standard Class,CUST3179,Sarah Sharma,Consumer,India,Mumbai,P1003,Mouse,3,1820.5
3721,ORD2347,09-02-2023,11-02-2023,Second Class,CUST1193,Anjali Sharma,Home Office,USA,Berlin,P1007,Router,1,1171.1
3722,ORD1761,12-12-2023,22-12-2023,Standard Class,CUST2302,Jane Sharma,Corporate,Canada,Pune,P1006,Printer,7,3541.15
3723,ORD1310,09-08-2024,16-08-2024,Same Day,CUST1789,Robert Smith,Consumer,UK,Bangalore,P1006,Printer,7,2591.49
3724,ORD1385,28-05-2023,29-05-2023,Second Class,CUST2336,Daniel Wilson,Corporate,India,Mumbai,P1003,Mouse,7,3091.5
3725,ORD1037,19-09-2024,27-09-2024,Second Class,CUST3289,,Home Office,USA,New York,P1008,SSD,2,3785.61
18,ORD1104,17-10-2024,18-10-2024,Same Day,CUST2321,Amit Wilson,Home Office,UK,Bangalore,P1007,Router,10,1195.62
3727,ORD1055,13-02-2025,14-02-2025,Same Day,CUST1253,Sarah Patel,Home Office,Canada,Mumbai,P1005,Headphones,9,3065.64
3728,ORD2287,23-05-2024,24-05-2024,First Class,CUST3315,Daniel Davis,Corporate,UK,Mumbai,P1007,Router,5,1449.13
3729,ORD2250,22-02-2023,28-02-2023,Standard Class,CUST2076,Priya Smith,Consumer,Canada,Mumbai,P1004,Monitor,3,4251.37
3730,ORD1871,27-09-2023,03-10-2023,Second Class,CUST1017,Sneha Smith,Corporate,India,Pune,P1002,Keyboard,10,2749.82
3731,ORD1671,17-05-2024,23-05-2024,Same Day,CUST1859,,Home Office,India,New York,P1005,Headphones,3,2449.34
3732,ORD1049,27-01-2024,30-01-2024,First Class,CUST1010,Priya Brown,Corporate,UK,Bangalore,P1003,Mouse,3,115.08
3733,ORD2420,24-05-2023,02-06-2023,Standard Class,CUST2309,Daniel Patel,Consumer,India,Bangalore,P1006,Printer,6,827.16
3734,ORD1958,24-03-2023,26-03-2023,Same Day,CUST2415,John Patel,Consumer,USA,Pune,P1008,SSD,9,3193.76
3735,ORD1179,09-06-2024,10-06-2024,Standard Class,CUST2185,Jane Brown,Consumer,India,Berlin,P1006,Printer,5,3178.15
3736,ORD1085,09-10-2023,15-10-2023,First Class,CUST2752,Rahul Miller,Consumer,USA,Delhi,P1002,Keyboard,8,2065.47
3737,ORD2279,29-05-2023,05-06-2023,Same Day,CUST1926,Amit Gupta,Home Office,USA,Mumbai,P1005,Headphones,10,4681.58
3738,ORD2381,14-01-2024,17-01-2024,Standard Class,CUST2537,John Patel,Corporate,USA,Toronto,,Monitor,1,2222.74
3739,ORD1304,05-11-2023,01-01-2022,Same Day,CUST1840,Rahul Wilson,Home Office,India,Delhi,P1004,Monitor,6,2699.25
3740,ORD1142,04-08-2024,08-08-2024,Same Day,CUST3369,David Davis,Corporate,UK,Bangalore,P1007,Router,7,1782.22
3741,ORD2419,19-07-2023,21-07-2023,First Class,CUST3441,Chris Wilson,Corporate,Canada,Pune,P1005,Headphones,6,207.05
3742,ORD2112,20-08-2024,26-08-2024,First Class,CUST2562,Anjali Davis,Home Office,India,Berlin,P1002,Keyboard,10,2775.43
3743,ORD1980,17-06-2025,24-06-2025,Second Class,CUST1189,Michael Davis,Consumer,UK,Delhi,P1004,Monitor,4,1241.35
3744,ORD1454,09-12-2024,18-12-2024,Standard Class,CUST3334,Robert Smith,Consumer,UK,Mumbai,P1004,Monitor,10,3645.1
3745,ORD2349,07-06-2023,15-06-2023,First Class,CUST1023,John Wilson,Consumer,Germany,Toronto,P1001,Laptop,7,2172.27
3746,ORD1620,23-04-2024,24-04-2024,Invalid Mode,CUST2592,John Brown,Corporate,UK,Berlin,P1008,SSD,9,3049.58
3747,ORD1873,27-07-2023,03-08-2023,First Class,CUST1840,Priya Davis,Home Office,India,Delhi,P1001,Laptop,4,990.04
3748,ORD1088,31-07-2024,08-08-2024,Standard Class,CUST3493,Chris Miller,Home Office,USA,New York,P1001,Laptop,8,2524.93
3749,ORD2292,04-12-2024,01-01-2022,Standard Class,CUST3144,Anjali Sharma,Consumer,India,Mumbai,P1006,Printer,10,2559.69
3750,ORD2280,16-06-2025,23-06-2025,Same Day,CUST2885,Amit Brown,Home Office,India,Toronto,P1004,Monitor,9,4739.8
3751,ORD1793,12-01-2023,13-01-2023,Same Day,CUST3065,Sneha Taylor,Consumer,USA,Berlin,P1007,Router,10,282.4
3752,ORD2488,05-06-2025,08-06-2025,Second Class,CUST3229,Sneha Wilson,Corporate,UK,Mumbai,P1006,Printer,7,2752.36
3753,ORD1153,24-11-2024,02-12-2024,Second Class,CUST2169,Jane Miller,Home Office,Canada,Berlin,P1003,Mouse,1,1123.87
3754,ORD1084,24-07-2024,25-07-2024,First Class,CUST3288,Anjali Smith,Home Office,Germany,London,P1004,Monitor,5,1324.19
3755,ORD2086,11-04-2024,20-04-2024,First Class,CUST3187,Sarah Davis,Corporate,Canada,London,P1001,Laptop,9,1916.88
3756,ORD2417,13-04-2024,16-04-2024,Standard Class,CUST1748,Jane Davis,Consumer,Germany,Mumbai,P1007,Router,7,3531
3757,ORD2489,29-02-2024,05-03-2024,First Class,CUST3481,Olivia Miller,Corporate,UK,Bangalore,P1001,Laptop,1,2679.46
3758,ORD2484,23-07-2024,24-07-2024,Same Day,CUST3146,Michael Patel,Home Office,USA,Berlin,P1004,Monitor,2,-100
3759,ORD2077,24-06-2024,02-07-2024,First Class,CUST1328,Emily Patel,Corporate,Germany,Pune,P1001,Laptop,4,3177.11
3760,ORD1900,25-07-2023,27-07-2023,Second Class,CUST1489,Daniel Gupta,Home Office,UK,Toronto,P1005,Headphones,3,1387
3761,ORD2216,08-09-2024,13-09-2024,Invalid Mode,CUST1804,Daniel Johnson,Corporate,Germany,Delhi,P1005,Headphones,8,1168.86
3762,ORD1079,27-12-2023,06-01-2024,Same Day,CUST2780,Michael Smith,Home Office,UK,Mumbai,P1008,SSD,8,2628.23
3763,ORD2464,15-02-2024,20-02-2024,Standard Class,CUST2360,Priya Gupta,Corporate,Canada,Toronto,P1001,Laptop,3,628.38
3764,ORD2258,15-12-2024,23-12-2024,Same Day,CUST2404,Sneha Brown,Corporate,UK,New York,P1006,Printer,3,1352.16
3765,ORD2151,18-03-2025,25-03-2025,Same Day,CUST1714,Rahul Brown,Home Office,Germany,Mumbai,P1007,Router,8,851.99
3766,ORD2471,06-03-2024,14-03-2024,Standard Class,CUST2775,Sneha Smith,Consumer,UK,New York,P1005,Headphones,2,1176.94
3767,ORD1335,24-03-2024,28-03-2024,Second Class,CUST1969,Rahul Brown,Consumer,Germany,Toronto,P1007,Router,3,817.92
3768,ORD2324,16-09-2023,23-09-2023,Second Class,CUST3306,Robert Sharma,Consumer,India,Bangalore,P1007,Router,6,2037.15
3769,ORD2018,03-10-2023,12-10-2023,First Class,CUST1822,Priya Johnson,Home Office,UK,Delhi,P1001,Laptop,7,771.01
3770,ORD1474,03-10-2024,09-10-2024,Same Day,CUST1128,John Johnson,Consumer,Canada,Toronto,P1001,Laptop,5,4283.99
3771,ORD2303,27-04-2025,28-04-2025,Standard Class,CUST2166,Rahul Smith,Home Office,India,Mumbai,P1007,Router,1,3006.59
3772,ORD1880,06-02-2024,12-02-2024,First Class,CUST2391,David Davis,Consumer,India,Pune,P1006,Printer,8,4431.17
3773,ORD1550,24-05-2025,31-05-2025,Same Day,CUST2221,Daniel Brown,Consumer,UK,Delhi,P1003,Mouse,3,1732.38
3774,ORD2381,17-07-2024,27-07-2024,Second Class,CUST1231,Priya Davis,Consumer,India,Toronto,P1008,SSD,7,1898.91
3775,ORD1818,06-08-2024,08-08-2024,Same Day,CUST1242,Sneha Taylor,Home Office,Canada,Pune,P1001,Laptop,2,4078.13
3776,ORD1190,07-08-2023,12-08-2023,Second Class,CUST2464,John Smith,Corporate,UK,Delhi,P1001,Laptop,3,4894.79
3777,ORD1861,18-03-2025,23-03-2025,First Class,CUST3356,Sneha Wilson,Home Office,Canada,London,P1004,Monitor,3,4592.19
3778,ORD2379,03-12-2024,09-12-2024,First Class,CUST1788,David Gupta,Corporate,UK,Pune,P1001,Laptop,2,4980.04
3779,ORD1030,10-06-2023,19-06-2023,First Class,CUST1787,Anjali Taylor,Home Office,Canada,London,P1006,Printer,6,3017.55
3780,ORD2148,20-05-2024,26-05-2024,Standard Class,CUST2066,Anjali Johnson,Home Office,UK,London,P1003,Mouse,3,4813.19
3781,ORD2084,25-01-2025,28-01-2025,Standard Class,CUST1405,Robert Wilson,Home Office,USA,Mumbai,P1004,Monitor,4,3154.53
3782,ORD1274,09-09-2024,17-09-2024,First Class,CUST2207,Sneha Wilson,Consumer,USA,Delhi,P1008,SSD,10,3526.01
3783,ORD1706,26-11-2024,04-12-2024,Same Day,CUST2156,Olivia Smith,Corporate,Canada,Berlin,P1007,Router,3,1346.05
3784,ORD2303,21-02-2025,28-02-2025,Invalid Mode,CUST1615,Chris Taylor,Consumer,UK,Pune,P1005,Headphones,10,3985.68
3785,ORD1839,06-04-2024,08-04-2024,Standard Class,CUST3443,Rahul Gupta,Home Office,UK,New York,P1001,Laptop,3,3087.36
3786,ORD1338,15-08-2024,25-08-2024,Standard Class,CUST2553,Sneha Wilson,Consumer,India,Delhi,P1004,Monitor,9,676.9
3787,ORD1728,02-06-2024,08-06-2024,Standard Class,CUST1737,David Taylor,Home Office,India,Mumbai,P1008,SSD,6,3234.11
17,ORD1961,31-07-2024,10-08-2024,First Class,CUST3165,Anjali Wilson,Consumer,UK,London,P1002,Keyboard,7,1783.88
3789,ORD1239,28-10-2024,31-10-2024,First Class,CUST1837,Olivia Wilson,Corporate,India,Berlin,P1004,Monitor,1,2594.86
3790,ORD1041,29-02-2024,04-03-2024,Second Class,CUST3420,Emily Miller,Home Office,UK,Bangalore,P1002,Keyboard,6,4668.14
3791,ORD2105,06-02-2025,11-02-2025,Standard Class,CUST2935,Sarah Johnson,Consumer,Germany,Delhi,P1006,Printer,2,3204.02
3792,ORD1146,06-07-2023,13-07-2023,Second Class,CUST1387,Sneha Taylor,Consumer,UK,New York,P1005,Headphones,5,3852.43
3793,ORD2133,01-06-2024,11-06-2024,Same Day,CUST2866,John Gupta,Consumer,UK,Mumbai,P1004,Monitor,8,174.43
3794,ORD1759,22-10-2024,23-10-2024,Second Class,CUST2576,Sneha Davis,Consumer,Canada,Toronto,P1007,Router,3,4661.79
3795,ORD2461,03-11-2024,07-11-2024,Same Day,CUST2370,Priya Brown,Consumer,Canada,Mumbai,P1003,Mouse,5,3706.62
3796,ORD1082,07-05-2024,16-05-2024,Invalid Mode,CUST3475,Olivia Taylor,Corporate,Canada,London,P1004,Monitor,3,3516.83
3797,ORD2334,15-07-2023,25-07-2023,Second Class,CUST2592,Rahul Johnson,Home Office,UK,London,P1007,Router,5,1375.14
3798,ORD2390,05-04-2025,15-04-2025,First Class,CUST2852,Anjali Miller,Consumer,Germany,Delhi,P1004,Monitor,7,4052.44
3799,ORD2238,19-01-2023,21-01-2023,First Class,CUST1428,Emily Miller,Home Office,Germany,London,P1007,Router,3,2434.28
3800,ORD1581,02-04-2024,11-04-2024,Standard Class,CUST2479,Sneha Patel,Home Office,USA,Bangalore,P1008,SSD,4,399.85
3801,ORD2326,01-04-2024,11-04-2024,Standard Class,CUST1873,Sneha Wilson,Corporate,UK,Toronto,P1004,Monitor,2,3100.49
3802,ORD1866,06-02-2025,08-02-2025,Same Day,CUST2477,Sneha Smith,Consumer,India,Mumbai,P1008,SSD,1,3940.18
3803,ORD1351,25-05-2024,03-06-2024,First Class,CUST3306,Emily Taylor,Home Office,Canada,Mumbai,P1007,Router,1,1787.62
3804,ORD2303,09-05-2023,15-05-2023,Standard Class,CUST2727,Sarah Johnson,Home Office,India,London,P1004,Monitor,4,4441.26
3805,ORD1784,04-09-2024,08-09-2024,Same Day,CUST3357,Olivia Brown,Home Office,Canada,New York,P1003,Mouse,7,3884.8
3806,ORD1366,09-02-2024,18-02-2024,First Class,CUST1796,Jane Johnson,Home Office,UK,Delhi,P1008,SSD,5,3810.28
3807,ORD1422,05-07-2024,13-07-2024,Standard Class,CUST2820,Emily Gupta,Home Office,USA,Pune,P1003,Mouse,5,4312.52
3808,ORD1613,15-09-2023,25-09-2023,Standard Class,CUST3431,Anjali Miller,Corporate,UK,London,P1005,Headphones,10,4857.43
3809,ORD2334,29-01-2024,01-02-2024,Second Class,CUST3264,David Smith,Home Office,USA,Berlin,P1005,Headphones,8,4709.2
3810,ORD1152,14-05-2025,20-05-2025,Second Class,CUST2695,Amit Patel,Consumer,Canada,Mumbai,P1008,SSD,6,3385.84
3811,ORD2109,09-06-2023,15-06-2023,Standard Class,CUST1125,,Home Office,Germany,Toronto,P1002,Keyboard,8,696.37
3812,ORD1038,03-05-2024,09-05-2024,First Class,CUST2137,Daniel Patel,Corporate,Canada,Pune,P1002,Keyboard,10,2070.5
3813,ORD1824,15-01-2025,23-01-2025,Standard Class,CUST1377,Anjali Patel,Consumer,UK,Bangalore,P1007,Router,5,4974.29
3814,ORD1166,02-01-2023,05-01-2023,First Class,CUST2401,,Home Office,UK,Berlin,P1007,Router,6,2125.3
3815,ORD2315,16-05-2025,23-05-2025,Same Day,CUST1788,Anjali Brown,Home Office,Canada,Berlin,P1006,Printer,5,463.77
3816,ORD1120,12-12-2023,01-01-2022,First Class,CUST1086,Chris Brown,Consumer,USA,Mumbai,P1007,Router,10,3927.93
3817,ORD1872,18-02-2025,21-02-2025,First Class,CUST2987,Sneha Smith,Corporate,India,Toronto,P1002,Keyboard,6,1140.49
3818,ORD1947,14-08-2023,15-08-2023,Second Class,CUST2213,Michael Taylor,Home Office,India,Berlin,P1006,Printer,9,397.99
3819,ORD1855,02-06-2023,12-06-2023,Standard Class,CUST3357,Chris Sharma,Consumer,UK,Mumbai,P1004,Monitor,8,602.19
3820,ORD1103,18-03-2024,25-03-2024,Same Day,CUST3473,John Davis,Corporate,Canada,Mumbai,P1002,Keyboard,6,2902.09
3821,ORD1551,02-05-2023,04-05-2023,Same Day,CUST2814,Rahul Sharma,Home Office,USA,Pune,P1008,SSD,10,2897.52
3822,ORD1583,27-02-2024,06-03-2024,Same Day,CUST1199,Amit Gupta,Corporate,Germany,Toronto,P1001,Laptop,2,4321.84
3823,ORD1306,11-09-2024,20-09-2024,Standard Class,CUST3101,Sneha Gupta,Home Office,Germany,New York,P1004,Monitor,8,2288.98
3824,ORD2153,06-07-2024,15-07-2024,First Class,CUST1887,Priya Patel,Home Office,Canada,Toronto,P1003,Mouse,9,3448.47
3825,ORD1362,02-04-2024,07-04-2024,Second Class,CUST1050,Daniel Smith,Home Office,Canada,Pune,P1003,Mouse,6,1323.85
3826,ORD1681,27-08-2024,02-09-2024,Standard Class,CUST1796,Daniel Davis,Corporate,Canada,Delhi,P1001,Laptop,2,374.9
3827,ORD1670,27-01-2024,04-02-2024,First Class,CUST1072,Amit Brown,Home Office,USA,New York,P1002,Keyboard,7,1577.5
3828,ORD2247,19-10-2024,21-10-2024,Same Day,CUST1326,Robert Patel,Consumer,Germany,New York,P1004,Monitor,3,3336.36
3829,ORD1443,07-11-2024,09-11-2024,Same Day,CUST1965,Priya Taylor,Consumer,USA,Pune,P1006,Printer,10,360.54
3830,ORD1217,08-06-2024,10-06-2024,Same Day,CUST3376,Chris Smith,Consumer,UK,Berlin,P1004,Monitor,10,288.39
3831,ORD1885,21-01-2025,26-01-2025,First Class,CUST1245,Chris Patel,Home Office,Germany,Pune,P1005,Headphones,6,536.29
3832,ORD1456,23-09-2024,28-09-2024,Same Day,CUST3292,Rahul Johnson,Home Office,India,Delhi,P1003,Mouse,7,3958.55
3833,ORD2095,02-09-2024,03-09-2024,Same Day,CUST1204,Sneha Sharma,Home Office,India,New York,P1001,Laptop,5,4307.67
3834,ORD1878,16-10-2024,23-10-2024,Standard Class,CUST1421,Priya Gupta,Home Office,USA,New York,P1007,Router,3,4853.23
3835,ORD1838,05-06-2025,13-06-2025,Standard Class,CUST2402,Anjali Taylor,Home Office,UK,Delhi,P1001,Laptop,5,4994.7
3836,ORD1023,19-09-2023,29-09-2023,Same Day,CUST3414,Anjali Patel,Home Office,Canada,Delhi,P1008,SSD,5,4992.4
3837,ORD1068,25-08-2023,26-08-2023,Standard Class,CUST2497,Jane Taylor,Corporate,India,Berlin,P1004,Monitor,6,2967.92
3838,ORD2246,21-03-2024,24-03-2024,First Class,CUST2244,Sneha Gupta,Corporate,UK,Pune,P1003,Mouse,10,1388.88
3839,ORD1709,03-06-2025,12-06-2025,Second Class,CUST2486,Jane Miller,Home Office,India,Pune,P1004,Monitor,1,724.61
3840,ORD1826,26-08-2023,30-08-2023,Second Class,CUST1593,Priya Gupta,Home Office,Canada,Mumbai,P1005,Headphones,9,1670.5
3841,ORD1626,20-05-2025,23-05-2025,Second Class,CUST1961,Rahul Patel,Home Office,UK,New York,P1007,Router,4,3485.92
3842,ORD1524,05-07-2024,08-07-2024,Second Class,CUST3140,Sneha Smith,Consumer,India,London,P1002,Keyboard,6,2412.58
3843,ORD2232,11-10-2023,13-10-2023,Standard Class,CUST1863,Rahul Taylor,Corporate,UK,Bangalore,P1006,Printer,3,4533.03
3844,ORD1419,26-04-2024,02-05-2024,Second Class,CUST3497,Priya Davis,Consumer,Canada,London,P1001,Laptop,3,4088.26
3845,ORD1306,28-11-2024,02-12-2024,First Class,CUST1961,David Brown,Consumer,USA,London,P1003,Mouse,8,3968.43
3846,ORD1885,30-11-2023,07-12-2023,Standard Class,CUST3010,Sarah Davis,Corporate,India,Mumbai,P1003,Mouse,7,3561.82
3847,ORD2414,30-11-2023,06-12-2023,First Class,CUST3123,Michael Miller,Corporate,India,Berlin,P1001,Laptop,9,838.22
3848,ORD1776,11-07-2023,17-07-2023,Same Day,CUST1736,Rahul Davis,Home Office,Canada,Mumbai,P1006,Printer,7,4389.42
3849,ORD1322,31-12-2099,13-10-2024,Second Class,CUST2558,John Taylor,Consumer,UK,London,P1008,SSD,9,708.25
3850,ORD2385,20-05-2023,27-05-2023,Second Class,CUST1338,Robert Gupta,Corporate,India,Pune,,Mouse,2,1881.96
3851,ORD1277,13-10-2024,21-10-2024,Second Class,CUST2231,Chris Johnson,Corporate,Canada,Berlin,P1001,Laptop,6,3797.74
3852,ORD2429,31-12-2099,20-07-2024,Second Class,CUST2997,Jane Davis,Corporate,Germany,Berlin,P1007,Router,1,2648.82
3853,ORD2413,19-05-2025,25-05-2025,Second Class,CUST3210,Olivia Miller,Home Office,India,Delhi,P1004,Monitor,3,3290.85
3854,ORD1456,05-11-2024,15-11-2024,First Class,CUST2855,Anjali Patel,Consumer,Canada,Toronto,P1007,Router,5,4041.86
3855,ORD1680,27-04-2023,30-04-2023,Same Day,CUST1633,Michael Brown,Consumer,Germany,Bangalore,P1006,Printer,5,3869.47
3856,ORD1525,23-11-2024,28-11-2024,Same Day,CUST1499,Sarah Taylor,Consumer,Canada,Pune,P1003,Mouse,9,3404.99
3857,ORD1770,15-02-2023,22-02-2023,First Class,CUST2392,Jane Smith,Corporate,Germany,Bangalore,P1004,Monitor,9,3616.19
3858,ORD2262,25-05-2023,27-05-2023,Second Class,CUST3384,Amit Sharma,Consumer,UK,Delhi,P1007,Router,8,2558.9
3859,ORD2435,22-05-2024,24-05-2024,Second Class,CUST2726,Sneha Davis,Home Office,India,London,P1001,Laptop,7,3012.56
3860,ORD2333,28-10-2024,04-11-2024,First Class,CUST1141,Sneha Miller,Corporate,Germany,New York,P1003,Mouse,2,743.85
3861,ORD1653,22-06-2023,01-07-2023,Same Day,CUST1127,Amit Johnson,Consumer,India,Berlin,P1001,Laptop,2,1447.6
3862,ORD1357,29-07-2023,05-08-2023,Second Class,CUST2695,Amit Smith,Home Office,UK,New York,P1001,Laptop,5,3921.16
3863,ORD1557,03-08-2023,11-08-2023,Standard Class,CUST1812,Michael Sharma,Home Office,Canada,Berlin,P1003,Mouse,7,1101.45
3864,ORD2144,11-03-2025,15-03-2025,Standard Class,CUST3065,John Wilson,Consumer,Germany,New York,P1002,Keyboard,4,280.95
3865,ORD2210,25-04-2024,05-05-2024,First Class,CUST2539,Amit Wilson,Consumer,India,Pune,P1008,SSD,9,3808.25
3866,ORD1067,09-03-2023,18-03-2023,First Class,CUST2895,Michael Miller,Consumer,USA,Pune,P1008,SSD,2,839.47
3867,ORD1791,01-01-2024,11-01-2024,First Class,CUST2587,John Davis,Consumer,USA,Bangalore,P1008,SSD,2,708.01
3868,ORD2002,24-06-2024,26-06-2024,Invalid Mode,CUST2263,Michael Davis,Consumer,Canada,London,P1008,SSD,9,2745
3869,ORD1188,12-06-2025,14-06-2025,Second Class,CUST1099,Robert Davis,Consumer,UK,Pune,P1006,Printer,7,1753.15
3870,ORD1928,21-06-2023,28-06-2023,Standard Class,CUST1039,Rahul Patel,Consumer,India,Mumbai,P1002,Keyboard,1,4869.19
3871,ORD1142,15-04-2024,25-04-2024,First Class,CUST1263,Sarah Sharma,Home Office,USA,Delhi,P1003,Mouse,4,2738.93
3872,ORD1036,18-03-2023,22-03-2023,Standard Class,CUST1723,John Miller,Home Office,Germany,Pune,P1008,SSD,10,1593.09
3873,ORD1153,05-06-2025,10-06-2025,Same Day,CUST1337,Daniel Davis,Corporate,India,Berlin,P1007,Router,8,756.99
3874,ORD2005,10-06-2023,11-06-2023,First Class,CUST1198,Anjali Miller,Home Office,India,Toronto,P1005,Headphones,4,3464.98
3875,ORD1718,23-08-2023,27-08-2023,First Class,CUST1111,Jane Sharma,Home Office,USA,Toronto,P1004,Monitor,3,1661.02
3876,ORD1139,06-02-2023,11-02-2023,Same Day,CUST1489,Priya Davis,Consumer,UK,Pune,P1005,Headphones,6,547.45
3877,ORD1453,04-11-2024,07-11-2024,Same Day,CUST2815,Sarah Smith,Home Office,USA,New York,P1001,Laptop,1,2414.91
3878,ORD1191,15-10-2024,19-10-2024,Same Day,CUST2699,Emily Davis,Consumer,Germany,Mumbai,P1006,Printer,4,3987.02
3879,ORD1461,07-11-2024,16-11-2024,Same Day,CUST2138,Sarah Davis,Home Office,India,London,P1006,Printer,9,146.19
3880,ORD1023,29-01-2023,07-02-2023,Standard Class,CUST2605,Michael Sharma,Corporate,UK,Mumbai,P1005,Headphones,2,3581.17
3881,ORD1881,15-06-2024,19-06-2024,First Class,CUST2602,Emily Smith,Consumer,USA,New York,P1002,Keyboard,6,4342.88
3882,ORD1738,07-06-2024,12-06-2024,First Class,CUST1660,John Johnson,Home Office,India,Mumbai,P1007,Router,3,1107.36
3883,ORD1004,08-04-2023,15-04-2023,Standard Class,CUST3457,Amit Taylor,Home Office,India,Toronto,P1006,Printer,1,4223.22
3884,ORD1229,22-05-2025,30-05-2025,Standard Class,CUST2869,Emily Johnson,Home Office,Germany,Delhi,P1006,Printer,7,4083.04
3885,ORD1945,29-04-2024,05-05-2024,First Class,CUST2643,Jane Sharma,Home Office,USA,Delhi,P1001,Laptop,9,3155.11
3886,ORD1581,20-07-2023,30-07-2023,First Class,CUST2740,Amit Taylor,Home Office,Canada,Delhi,P1007,Router,1,753.81
3887,ORD1007,21-09-2023,30-09-2023,Standard Class,CUST1122,,Corporate,UK,Bangalore,P1008,SSD,5,2465.04
3888,ORD1604,01-04-2023,06-04-2023,Second Class,CUST2921,Jane Miller,Corporate,UK,London,P1005,Headphones,4,368.91
3889,ORD1607,08-01-2024,18-01-2024,First Class,CUST1062,Amit Smith,Consumer,USA,Mumbai,P1006,Printer,7,3608.55
3890,ORD1716,09-11-2023,01-01-2022,First Class,CUST2739,Olivia Wilson,Consumer,Canada,Delhi,P1004,Monitor,10,1308.32
3891,ORD1845,06-10-2024,08-10-2024,Standard Class,CUST3316,Amit Brown,Corporate,UK,Mumbai,P1001,Laptop,9,-100
3892,ORD2453,16-03-2024,21-03-2024,Standard Class,CUST1617,Daniel Davis,Corporate,India,Berlin,P1008,SSD,5,606.11
3893,ORD1121,14-03-2025,21-03-2025,Second Class,CUST1710,Emily Brown,Corporate,UK,Bangalore,P1001,Laptop,2,981.63
3894,ORD1191,05-04-2024,12-04-2024,Second Class,CUST3236,John Miller,Corporate,UK,Pune,P1003,Mouse,8,1881.38
3895,ORD2390,02-02-2023,04-02-2023,Second Class,CUST2839,Rahul Smith,Corporate,Germany,New York,P1007,Router,9,865.38
3896,ORD1232,01-04-2024,05-04-2024,Second Class,CUST2663,Rahul Johnson,Consumer,Germany,Delhi,P1004,Monitor,10,2145.26
3897,ORD2353,29-12-2023,05-01-2024,Second Class,CUST1249,Chris Sharma,Corporate,Canada,New York,P1002,Keyboard,7,4191.75
3898,ORD1982,21-01-2024,26-01-2024,First Class,CUST2566,,Consumer,Germany,New York,P1008,SSD,6,336.95
3899,ORD2393,21-03-2023,26-03-2023,Second Class,CUST2458,Priya Smith,Home Office,Germany,Delhi,P1004,Monitor,9,2188.05
3900,ORD1016,28-05-2023,06-06-2023,First Class,CUST1438,David Davis,Home Office,USA,London,P1006,Printer,6,747.73
3901,ORD1504,10-07-2023,19-07-2023,First Class,CUST3311,Jane Taylor,Consumer,Germany,Mumbai,P1007,Router,6,969.1
3902,ORD1420,08-04-2025,18-04-2025,First Class,CUST1797,John Sharma,Corporate,USA,Mumbai,,Laptop,9,1163.65
3903,ORD1108,21-08-2023,30-08-2023,Standard Class,CUST1428,Anjali Sharma,Home Office,Canada,Berlin,P1005,Headphones,7,2982.73
3904,ORD2425,06-12-2024,08-12-2024,Standard Class,CUST2345,John Gupta,Consumer,Germany,Berlin,P1002,Keyboard,1,3029.29
3905,ORD1993,28-10-2023,02-11-2023,First Class,CUST1100,Daniel Sharma,Home Office,India,New York,P1006,Printer,4,2573.68
3906,ORD1888,27-04-2024,01-05-2024,Second Class,CUST1476,Chris Patel,Home Office,UK,Toronto,P1005,Headphones,8,2151.82
3907,ORD1644,05-09-2024,13-09-2024,Same Day,CUST1737,Anjali Sharma,Consumer,USA,Berlin,P1003,Mouse,4,878.63
3908,ORD1541,22-08-2023,30-08-2023,Second Class,CUST1322,Rahul Smith,Corporate,Canada,Toronto,P1001,Laptop,6,3432.02
3909,ORD1223,29-09-2023,01-10-2023,First Class,CUST1783,John Gupta,Corporate,Germany,Bangalore,P1004,Monitor,3,4749.16
3910,ORD2038,30-03-2024,06-04-2024,Same Day,CUST1136,Olivia Patel,Home Office,India,Pune,P1002,Keyboard,8,3972.58
3911,ORD1327,28-11-2024,03-12-2024,Second Class,CUST2752,Anjali Davis,Corporate,UK,Bangalore,P1003,Mouse,8,1284.45
3912,ORD1092,10-03-2023,14-03-2023,First Class,CUST1789,David Johnson,Consumer,UK,Berlin,P1002,Keyboard,2,4033.72
3913,ORD2150,27-05-2023,03-06-2023,Standard Class,CUST1445,Anjali Wilson,Corporate,Canada,Delhi,P1002,Keyboard,1,2253.91
3914,ORD1522,31-12-2099,26-04-2024,Second Class,CUST2408,David Johnson,Corporate,UK,London,P1008,SSD,7,4360.57
3915,ORD1925,18-07-2023,20-07-2023,Same Day,CUST3096,Amit Patel,Home Office,USA,Toronto,P1002,Keyboard,7,1195.4
3916,ORD2304,13-01-2025,14-01-2025,First Class,CUST1915,Amit Davis,Consumer,India,New York,P1001,Laptop,9,3356.08
3917,ORD1970,03-06-2024,05-06-2024,First Class,CUST2775,John Taylor,Home Office,India,New York,P1007,Router,2,2565.86
3918,ORD2271,08-02-2023,11-02-2023,First Class,CUST2647,Chris Brown,Home Office,Germany,Delhi,P1005,Headphones,7,374.73
3919,ORD1420,26-09-2023,03-10-2023,Same Day,CUST1891,Chris Sharma,Consumer,India,New York,P1001,Laptop,10,1015.98
3920,ORD1191,12-06-2024,14-06-2024,Same Day,CUST1547,,Home Office,USA,Mumbai,P1004,Monitor,5,1729.85
3921,ORD2331,23-08-2023,24-08-2023,First Class,CUST3325,Jane Johnson,Corporate,UK,Berlin,P1004,Monitor,7,1312.61
3922,ORD1378,12-01-2025,20-01-2025,Same Day,CUST3273,Chris Johnson,Consumer,USA,Berlin,P1004,Monitor,3,4445.86
3923,ORD1330,12-10-2024,20-10-2024,Standard Class,CUST2490,Emily Davis,Home Office,Germany,Delhi,P1002,Keyboard,6,3457.46
3924,ORD2095,13-09-2023,14-09-2023,Standard Class,CUST1819,Robert Gupta,Consumer,Canada,Mumbai,P1003,Mouse,4,1259.54
3925,ORD1636,16-03-2023,24-03-2023,Same Day,CUST1054,Michael Taylor,Corporate,UK,Mumbai,P1008,SSD,8,841.33
3926,,03-12-2024,08-12-2024,Standard Class,CUST2386,Anjali Smith,Consumer,Germany,Pune,P1002,Keyboard,7,2429.82
8,ORD1152,27-06-2023,06-07-2023,Same Day,CUST3496,Sneha Davis,Home Office,Germany,London,P1004,Monitor,10,1155.3
3928,ORD1118,06-03-2025,15-03-2025,Second Class,CUST2835,Sneha Taylor,Consumer,UK,Toronto,P1003,Mouse,10,1774.44
3929,ORD2215,21-11-2023,25-11-2023,Second Class,CUST1995,Chris Brown,Consumer,Canada,Delhi,P1007,Router,5,4080.39
3930,ORD1848,12-04-2023,14-04-2023,Same Day,CUST1652,Sarah Smith,Home Office,Canada,Berlin,P1006,Printer,9,195.32
3931,ORD2390,12-08-2024,17-08-2024,Same Day,CUST1153,Jane Wilson,Home Office,India,Delhi,P1007,Router,9,4442.51
3932,ORD1001,19-09-2023,24-09-2023,Standard Class,CUST1649,John Taylor,Consumer,Canada,Delhi,P1008,SSD,5,2765.07
3933,ORD1629,30-05-2024,05-06-2024,Second Class,CUST1876,Daniel Gupta,Home Office,Germany,Toronto,P1007,Router,2,2424.25
3934,ORD1453,02-04-2025,05-04-2025,Same Day,CUST2668,John Sharma,Consumer,Germany,London,P1008,SSD,2,3544.19
3935,ORD1834,24-07-2024,03-08-2024,Same Day,CUST2473,Chris Gupta,Corporate,India,Toronto,P1001,Laptop,10,2766.46
3936,ORD2319,13-08-2023,20-08-2023,Second Class,CUST2010,Priya Patel,Corporate,India,New York,P1007,Router,6,1146.07
3937,ORD1986,08-04-2024,16-04-2024,First Class,CUST3305,Michael Miller,Corporate,UK,Bangalore,P1008,SSD,7,414.87
3938,ORD2394,03-04-2025,12-04-2025,Same Day,CUST2194,David Taylor,Home Office,USA,Bangalore,P1004,Monitor,10,4439.11
3939,ORD1772,08-02-2023,13-02-2023,First Class,CUST2093,Emily Smith,Consumer,UK,Toronto,P1003,Mouse,8,3220.14
3940,ORD1318,04-05-2023,12-05-2023,First Class,CUST3407,Amit Taylor,Consumer,Canada,Pune,P1003,Mouse,1,4814.54
3941,ORD1897,08-01-2025,15-01-2025,Second Class,CUST3412,David Smith,Consumer,Germany,Mumbai,P1004,Monitor,5,1108.66
3942,ORD1523,03-04-2023,06-04-2023,Standard Class,CUST3099,Anjali Sharma,Corporate,UK,Pune,P1007,Router,1,2643.85
3943,ORD1208,21-09-2024,01-10-2024,Standard Class,CUST3031,Daniel Taylor,Consumer,Germany,Bangalore,P1008,SSD,2,1212.81
3944,ORD2274,08-11-2023,09-11-2023,Same Day,CUST2503,Rahul Wilson,Consumer,UK,Mumbai,P1003,Mouse,2,4442.39
3945,ORD1826,18-01-2024,26-01-2024,First Class,CUST2308,Priya Wilson,Home Office,Canada,Bangalore,P1006,Printer,3,2798.46
3946,ORD1022,02-12-2024,10-12-2024,First Class,CUST2615,John Patel,Corporate,Canada,Bangalore,P1001,Laptop,9,3599.52
3947,ORD1581,29-04-2023,30-04-2023,Standard Class,CUST1117,Anjali Sharma,Corporate,India,Toronto,P1007,Router,2,3316.96
3948,ORD1396,23-03-2023,31-03-2023,Same Day,CUST1085,Chris Brown,Corporate,UK,London,P1007,Router,7,3024.09
3949,ORD2438,27-08-2024,29-08-2024,First Class,CUST1872,Sarah Sharma,Home Office,Canada,London,P1002,Keyboard,8,1695.38
3950,ORD1741,27-09-2023,04-10-2023,Same Day,CUST3279,Sarah Wilson,Consumer,Canada,Mumbai,P1001,Laptop,6,1012.06
3951,ORD2074,13-07-2024,16-07-2024,Same Day,CUST3410,Robert Sharma,Home Office,India,Pune,P1005,Headphones,9,2357.95
3952,ORD1655,13-06-2024,22-06-2024,First Class,CUST1442,David Smith,Consumer,Canada,Bangalore,P1001,Laptop,5,2655.89
3953,ORD1532,08-12-2023,10-12-2023,Same Day,CUST1495,Olivia Miller,Consumer,Canada,Mumbai,P1003,Mouse,3,832.92
3954,ORD2243,02-08-2023,03-08-2023,First Class,CUST1882,Jane Brown,Consumer,USA,New York,P1005,Headphones,6,1685.28
3955,ORD1900,13-09-2024,23-09-2024,Standard Class,CUST2947,Michael Patel,Corporate,Canada,Berlin,P1001,Laptop,3,4695.76
3956,ORD1117,26-01-2024,30-01-2024,First Class,CUST2829,Daniel Taylor,Consumer,UnknownCountry,Pune,P1007,Router,6,590.34
3957,ORD1107,19-10-2023,21-10-2023,Same Day,CUST2989,Priya Gupta,Corporate,Canada,London,P1004,Monitor,10,3299.32
3958,ORD2318,26-07-2023,29-07-2023,First Class,CUST3463,Robert Gupta,Consumer,Canada,Pune,P1003,Mouse,10,2137.3
3959,ORD1642,31-12-2099,11-12-2023,Second Class,CUST1123,Daniel Miller,Corporate,UK,New York,P1002,Keyboard,1,4616.78
3960,ORD2102,22-12-2024,01-01-2025,First Class,CUST1833,Amit Taylor,Consumer,Canada,Berlin,P1005,Headphones,7,2878.55
3961,ORD1247,30-08-2023,06-09-2023,Same Day,CUST2104,Chris Taylor,Home Office,Canada,Toronto,P1007,Router,10,4364.49
3962,ORD2063,23-02-2025,03-03-2025,Second Class,CUST3313,Olivia Johnson,Corporate,India,Bangalore,P1007,Router,6,2941.22
3963,ORD2484,30-09-2024,05-10-2024,Invalid Mode,CUST2192,David Gupta,Corporate,USA,Berlin,P1001,Laptop,1,2291.02
3964,ORD1741,04-11-2023,09-11-2023,Second Class,CUST2967,Amit Sharma,Consumer,India,London,P1006,Printer,5,2327.33
3965,ORD2329,17-06-2023,26-06-2023,First Class,CUST1224,Priya Patel,Consumer,Germany,Bangalore,P1008,SSD,10,663.34
3966,ORD1517,26-01-2024,27-01-2024,Same Day,CUST3236,Michael Taylor,Consumer,USA,London,,Monitor,7,2639.81
3967,ORD2225,15-09-2024,17-09-2024,First Class,CUST3191,Priya Gupta,Corporate,India,Berlin,P1001,Laptop,6,195.54
3968,ORD1391,12-08-2024,22-08-2024,Second Class,CUST2320,Robert Gupta,Home Office,Canada,New York,P1004,Monitor,7,4081.64
3969,ORD1188,20-02-2025,28-02-2025,Standard Class,CUST3124,Robert Brown,Corporate,Canada,Berlin,P1008,SSD,9,2085.25
3970,ORD1826,27-08-2023,31-08-2023,Second Class,CUST3187,Jane Davis,Consumer,USA,Delhi,P1007,Router,7,692.64
3971,ORD2402,18-04-2025,28-04-2025,First Class,CUST1111,Rahul Wilson,Corporate,Canada,London,P1007,Router,5,2856.76
3972,ORD1926,01-02-2023,07-02-2023,Same Day,CUST2216,David Davis,Corporate,Germany,London,P1004,Monitor,5,560.77
3973,ORD1223,30-10-2024,07-11-2024,Second Class,CUST1198,Olivia Taylor,Home Office,India,Pune,P1007,Router,3,4326.98
3974,ORD2261,13-09-2023,18-09-2023,Standard Class,CUST1096,Chris Miller,Consumer,India,London,P1003,Mouse,4,4299.54
3975,ORD1658,27-01-2023,01-02-2023,Same Day,CUST3148,Robert Miller,Corporate,Germany,Mumbai,P1006,Printer,1,4640.57
3976,ORD2231,23-06-2023,27-06-2023,Standard Class,CUST2294,Michael Wilson,Consumer,UK,Pune,P1004,Monitor,6,3204.46
3977,ORD1669,10-06-2024,15-06-2024,Same Day,CUST2733,Amit Sharma,Consumer,USA,Berlin,P1003,Mouse,8,4080.15
3978,ORD2491,12-05-2025,22-05-2025,Second Class,CUST1926,Sarah Patel,Corporate,Germany,New York,P1004,Monitor,3,148.62
3979,ORD2129,02-10-2023,07-10-2023,Invalid Mode,CUST2612,Robert Johnson,Corporate,USA,London,P1006,Printer,1,3670.22
3980,ORD1576,08-03-2023,09-03-2023,Standard Class,CUST3189,David Johnson,Home Office,Canada,Bangalore,P1004,Monitor,3,3210.28
3981,ORD1754,26-04-2025,29-04-2025,First Class,CUST2753,Emily Patel,Corporate,Canada,Pune,P1004,Monitor,3,4100.12
3982,ORD1126,14-08-2023,23-08-2023,Same Day,CUST2863,Sneha Brown,Corporate,UK,New York,P1005,Headphones,1,426.82
3983,ORD2232,21-04-2025,30-04-2025,Standard Class,CUST2229,Sneha Davis,Corporate,USA,London,P1003,Mouse,5,4136.48
3984,ORD1702,06-10-2024,13-10-2024,Same Day,CUST1009,Priya Taylor,Consumer,USA,New York,P1003,Mouse,8,3985.69
3985,ORD1149,08-09-2023,13-09-2023,Same Day,CUST2119,Rahul Johnson,Home Office,UK,Mumbai,P1001,Laptop,6,3509.07
3986,ORD2097,22-05-2023,27-05-2023,First Class,CUST2291,Chris Wilson,Corporate,UK,Pune,P1001,Laptop,3,344.31
3987,ORD2263,24-01-2023,31-01-2023,Standard Class,CUST2428,Chris Miller,Corporate,USA,Berlin,P1002,Keyboard,3,1674.57
3988,ORD1002,26-08-2023,28-08-2023,First Class,CUST2550,David Davis,Home Office,UK,New York,P1006,Printer,3,2757.9
3989,ORD2408,25-11-2023,30-11-2023,Standard Class,CUST3393,Michael Davis,Consumer,Germany,London,P1001,Laptop,1,4781.4
3990,ORD2147,23-05-2024,27-05-2024,First Class,CUST1773,Rahul Smith,Consumer,USA,New York,P1001,Laptop,4,4730.69
3991,,12-06-2023,19-06-2023,Standard Class,CUST2355,Sneha Patel,Home Office,UK,London,P1003,Mouse,7,4103.84
3992,ORD2034,05-11-2023,15-11-2023,First Class,CUST2575,Chris Patel,Home Office,Canada,Bangalore,P1008,SSD,4,2991.78
3993,ORD2233,17-08-2024,22-08-2024,Standard Class,CUST1120,Rahul Patel,Consumer,Germany,London,P1004,Monitor,8,2757.38
3994,ORD2086,11-07-2023,20-07-2023,First Class,CUST2975,Michael Taylor,Consumer,Germany,Berlin,P1001,Laptop,9,1032.96
3995,ORD2396,24-05-2025,26-05-2025,First Class,CUST3410,Daniel Taylor,Corporate,Canada,Mumbai,P1007,Router,8,3780.74
3996,ORD1699,08-06-2025,15-06-2025,First Class,CUST2544,Sneha Gupta,Consumer,USA,Delhi,P1003,Mouse,8,542.06
3997,ORD2094,06-04-2025,15-04-2025,First Class,CUST3131,Priya Patel,Consumer,Germany,Mumbai,P1008,SSD,3,221.05
3998,ORD1699,09-11-2024,12-11-2024,First Class,CUST2639,Chris Miller,Consumer,Canada,New York,P1001,Laptop,4,2926.02
3999,ORD2295,31-12-2099,18-02-2024,Same Day,CUST3027,Sarah Miller,Consumer,India,Delhi,P1005,Headphones,5,3164.15
4000,ORD1523,24-04-2025,29-04-2025,Same Day,CUST1964,Sneha Johnson,Home Office,Canada,Pune,P1001,Laptop,9,-100
4001,ORD2377,01-01-2023,03-01-2023,Second Class,CUST1237,Chris Davis,Corporate,Canada,Delhi,P1002,Keyboard,10,3421.59
4002,ORD2329,15-03-2023,22-03-2023,Second Class,CUST2775,Jane Sharma,Corporate,Canada,New York,P1005,Headphones,8,378.09
4003,ORD1059,15-05-2024,25-05-2024,First Class,CUST1749,Priya Patel,Corporate,UK,Delhi,P1004,Monitor,1,2741.35
4004,ORD1217,02-12-2024,06-12-2024,Standard Class,CUST1308,Anjali Sharma,Consumer,Germany,Bangalore,P1001,Laptop,3,498.37
4005,ORD1324,05-08-2024,06-08-2024,Same Day,CUST2209,Jane Sharma,Corporate,UK,Bangalore,P1001,Laptop,1,2771.71
4006,ORD1049,02-04-2025,07-04-2025,Second Class,CUST1394,Robert Gupta,Consumer,USA,Delhi,P1003,Mouse,5,1940.82
4007,ORD1516,15-10-2023,23-10-2023,Standard Class,CUST2559,John Sharma,Consumer,Canada,Berlin,P1002,Keyboard,4,2482.65
4008,ORD1928,25-06-2024,04-07-2024,Standard Class,CUST2047,Jane Taylor,Consumer,India,Mumbai,P1003,Mouse,8,846.66
4009,ORD2245,27-01-2023,05-02-2023,Same Day,CUST3183,Anjali Smith,Home Office,India,Pune,P1005,Headphones,8,351.72
4010,ORD1706,24-02-2025,03-03-2025,Same Day,CUST2755,Anjali Patel,Home Office,UK,Berlin,P1005,Headphones,6,2276.81
4011,ORD1043,19-08-2023,23-08-2023,Same Day,CUST2311,Sneha Miller,Home Office,UK,Berlin,P1007,Router,10,4886.97
4012,ORD1042,17-04-2025,01-01-2022,Same Day,CUST3167,David Taylor,Home Office,Canada,London,P1004,Monitor,3,1125.2
4013,ORD1088,04-07-2024,05-07-2024,First Class,CUST1876,Sarah Wilson,Consumer,India,New York,P1005,Headphones,10,4098.24
4014,ORD1356,27-01-2023,04-02-2023,Standard Class,CUST1096,Michael Sharma,Corporate,UK,London,P1001,Laptop,5,2261.02
4015,ORD1414,11-04-2025,21-04-2025,First Class,CUST1366,Robert Davis,Home Office,USA,London,P1007,Router,2,565.28
4016,ORD1288,31-12-2099,23-04-2025,Second Class,CUST2429,Amit Brown,Consumer,Canada,Delhi,P1001,Laptop,7,4785.45
4017,ORD2403,12-09-2023,13-09-2023,First Class,CUST3266,Olivia Smith,Home Office,Germany,Toronto,P1001,Laptop,2,581.21
4018,ORD1752,29-05-2024,30-05-2024,First Class,CUST1948,John Sharma,Corporate,Canada,Berlin,P1005,Headphones,3,509.14
4019,ORD1273,31-03-2024,02-04-2024,Standard Class,CUST1003,Rahul Taylor,Consumer,Canada,Toronto,P1007,Router,7,4872.17
4020,ORD1752,12-05-2023,14-05-2023,Second Class,CUST2713,Priya Davis,Home Office,Canada,Pune,P1006,Printer,2,111.85
4021,ORD1013,09-02-2024,18-02-2024,Same Day,CUST2122,Robert Wilson,Consumer,UK,Berlin,P1007,Router,4,1782.09
4022,ORD2242,10-05-2025,15-05-2025,First Class,CUST1784,Sneha Gupta,Corporate,USA,London,P1007,Router,3,1621.67
4023,ORD1909,24-01-2024,02-02-2024,Same Day,CUST1905,Sneha Miller,Corporate,India,Toronto,P1008,SSD,7,218.33
4024,ORD2485,14-06-2023,18-06-2023,Standard Class,CUST1408,David Smith,Home Office,UK,Mumbai,P1008,SSD,8,3990.31
4025,ORD1157,26-12-2023,28-12-2023,Second Class,CUST1576,Sarah Smith,Home Office,UK,Berlin,P1007,Router,8,797.19
4026,ORD2469,28-08-2024,04-09-2024,Standard Class,CUST2480,Sneha Miller,Home Office,UK,Bangalore,P1002,Keyboard,4,4031.54
4027,,03-03-2025,08-03-2025,Same Day,CUST1514,Olivia Miller,Home Office,India,Toronto,P1002,Keyboard,3,2760.33
4028,ORD2042,31-03-2023,06-04-2023,Same Day,CUST1219,Sneha Davis,Consumer,Germany,Mumbai,P1007,Router,6,4711.15
4029,ORD2308,18-06-2024,22-06-2024,Second Class,CUST2122,Daniel Miller,Consumer,Canada,Bangalore,P1005,Headphones,6,2203.84
4030,ORD1125,10-12-2024,19-12-2024,Same Day,CUST2019,David Gupta,Consumer,UK,New York,P1008,SSD,2,3533.97
4031,ORD1949,01-02-2024,04-02-2024,Same Day,CUST2188,Sarah Smith,Home Office,Canada,New York,P1002,Keyboard,8,1542.04
4032,ORD2234,17-10-2024,21-10-2024,Same Day,CUST3163,Sarah Wilson,Home Office,Canada,Mumbai,P1003,Mouse,10,3610.2
4033,ORD2307,26-06-2023,06-07-2023,Standard Class,CUST2722,Sneha Brown,Home Office,Germany,Mumbai,P1006,Printer,9,1595.24
4034,ORD1542,22-06-2024,25-06-2024,Second Class,CUST2794,Priya Davis,Consumer,India,Delhi,P1007,Router,6,2629.99
4035,ORD1267,17-11-2024,26-11-2024,Same Day,CUST2648,Sarah Wilson,Consumer,UK,Pune,P1008,SSD,10,2239.5
4036,ORD1516,25-09-2023,03-10-2023,First Class,CUST1745,Daniel Brown,Corporate,Canada,Toronto,,Router,9,4001.47
4037,ORD1235,27-02-2024,08-03-2024,Standard Class,CUST2952,Emily Johnson,Corporate,India,Bangalore,P1003,Mouse,6,3453.99
4038,ORD1294,06-10-2024,15-10-2024,First Class,CUST2067,Sneha Gupta,Consumer,UK,Mumbai,P1005,Headphones,1,1804.51
4039,ORD1900,24-09-2023,30-09-2023,Same Day,CUST2703,Robert Wilson,Home Office,Canada,New York,P1001,Laptop,2,-100
4040,ORD2364,13-09-2023,15-09-2023,Same Day,CUST2784,John Gupta,Home Office,USA,Bangalore,P1003,Mouse,6,3052.91
4041,ORD2107,30-06-2023,03-07-2023,First Class,CUST1519,David Taylor,Home Office,India,Toronto,P1005,Headphones,1,3333.63
4042,ORD1746,06-04-2025,01-01-2022,Standard Class,CUST2995,Robert Patel,Corporate,Canada,Pune,P1005,Headphones,5,538.6
4043,ORD2320,23-02-2025,05-03-2025,Standard Class,CUST1408,David Gupta,Consumer,Germany,Pune,P1002,Keyboard,3,4150.16
4044,ORD2037,19-04-2025,23-04-2025,First Class,CUST2153,Amit Smith,Home Office,India,Delhi,P1006,Printer,8,2400.39
4045,ORD1277,29-03-2024,06-04-2024,First Class,CUST2577,Sneha Taylor,Corporate,USA,Mumbai,P1002,Keyboard,10,525.75
4046,ORD1923,16-10-2023,21-10-2023,First Class,CUST1057,Olivia Taylor,Consumer,USA,Mumbai,P1008,SSD,9,2995.75
4047,ORD1327,20-06-2023,30-06-2023,Same Day,CUST2070,Daniel Johnson,Home Office,Germany,Toronto,P1001,Laptop,6,2801.45
4048,ORD1605,03-02-2023,06-02-2023,Same Day,CUST2723,David Patel,Consumer,Canada,London,P1004,Monitor,9,2290.69
4049,ORD1265,21-06-2024,22-06-2024,Second Class,CUST3253,Olivia Sharma,Corporate,Canada,Delhi,P1003,Mouse,7,266.55
4050,ORD1027,21-07-2024,22-07-2024,Standard Class,CUST1492,Daniel Taylor,Home Office,Germany,Mumbai,P1006,Printer,1,3510.07
4051,ORD1000,01-01-2023,07-01-2023,Same Day,CUST3203,Michael Taylor,Corporate,Germany,Berlin,P1004,Monitor,3,3940.58
4052,ORD2342,17-05-2025,20-05-2025,Second Class,CUST1041,Priya Johnson,Consumer,Germany,Pune,P1001,Laptop,7,2876.96
4053,ORD1348,20-06-2023,24-06-2023,Same Day,CUST2603,Michael Johnson,Corporate,UK,Pune,P1008,SSD,6,4263.54
4054,ORD2427,11-03-2023,21-03-2023,Same Day,CUST1010,Daniel Brown,Corporate,USA,Delhi,P1001,Laptop,10,1575.86
4055,ORD1316,09-11-2024,18-11-2024,Second Class,CUST2360,Amit Davis,Corporate,Germany,Delhi,P1007,Router,7,1041.15
4056,ORD2193,28-02-2025,09-03-2025,First Class,CUST2326,,Consumer,India,Delhi,P1008,SSD,4,4703.72
4057,ORD1736,07-01-2024,16-01-2024,Same Day,CUST1608,Olivia Taylor,Home Office,USA,New York,P1006,Printer,7,3291.23
4058,ORD2326,12-06-2024,22-06-2024,Same Day,CUST1334,Sneha Miller,Consumer,UK,London,P1002,Keyboard,9,2466.84
4059,ORD1425,19-01-2023,22-01-2023,Standard Class,CUST2113,Anjali Miller,Home Office,India,New York,P1007,Router,2,2171.55
4060,ORD2159,02-12-2023,05-12-2023,Second Class,CUST2901,Rahul Taylor,Home Office,UnknownCountry,New York,P1001,Laptop,6,4261.51
4061,ORD2108,24-03-2023,26-03-2023,Same Day,CUST1662,Amit Wilson,Corporate,Germany,New York,P1002,Keyboard,9,3706.45
4062,ORD1553,23-08-2024,28-08-2024,Standard Class,CUST3360,Daniel Brown,Corporate,USA,Toronto,P1001,Laptop,6,3688.34
4063,ORD1045,20-05-2024,23-05-2024,Standard Class,CUST3283,Sneha Smith,Corporate,Canada,Mumbai,P1001,Laptop,2,2870.73
4064,ORD2019,20-10-2023,24-10-2023,Same Day,CUST2316,Sneha Brown,Home Office,Germany,Delhi,P1006,Printer,6,1752.02
4065,ORD2428,16-02-2025,22-02-2025,Standard Class,CUST3241,David Sharma,Home Office,India,Mumbai,P1007,Router,2,1730.33
4066,ORD2337,29-07-2024,31-07-2024,Second Class,CUST2557,Daniel Brown,Corporate,USA,New York,P1003,Mouse,10,3245.33
4067,ORD2399,20-10-2023,28-10-2023,Standard Class,CUST1554,Olivia Patel,Consumer,Germany,Mumbai,P1001,Laptop,7,4486.56
4068,ORD1918,23-05-2023,28-05-2023,Same Day,CUST1207,Rahul Patel,Corporate,Canada,Delhi,P1005,Headphones,5,2686.66
4069,ORD1992,23-10-2023,31-10-2023,Second Class,CUST1222,Sneha Taylor,Consumer,UK,Berlin,P1007,Router,3,3363.35
4070,ORD2235,31-01-2023,10-02-2023,Standard Class,CUST1151,Anjali Sharma,Consumer,UK,Berlin,P1002,Keyboard,5,3156.39
4071,ORD2382,24-03-2023,02-04-2023,First Class,CUST1551,John Brown,Consumer,USA,Mumbai,P1001,Laptop,6,3915.88
4072,ORD2154,03-05-2024,09-05-2024,Second Class,CUST1879,Chris Sharma,Home Office,USA,Berlin,P1008,SSD,7,1753.9
4073,ORD1920,04-01-2024,10-01-2024,Second Class,CUST2359,Amit Sharma,Home Office,UK,Toronto,P1006,Printer,9,1832.44
4074,ORD2484,12-03-2024,19-03-2024,Same Day,CUST3150,Michael Sharma,Corporate,Germany,Berlin,P1005,Headphones,2,1159.61
4075,ORD1105,25-02-2023,28-02-2023,First Class,CUST2069,Robert Wilson,Corporate,USA,Bangalore,P1006,Printer,5,2251.38
4076,ORD2043,24-12-2023,27-12-2023,First Class,CUST2178,Priya Smith,Corporate,India,New York,P1005,Headphones,6,224.37
4077,ORD2364,02-02-2025,09-02-2025,Second Class,CUST2975,John Sharma,Home Office,UK,Pune,P1004,Monitor,2,2636.75
4078,ORD2209,08-02-2024,10-02-2024,Same Day,CUST2490,Sneha Miller,Corporate,UK,New York,P1004,Monitor,3,931.91
4079,ORD2074,16-04-2023,20-04-2023,Second Class,CUST2182,Jane Miller,Home Office,Germany,Berlin,P1004,Monitor,8,3608.06
4080,ORD1165,16-06-2024,17-06-2024,Same Day,CUST2808,Anjali Gupta,Corporate,USA,Toronto,P1002,Keyboard,1,4157.62
4081,ORD2117,30-09-2024,01-10-2024,Second Class,CUST2796,Jane Wilson,Consumer,Canada,New York,P1006,Printer,8,1301.82
4082,ORD2237,30-07-2023,04-08-2023,Same Day,CUST3116,Amit Miller,Consumer,Germany,Toronto,P1008,SSD,2,1985.26
4083,ORD1185,18-12-2024,27-12-2024,Same Day,CUST2569,David Patel,Home Office,India,New York,P1008,SSD,4,452.41
4084,ORD2266,29-02-2024,06-03-2024,Standard Class,CUST2831,Daniel Miller,Home Office,India,Mumbai,P1003,Mouse,6,1008.89
4085,ORD1132,18-05-2023,25-05-2023,First Class,CUST2304,Anjali Gupta,Corporate,India,Delhi,P1001,Laptop,9,3774.87
4086,ORD1618,11-12-2023,21-12-2023,Same Day,CUST2734,Rahul Patel,Corporate,Germany,Pune,P1006,Printer,3,2108.01
4087,ORD1185,21-08-2023,22-08-2023,Second Class,CUST2847,Daniel Davis,Consumer,Germany,Bangalore,P1008,SSD,6,2928.53
4088,ORD1628,22-04-2023,25-04-2023,First Class,CUST2342,Rahul Brown,Consumer,USA,London,P1004,Monitor,9,326.18
4089,ORD1370,23-10-2023,29-10-2023,Same Day,CUST1317,Olivia Johnson,Corporate,USA,Berlin,P1006,Printer,5,3868.74
4090,ORD1681,16-04-2023,21-04-2023,Same Day,CUST1823,Michael Gupta,Home Office,India,Delhi,P1003,Mouse,4,543.19
4091,ORD1525,11-10-2024,12-10-2024,Standard Class,CUST1182,Robert Smith,Home Office,Canada,Toronto,P1003,Mouse,4,4160.56
4092,ORD1560,01-08-2023,05-08-2023,Same Day,CUST1008,Michael Sharma,Consumer,USA,London,P1005,Headphones,7,1424.77
4093,ORD2454,18-02-2024,21-02-2024,Invalid Mode,CUST1700,Emily Brown,Consumer,UK,Pune,P1008,SSD,5,3406.15
4094,ORD2489,22-08-2023,28-08-2023,Same Day,CUST1535,Sneha Davis,Home Office,Canada,London,P1002,Keyboard,1,1353.03
4095,ORD2349,16-11-2023,25-11-2023,Second Class,CUST2591,John Brown,Home Office,USA,London,P1006,Printer,5,3292.93
4096,ORD1314,17-06-2025,20-06-2025,Standard Class,CUST2308,Olivia Patel,Consumer,India,Toronto,P1005,Headphones,2,4807.93
4097,ORD1462,31-12-2099,20-09-2024,First Class,CUST2497,Sneha Taylor,Home Office,USA,Berlin,P1001,Laptop,6,4235.93
4098,ORD1338,21-07-2023,26-07-2023,Same Day,CUST1146,Chris Patel,Corporate,Germany,Bangalore,,Laptop,4,1705.62
4099,ORD1732,16-02-2024,20-02-2024,Standard Class,CUST3153,Chris Brown,Home Office,UK,Bangalore,P1006,Printer,10,2840.96
4100,ORD1898,01-11-2023,10-11-2023,Standard Class,CUST1179,Daniel Patel,Home Office,UK,Berlin,P1007,Router,4,4136.79
4101,ORD1414,21-06-2024,22-06-2024,Second Class,CUST2663,Sneha Sharma,Consumer,Germany,New York,P1008,SSD,1,1554.71
4102,ORD1933,15-01-2024,16-01-2024,Same Day,CUST2288,John Patel,Corporate,Canada,London,P1002,Keyboard,6,2603.33
4103,ORD2253,11-10-2024,12-10-2024,First Class,CUST3190,Olivia Sharma,Home Office,Canada,Delhi,P1007,Router,3,1049.68
4104,ORD1592,06-07-2023,07-07-2023,Second Class,CUST1074,John Sharma,Consumer,India,Pune,P1005,Headphones,1,4141.75
4105,ORD2154,25-04-2024,27-04-2024,Same Day,CUST1991,Emily Miller,Consumer,India,New York,P1004,Monitor,3,4175.13
4106,ORD1315,14-07-2024,21-07-2024,Second Class,CUST1591,Sarah Brown,Home Office,Canada,Pune,P1002,Keyboard,5,59.8
4107,ORD1269,13-10-2024,18-10-2024,First Class,CUST1558,Michael Wilson,Home Office,Germany,Delhi,P1006,Printer,3,1471.86
4108,ORD1045,02-06-2023,06-06-2023,Standard Class,CUST1061,John Johnson,Consumer,USA,Berlin,P1003,Mouse,9,4694.31
4109,,11-07-2024,14-07-2024,Second Class,CUST2363,John Miller,Corporate,Germany,Pune,P1005,Headphones,4,1711.47
4110,ORD1331,10-09-2024,16-09-2024,Standard Class,CUST2985,Robert Brown,Home Office,UK,New York,P1007,Router,7,3689.5
4111,ORD1769,20-10-2023,21-10-2023,Same Day,CUST3375,Olivia Patel,Consumer,Canada,Pune,P1008,SSD,5,67.21
4112,ORD1387,01-01-2023,09-01-2023,Standard Class,CUST2606,Sarah Davis,Corporate,India,Delhi,P1001,Laptop,8,4744.65
4113,ORD1249,08-01-2025,14-01-2025,Same Day,CUST1671,Robert Johnson,Corporate,USA,Toronto,P1007,Router,3,2959.11
4114,ORD1596,25-11-2023,05-12-2023,Same Day,CUST2863,Sarah Taylor,Home Office,USA,New York,P1008,SSD,4,4734.41
4115,ORD1319,07-03-2023,12-03-2023,Second Class,CUST3433,Michael Brown,Consumer,USA,Bangalore,,Router,4,2634.12
4116,ORD1169,21-07-2023,30-07-2023,Second Class,CUST1669,Sarah Patel,Home Office,India,Toronto,P1006,Printer,3,2452.46
4117,ORD1056,28-02-2025,10-03-2025,Standard Class,CUST1392,David Wilson,Consumer,USA,New York,P1005,Headphones,6,4625.99
4118,ORD1379,27-08-2024,30-08-2024,First Class,CUST2588,Priya Smith,Home Office,Germany,Bangalore,P1005,Headphones,10,3545.85
4119,ORD2428,21-10-2024,27-10-2024,First Class,CUST2699,Olivia Brown,Home Office,Germany,Bangalore,P1001,Laptop,4,3231.48
4120,ORD1940,13-10-2023,15-10-2023,Second Class,CUST2400,Amit Davis,Consumer,Germany,Berlin,P1006,Printer,9,3237.47
4121,ORD2192,09-01-2024,19-01-2024,Standard Class,CUST2394,Sarah Smith,Home Office,UK,London,P1002,Keyboard,9,2436.98
4,ORD2168,20-12-2023,21-12-2023,First Class,CUST2953,Michael Davis,Consumer,USA,Mumbai,P1003,Mouse,1,2436.17
4123,ORD2145,07-03-2024,09-03-2024,First Class,CUST3060,Daniel Wilson,Corporate,Canada,New York,P1007,Router,8,3609.52
4124,ORD1716,22-06-2023,02-07-2023,First Class,CUST3243,Sarah Patel,Home Office,Canada,London,P1002,Keyboard,1,2802.19
4125,ORD1780,08-08-2024,11-08-2024,Same Day,CUST1002,Anjali Brown,Corporate,USA,London,P1003,Mouse,5,4466.94
4126,ORD1211,26-03-2025,28-03-2025,First Class,CUST2454,Anjali Sharma,Consumer,UK,Pune,P1001,Laptop,3,2142.96
4127,ORD1835,01-04-2024,08-04-2024,First Class,CUST1202,Anjali Patel,Home Office,Canada,New York,P1001,Laptop,8,225.24
4128,ORD1410,10-03-2024,15-03-2024,First Class,CUST2330,Chris Davis,Home Office,USA,Mumbai,P1003,Mouse,7,1634.83
4129,ORD2487,20-01-2025,24-01-2025,Same Day,CUST1275,David Davis,Corporate,India,Bangalore,P1003,Mouse,8,402.42
4130,ORD1305,12-05-2025,17-05-2025,Standard Class,CUST1176,Rahul Johnson,Corporate,Canada,Bangalore,P1004,Monitor,1,3114.53
4131,ORD1747,04-09-2023,06-09-2023,Second Class,CUST2488,Michael Sharma,Corporate,Germany,Berlin,P1003,Mouse,5,2218.24
4132,ORD1949,05-03-2023,12-03-2023,Same Day,CUST2189,David Brown,Home Office,Canada,Bangalore,P1008,SSD,1,2360.07
4133,ORD2349,24-01-2025,25-01-2025,Standard Class,CUST1162,Anjali Johnson,Home Office,India,Pune,P1008,SSD,3,1506.91
4134,ORD1593,20-06-2024,21-06-2024,Same Day,CUST3482,Sneha Wilson,Consumer,India,Pune,P1006,Printer,9,2437.71
4135,ORD2467,23-08-2024,24-08-2024,First Class,CUST2049,Rahul Johnson,Consumer,India,Berlin,P1001,Laptop,3,3508.23
4136,ORD2408,15-03-2023,20-03-2023,Standard Class,CUST2160,Rahul Miller,Consumer,India,Toronto,P1003,Mouse,5,330.16
4137,ORD1542,29-03-2023,01-04-2023,Standard Class,CUST2877,John Wilson,Home Office,USA,Pune,P1002,Keyboard,1,4013.54
4138,ORD1758,15-03-2025,16-03-2025,Standard Class,CUST2492,Anjali Taylor,Home Office,Canada,London,P1004,Monitor,1,1965.84
4139,ORD1031,28-02-2025,07-03-2025,First Class,CUST1474,David Johnson,Corporate,Germany,Bangalore,P1008,SSD,6,4689.31
4140,ORD1680,17-02-2024,18-02-2024,Standard Class,CUST2088,Anjali Brown,Corporate,Canada,Mumbai,P1006,Printer,3,371.95
4141,ORD1471,06-07-2024,13-07-2024,Standard Class,CUST2371,Jane Johnson,Consumer,Canada,Delhi,P1002,Keyboard,8,4238.04
4142,ORD1524,01-08-2023,07-08-2023,First Class,CUST1458,John Sharma,Consumer,Canada,London,P1004,Monitor,1,3177.43
4143,ORD2428,13-06-2025,21-06-2025,First Class,CUST2424,Sarah Johnson,Home Office,India,Berlin,P1003,Mouse,4,2521.35
4144,ORD1152,11-07-2023,14-07-2023,Same Day,CUST1594,Emily Smith,Home Office,UK,London,P1001,Laptop,3,1538.17
4145,ORD1040,15-07-2024,24-07-2024,Standard Class,CUST3497,Robert Miller,Consumer,UK,Bangalore,P1007,Router,4,2067.17
4146,ORD1203,19-11-2024,20-11-2024,Standard Class,CUST3419,Jane Wilson,Consumer,India,Pune,,Monitor,3,4181.46
4147,ORD2278,07-04-2024,09-04-2024,Second Class,CUST3114,Amit Gupta,Corporate,India,London,P1003,Mouse,10,4324.63
4148,ORD1526,29-09-2024,02-10-2024,First Class,CUST1785,David Patel,Consumer,USA,Toronto,P1006,Printer,7,1339.96
4149,ORD1355,05-05-2024,01-01-2022,Same Day,CUST2791,Olivia Wilson,Home Office,India,Pune,P1007,Router,1,1704.66
4150,ORD1350,02-08-2024,05-08-2024,Second Class,CUST2110,Sarah Smith,Home Office,Canada,Berlin,P1008,SSD,8,2513.55
4151,ORD2058,28-08-2023,04-09-2023,Same Day,CUST3079,Jane Smith,Corporate,India,Delhi,P1008,SSD,5,4805.16
4152,ORD2030,16-09-2024,20-09-2024,Standard Class,CUST1896,Sarah Johnson,Corporate,Canada,Delhi,P1006,Printer,1,2831.54
4153,ORD2375,12-09-2023,19-09-2023,Standard Class,CUST2586,Sneha Brown,Consumer,India,Berlin,P1007,Router,3,2968.67
4154,ORD1666,21-01-2025,23-01-2025,Same Day,CUST2643,John Taylor,Corporate,Germany,Toronto,P1003,Mouse,2,4888.88
4155,ORD1040,21-07-2024,26-07-2024,Second Class,CUST1110,Anjali Miller,Consumer,Canada,Toronto,P1001,Laptop,8,1120.95
4156,ORD1843,22-01-2023,31-01-2023,Second Class,CUST1846,Sarah Miller,Home Office,UK,Mumbai,P1007,Router,7,1985.67
4157,ORD1828,20-10-2024,28-10-2024,Standard Class,CUST2394,Emily Smith,Home Office,India,Mumbai,P1007,Router,6,4165.82
4158,ORD1099,26-11-2024,06-12-2024,Second Class,CUST1176,Robert Miller,Consumer,UK,Mumbai,P1001,Laptop,10,3820.08
4159,ORD1073,26-12-2023,01-01-2024,First Class,CUST2276,Chris Johnson,Home Office,Germany,New York,P1007,Router,2,4228.91
4160,ORD1535,05-08-2023,12-08-2023,Same Day,CUST1197,Emily Smith,Home Office,USA,Mumbai,P1002,Keyboard,8,2024.7
4161,ORD2190,01-05-2023,10-05-2023,First Class,CUST3197,Sarah Sharma,Corporate,Germany,New York,P1002,Keyboard,10,121.02
4162,ORD1274,07-05-2025,09-05-2025,Same Day,CUST2143,Rahul Johnson,Consumer,Canada,Toronto,P1008,SSD,8,1697.56
4163,ORD1047,10-12-2024,11-12-2024,Second Class,CUST3022,Emily Davis,Home Office,India,London,P1005,Headphones,8,1804.36
4164,ORD2361,30-05-2025,02-06-2025,First Class,CUST1214,Anjali Taylor,Consumer,Germany,Toronto,P1003,Mouse,1,4540.6
4165,ORD2194,02-03-2023,06-03-2023,Same Day,CUST2192,Amit Sharma,Corporate,UK,Toronto,P1007,Router,8,4760.01
4166,ORD1416,01-03-2025,07-03-2025,First Class,CUST2017,David Gupta,Corporate,USA,Delhi,P1002,Keyboard,8,55.14
4167,ORD1214,24-06-2023,25-06-2023,Standard Class,CUST1105,Sarah Gupta,Home Office,India,Mumbai,P1008,SSD,2,65.14
4168,ORD2298,27-05-2023,28-05-2023,Second Class,CUST2053,Olivia Johnson,Corporate,India,Mumbai,P1003,Mouse,10,2346.99
4169,ORD2001,22-12-2024,31-12-2024,Standard Class,CUST2640,Robert Johnson,Home Office,India,Berlin,P1006,Printer,7,1340.62
4170,ORD1544,05-09-2024,06-09-2024,Second Class,CUST3416,David Sharma,Home Office,India,Toronto,P1005,Headphones,3,669.43
4171,ORD1345,22-04-2024,30-04-2024,Same Day,CUST1428,John Patel,Corporate,India,Delhi,P1003,Mouse,7,145.67
4172,ORD1368,19-06-2024,24-06-2024,First Class,CUST2356,Rahul Brown,Consumer,Germany,London,P1007,Router,7,2727.6
4173,ORD1820,14-09-2023,24-09-2023,Second Class,CUST3396,Priya Wilson,Corporate,USA,Pune,P1004,Monitor,9,261.12
4174,ORD1477,08-07-2024,13-07-2024,Same Day,CUST1345,Chris Wilson,Corporate,UnknownCountry,Bangalore,P1008,SSD,4,3364.65
4175,ORD1903,26-08-2023,02-09-2023,Standard Class,CUST3097,Emily Gupta,Corporate,USA,Berlin,P1001,Laptop,10,1564.5
4176,ORD1803,10-02-2025,14-02-2025,Second Class,CUST2044,Michael Miller,Consumer,India,Delhi,P1002,Keyboard,5,4665.8
4177,ORD1339,19-10-2024,27-10-2024,Second Class,CUST1830,David Sharma,Home Office,India,London,P1006,Printer,2,3957.99
4178,ORD1326,25-04-2023,02-05-2023,Same Day,CUST1018,Daniel Taylor,Home Office,Canada,Mumbai,P1008,SSD,2,147.67
4179,ORD1874,13-06-2025,19-06-2025,Second Class,CUST2271,Michael Patel,Corporate,UK,Delhi,P1008,SSD,10,1131.74
4180,ORD1675,14-09-2023,15-09-2023,First Class,CUST2379,John Davis,Home Office,Germany,Toronto,P1005,Headphones,4,2658.68
4181,ORD1406,03-02-2025,08-02-2025,Same Day,CUST3468,Chris Smith,Home Office,India,New York,P1007,Router,5,3055.44
4182,ORD1801,14-02-2023,17-02-2023,First Class,CUST1922,Michael Taylor,Home Office,USA,Pune,P1007,Router,6,3330.84
4183,ORD1412,23-01-2023,31-01-2023,Same Day,CUST3461,Chris Johnson,Home Office,India,New York,P1001,Laptop,9,3495.31
4184,ORD2057,11-03-2024,12-03-2024,First Class,CUST1254,Amit Davis,Consumer,UK,London,P1002,Keyboard,2,937.78
4185,ORD2080,02-06-2023,12-06-2023,First Class,CUST2119,Chris Johnson,Home Office,USA,Bangalore,P1005,Headphones,8,2822.34
4186,ORD1221,08-11-2023,16-11-2023,Second Class,CUST2433,John Gupta,Corporate,USA,Delhi,P1005,Headphones,1,4112.86
4187,ORD2218,31-12-2023,01-01-2024,Same Day,CUST3082,Robert Gupta,Corporate,UK,London,P1001,Laptop,1,221.1
4188,ORD1657,14-07-2023,20-07-2023,Same Day,CUST1244,Sneha Davis,Corporate,Canada,Bangalore,P1008,SSD,4,4987.3
4189,ORD1139,03-10-2023,06-10-2023,Same Day,CUST2150,Jane Patel,Consumer,Canada,Bangalore,P1005,Headphones,3,3098.31
4190,ORD1894,01-03-2024,03-03-2024,Second Class,CUST2083,,Corporate,UK,London,P1005,Headphones,2,2245.89
4191,ORD1331,13-12-2024,21-12-2024,Same Day,CUST2941,Sarah Smith,Corporate,India,New York,P1006,Printer,7,195.94
4192,ORD2008,16-11-2024,21-11-2024,Same Day,CUST2255,John Smith,Consumer,Germany,Delhi,P1002,Keyboard,6,2090.98
4193,ORD2046,20-03-2025,24-03-2025,Same Day,CUST1517,Priya Taylor,Consumer,Germany,Berlin,P1006,Printer,8,2418.78
4194,ORD1672,24-09-2023,25-09-2023,Second Class,CUST2219,Priya Johnson,Corporate,UK,Pune,P1003,Mouse,4,2285.93
4195,ORD2349,18-06-2025,19-06-2025,Second Class,CUST2712,Daniel Patel,Home Office,Canada,London,P1003,Mouse,3,2871.85
4196,ORD2367,21-01-2024,29-01-2024,Same Day,CUST1732,Priya Patel,Corporate,UK,New York,P1006,Printer,1,1210.11
4197,ORD1624,21-08-2024,30-08-2024,Same Day,CUST2479,Rahul Patel,Corporate,USA,Toronto,P1004,Monitor,5,3160.48
4198,ORD1347,05-07-2023,06-07-2023,Same Day,CUST1137,Emily Wilson,Corporate,Canada,Toronto,,Headphones,6,2546.42
4199,ORD2451,16-12-2024,20-12-2024,Standard Class,CUST3302,Anjali Gupta,Corporate,Germany,Delhi,P1001,Laptop,8,359.06
4200,ORD1491,07-06-2024,16-06-2024,Second Class,CUST3127,Priya Johnson,Corporate,Germany,Bangalore,P1006,Printer,5,3274.62
4201,ORD2328,07-03-2025,12-03-2025,Standard Class,CUST1538,Daniel Miller,Home Office,Canada,Bangalore,P1004,Monitor,9,1623.7
4202,ORD1553,12-06-2025,15-06-2025,Invalid Mode,CUST1638,Rahul Wilson,Home Office,India,New York,P1005,Headphones,7,2602.03
4203,ORD1788,20-12-2024,30-12-2024,Invalid Mode,CUST2640,Sarah Wilson,Home Office,USA,Berlin,P1001,Laptop,3,1571.34
4204,ORD1953,17-04-2023,19-04-2023,Same Day,CUST3252,Priya Davis,Corporate,Germany,Pune,P1006,Printer,6,4451.76
4205,ORD1251,09-05-2025,16-05-2025,Standard Class,CUST3002,Sarah Sharma,Corporate,India,Bangalore,P1003,Mouse,9,3626.35
4206,ORD1404,06-03-2023,11-03-2023,Second Class,CUST1308,Rahul Johnson,Corporate,Canada,Toronto,P1001,Laptop,2,2149.78
4207,ORD1636,03-02-2025,10-02-2025,Same Day,CUST2610,Michael Johnson,Home Office,USA,Delhi,P1007,Router,5,2348.99
4208,ORD2288,07-10-2024,10-10-2024,First Class,CUST3023,Robert Taylor,Corporate,Canada,Mumbai,P1003,Mouse,8,557.38
4209,ORD1907,31-12-2099,10-04-2023,Same Day,CUST3497,Michael Patel,Corporate,Germany,London,P1006,Printer,3,1001.79
4210,ORD1646,04-06-2023,14-06-2023,Standard Class,CUST1774,David Johnson,Consumer,Canada,Bangalore,P1001,Laptop,5,1738.54
4211,ORD1263,20-10-2023,28-10-2023,Standard Class,CUST2416,Olivia Patel,Home Office,USA,Delhi,P1002,Keyboard,2,2808.99
4212,ORD2158,08-12-2023,10-12-2023,Standard Class,CUST3472,John Gupta,Consumer,Canada,Berlin,P1008,SSD,8,3283.14
4213,ORD2366,12-09-2024,16-09-2024,Second Class,CUST1398,Chris Sharma,Corporate,UK,Bangalore,P1002,Keyboard,9,1022.39
4214,ORD1819,31-10-2023,03-11-2023,First Class,CUST1033,Daniel Davis,Corporate,USA,Bangalore,P1006,Printer,3,4085.98
4215,ORD1181,03-02-2023,05-02-2023,First Class,CUST2228,Anjali Sharma,Corporate,UK,Pune,P1003,Mouse,5,2917.65
4216,ORD2369,11-09-2024,17-09-2024,Same Day,CUST1173,Sarah Johnson,Home Office,Canada,Mumbai,P1008,SSD,6,2171.55
4217,ORD2347,12-01-2025,15-01-2025,Second Class,CUST1764,John Johnson,Corporate,USA,London,P1006,Printer,5,1885.93
4218,ORD1395,15-03-2025,22-03-2025,Second Class,CUST2789,Amit Sharma,Consumer,Canada,New York,P1008,SSD,5,3610.81
4219,ORD2186,03-06-2024,05-06-2024,Same Day,CUST1794,Chris Brown,Corporate,Canada,Bangalore,P1001,Laptop,10,741.1
4220,ORD1055,22-01-2024,23-01-2024,Second Class,CUST3377,David Brown,Home Office,Germany,Delhi,P1005,Headphones,2,493.42
4221,ORD1358,30-09-2023,08-10-2023,Second Class,CUST2397,John Sharma,Home Office,Canada,Delhi,P1005,Headphones,1,2900.46
4222,ORD1424,29-05-2024,06-06-2024,Standard Class,CUST1386,Michael Smith,Consumer,Germany,Delhi,P1003,Mouse,10,3095.18
4223,ORD1393,24-08-2024,03-09-2024,Standard Class,CUST2511,Olivia Smith,Home Office,UK,London,P1001,Laptop,5,2475.85
4224,ORD1872,22-03-2023,29-03-2023,Same Day,CUST3100,John Davis,Consumer,UK,Mumbai,P1001,Laptop,1,4328.94
4225,ORD1669,29-11-2024,04-12-2024,Standard Class,CUST1324,Chris Davis,Consumer,UK,Bangalore,P1007,Router,4,2110.62
4226,ORD1732,20-05-2024,25-05-2024,Second Class,CUST1419,Anjali Johnson,Consumer,UK,New York,P1004,Monitor,10,1695.25
4227,ORD2293,26-01-2025,05-02-2025,Standard Class,CUST2941,Rahul Johnson,Home Office,Canada,Mumbai,P1003,Mouse,10,4328.21
4228,ORD1481,24-01-2024,29-01-2024,Same Day,CUST2705,Emily Miller,Consumer,India,London,P1002,Keyboard,10,1548.01
4229,ORD2299,28-07-2023,04-08-2023,Standard Class,CUST1305,Robert Taylor,Consumer,India,Pune,P1001,Laptop,6,4474.54
4230,ORD2355,10-08-2023,17-08-2023,Same Day,CUST2195,Sarah Miller,Corporate,UK,Bangalore,P1001,Laptop,5,4479.55
4231,ORD2009,01-08-2023,04-08-2023,Standard Class,CUST3389,Robert Smith,Consumer,UK,Bangalore,P1001,Laptop,6,1047.23
4232,ORD2291,21-03-2025,22-03-2025,Second Class,CUST1733,Chris Patel,Corporate,USA,New York,P1006,Printer,9,2756.61
4233,ORD2150,24-10-2024,02-11-2024,First Class,CUST3440,Priya Smith,Corporate,Canada,New York,P1001,Laptop,9,4423.19
4234,ORD1676,27-11-2023,03-12-2023,Same Day,CUST3335,Anjali Davis,Consumer,UK,Mumbai,P1002,Keyboard,6,4466.69
4235,ORD2307,06-04-2024,11-04-2024,Standard Class,CUST3317,Sarah Patel,Consumer,Germany,Pune,P1002,Keyboard,1,1210.51
4236,ORD2318,05-03-2025,15-03-2025,Same Day,CUST2639,Priya Gupta,Home Office,India,London,P1002,Keyboard,3,408.9
4237,ORD2039,02-05-2025,08-05-2025,Standard Class,CUST2069,Anjali Davis,Home Office,UK,Delhi,P1007,Router,10,119.35
4238,ORD2054,24-11-2024,03-12-2024,First Class,CUST3211,Daniel Patel,Corporate,Germany,Bangalore,P1003,Mouse,10,3589.52
4239,ORD2114,31-12-2099,20-02-2023,Standard Class,CUST1877,Priya Gupta,Consumer,India,Delhi,P1008,SSD,1,1872.7
4240,ORD2130,20-03-2025,29-03-2025,First Class,CUST3127,Emily Davis,Home Office,India,Berlin,P1007,Router,5,2626.48
4241,ORD2128,21-03-2023,25-03-2023,Standard Class,CUST3426,Emily Johnson,Corporate,India,London,P1005,Headphones,1,3730.94
4242,ORD2133,14-04-2023,18-04-2023,Standard Class,CUST3024,Olivia Smith,Consumer,India,New York,P1007,Router,9,4107.77
4243,ORD1623,15-01-2025,17-01-2025,Second Class,CUST2027,Amit Johnson,Consumer,Germany,New York,P1003,Mouse,6,868.8
4244,ORD1669,12-09-2023,22-09-2023,Second Class,CUST2323,Daniel Patel,Corporate,India,New York,P1007,Router,5,550.59
4245,ORD1318,10-11-2024,20-11-2024,Standard Class,CUST1256,,Home Office,USA,Delhi,P1008,SSD,2,1699.97
4246,ORD2205,19-09-2023,21-09-2023,Same Day,CUST1448,Jane Johnson,Corporate,Germany,Bangalore,P1008,SSD,3,1289.95
4247,ORD2440,08-02-2023,18-02-2023,First Class,CUST1555,Olivia Sharma,Consumer,USA,Pune,P1007,Router,7,4098.14
4248,ORD1845,01-01-2025,11-01-2025,Standard Class,CUST1247,John Johnson,Consumer,USA,Bangalore,P1005,Headphones,4,4886.78
4249,ORD1046,06-05-2023,13-05-2023,Same Day,CUST2381,Emily Sharma,Home Office,Canada,Bangalore,P1008,SSD,3,1145.92
4250,ORD2488,24-10-2024,28-10-2024,First Class,CUST1407,David Davis,Corporate,UK,Toronto,P1007,Router,3,917.32
4251,ORD2034,24-01-2023,01-02-2023,Standard Class,CUST2285,Sarah Taylor,Home Office,Germany,Mumbai,P1005,Headphones,6,3664.09
4252,ORD1752,08-01-2023,18-01-2023,Second Class,CUST3149,Sneha Johnson,Corporate,Germany,Bangalore,P1005,Headphones,7,804.4
4253,ORD1912,18-05-2024,21-05-2024,Standard Class,CUST3055,Priya Brown,Corporate,UK,Pune,P1002,Keyboard,1,4171.76
4254,ORD1763,19-08-2024,21-08-2024,Same Day,CUST3345,Amit Johnson,Corporate,UK,London,P1006,Printer,2,2781.46
4255,ORD2214,01-01-2024,07-01-2024,Same Day,CUST2048,Sarah Patel,Consumer,USA,Pune,P1003,Mouse,8,1031.33
4256,ORD2129,09-11-2023,12-11-2023,Same Day,CUST1702,Rahul Taylor,Consumer,USA,Mumbai,P1005,Headphones,3,3105.23
4257,ORD2317,14-04-2024,17-04-2024,First Class,CUST1435,Sneha Davis,Home Office,UK,Delhi,P1007,Router,1,-100
4258,ORD1687,11-05-2025,19-05-2025,Second Class,CUST1437,David Patel,Corporate,USA,London,P1002,Keyboard,4,349.76
4259,ORD1123,22-05-2023,27-05-2023,Second Class,CUST1064,,Consumer,USA,Pune,P1002,Keyboard,5,2150.25
4260,ORD1629,09-07-2023,11-07-2023,Second Class,CUST2904,Sneha Gupta,Home Office,India,London,P1005,Headphones,6,3335.76
4261,ORD2263,22-05-2023,25-05-2023,Same Day,CUST1096,Sneha Brown,Corporate,India,New York,P1008,SSD,10,2358.58
4262,ORD2275,28-10-2024,05-11-2024,Second Class,CUST2439,Robert Miller,Corporate,UK,Pune,P1008,SSD,2,1097.87
4263,ORD1031,24-05-2025,01-06-2025,First Class,CUST2557,Priya Brown,Home Office,Canada,Toronto,P1007,Router,4,1127.94
4264,ORD1841,02-06-2024,03-06-2024,Same Day,CUST1463,Olivia Johnson,Home Office,UK,Berlin,P1001,Laptop,6,286.23
4265,ORD1729,12-10-2024,15-10-2024,Standard Class,CUST1389,Jane Brown,Corporate,India,New York,P1003,Mouse,3,686.5
4266,ORD2432,14-01-2024,24-01-2024,Second Class,CUST1566,Sarah Taylor,Consumer,UK,Bangalore,P1004,Monitor,4,602.95
4267,ORD1152,17-03-2024,24-03-2024,First Class,CUST2259,Olivia Sharma,Home Office,Canada,Mumbai,P1008,SSD,8,616.65
4268,ORD2236,23-06-2024,03-07-2024,Standard Class,CUST1450,Jane Patel,Corporate,Germany,Berlin,P1006,Printer,3,1237.39
4269,ORD1122,21-07-2023,29-07-2023,First Class,CUST2511,Olivia Taylor,Corporate,India,Delhi,P1002,Keyboard,7,1542.05
4270,ORD1430,17-02-2024,20-02-2024,First Class,CUST3086,Amit Wilson,Home Office,Canada,Bangalore,P1005,Headphones,8,392.49
4271,ORD1575,17-04-2024,26-04-2024,First Class,CUST1105,Amit Smith,Corporate,Canada,Pune,P1008,SSD,2,4450.41
4272,ORD2019,25-06-2024,30-06-2024,First Class,CUST1201,John Brown,Home Office,UnknownCountry,New York,P1005,Headphones,9,3031.79
4273,ORD1348,10-10-2023,15-10-2023,Same Day,CUST3488,Daniel Davis,Corporate,Canada,Toronto,P1004,Monitor,1,1468.63
4274,ORD2103,12-02-2025,19-02-2025,Standard Class,CUST1489,,Consumer,Canada,Pune,P1008,SSD,9,885.54
4275,ORD2003,04-01-2025,12-01-2025,First Class,CUST2824,Priya Wilson,Home Office,Canada,Berlin,P1004,Monitor,9,3717.23
4276,ORD1767,18-12-2024,21-12-2024,Second Class,CUST1992,Sneha Johnson,Home Office,Germany,Pune,P1008,SSD,6,2106.2
4277,ORD1669,25-05-2025,30-05-2025,Second Class,CUST2372,David Patel,Corporate,Canada,Berlin,P1002,Keyboard,1,3633.21
4278,ORD2231,13-03-2025,14-03-2025,Same Day,CUST1226,Daniel Wilson,Home Office,UK,London,P1008,SSD,4,182.66
4279,ORD1040,14-03-2023,22-03-2023,Standard Class,CUST2073,Jane Brown,Corporate,USA,London,P1004,Monitor,10,918.28
4280,ORD2307,07-07-2023,17-07-2023,Same Day,CUST2834,Anjali Brown,Corporate,India,London,P1006,Printer,6,1742.55
4281,ORD2322,03-10-2024,06-10-2024,Standard Class,CUST3040,Priya Wilson,Home Office,Germany,London,P1006,Printer,7,1637.55
4282,ORD2331,18-02-2024,23-02-2024,First Class,CUST1884,Priya Wilson,Consumer,Germany,Delhi,P1003,Mouse,3,167.17
4283,ORD1260,22-02-2023,27-02-2023,Standard Class,CUST2713,David Miller,Corporate,India,Berlin,P1002,Keyboard,3,1911.16
4284,ORD1320,01-01-2025,02-01-2025,First Class,CUST3103,Priya Sharma,Consumer,Germany,Toronto,P1002,Keyboard,8,4755.45
4285,ORD1899,24-06-2023,30-06-2023,Standard Class,CUST3349,Sarah Brown,Consumer,Germany,London,P1001,Laptop,7,3617.33
4286,ORD2274,19-07-2023,22-07-2023,First Class,CUST1004,Robert Patel,Consumer,Canada,Toronto,P1001,Laptop,2,3381.48
4287,ORD1687,07-07-2024,16-07-2024,First Class,CUST2438,Michael Davis,Corporate,UK,New York,P1005,Headphones,2,562.24
4288,ORD1055,30-03-2025,31-03-2025,Standard Class,CUST3202,,Corporate,Canada,Mumbai,P1003,Mouse,5,339.46
4289,ORD1843,28-05-2023,01-06-2023,Standard Class,CUST2485,Jane Gupta,Corporate,India,Toronto,P1003,Mouse,8,2971.69
4290,ORD1366,13-08-2024,20-08-2024,First Class,CUST3142,Robert Patel,Consumer,India,New York,P1001,Laptop,4,1388.89
4291,ORD1364,03-07-2023,04-07-2023,Standard Class,CUST2174,Sarah Johnson,Home Office,India,Berlin,P1008,SSD,8,883.44
4292,ORD1293,28-07-2024,05-08-2024,First Class,CUST3075,Rahul Davis,Home Office,Canada,Berlin,P1005,Headphones,5,863.74
4293,ORD2490,12-02-2024,13-02-2024,Same Day,CUST2605,Olivia Gupta,Home Office,Germany,Berlin,P1002,Keyboard,4,4532.52
4294,ORD2056,28-02-2023,02-03-2023,Standard Class,CUST1846,John Patel,Consumer,Germany,Delhi,P1002,Keyboard,4,2671.67
4295,ORD1745,18-06-2023,01-01-2022,Same Day,CUST3022,Emily Smith,Corporate,UK,Mumbai,P1004,Monitor,7,3282.28
4296,ORD2288,11-07-2023,16-07-2023,Same Day,CUST3248,David Sharma,Consumer,UK,Pune,P1005,Headphones,3,2119.7
4297,ORD1811,11-01-2025,17-01-2025,First Class,CUST1531,Priya Miller,Consumer,USA,Berlin,P1006,Printer,1,704.76
4298,ORD1609,17-11-2024,24-11-2024,Same Day,CUST1142,David Gupta,Home Office,Canada,Pune,P1002,Keyboard,1,786.64
4299,ORD2250,27-05-2025,03-06-2025,First Class,CUST2203,Jane Miller,Home Office,India,New York,P1006,Printer,4,2471.94
4300,ORD1067,20-06-2023,30-06-2023,Same Day,CUST1134,Emily Smith,Consumer,UK,Toronto,P1007,Router,3,1226.43
4301,ORD1923,17-04-2025,20-04-2025,Same Day,CUST2099,Chris Patel,Corporate,India,New York,P1005,Headphones,9,3812.16
4302,ORD1731,12-06-2025,14-06-2025,Standard Class,CUST2657,Emily Sharma,Home Office,USA,Delhi,P1002,Keyboard,3,3382.77
4303,ORD1993,11-09-2024,13-09-2024,Standard Class,CUST3012,Amit Patel,Consumer,USA,London,P1002,Keyboard,10,3571.55
4304,ORD2395,10-04-2024,13-04-2024,Same Day,CUST3444,David Brown,Consumer,USA,Delhi,P1002,Keyboard,6,1271.47
4305,ORD1526,14-03-2023,23-03-2023,First Class,CUST2959,Olivia Sharma,Consumer,Canada,Toronto,P1008,SSD,6,3414.2
4306,ORD1331,13-06-2023,18-06-2023,Second Class,CUST2785,Robert Smith,Corporate,Germany,Bangalore,P1006,Printer,4,4985.55
4307,ORD1578,18-02-2023,27-02-2023,Second Class,CUST2932,Amit Davis,Corporate,India,London,P1004,Monitor,10,953.41
4308,ORD1796,29-02-2024,09-03-2024,Same Day,CUST3120,John Taylor,Consumer,Canada,London,P1007,Router,7,1712.71
4309,ORD1104,26-01-2023,27-01-2023,Second Class,CUST2984,Emily Smith,Home Office,USA,Toronto,P1003,Mouse,1,1440.52
4310,ORD1011,25-09-2024,28-09-2024,Second Class,CUST1909,Priya Johnson,Corporate,USA,Pune,P1001,Laptop,4,4032.16
4311,ORD1591,05-04-2024,08-04-2024,Second Class,CUST3370,Michael Brown,Home Office,Canada,New York,P1008,SSD,10,1672.26
4312,ORD1323,25-05-2024,01-06-2024,Second Class,CUST2009,Robert Miller,Home Office,UnknownCountry,Delhi,,Mouse,5,197.41
4313,ORD1965,28-06-2023,07-07-2023,First Class,CUST3057,,Consumer,Germany,Mumbai,P1002,Keyboard,10,4007.16
4314,ORD1063,06-09-2024,15-09-2024,First Class,CUST1079,Rahul Davis,Consumer,Canada,Delhi,P1001,Laptop,8,775.63
4315,ORD1550,07-03-2025,12-03-2025,Second Class,CUST1760,Priya Patel,Home Office,UK,Delhi,P1006,Printer,7,2468.2
4316,ORD1274,07-12-2024,15-12-2024,Second Class,CUST1604,Jane Patel,Corporate,USA,Delhi,P1003,Mouse,6,298.41
4317,ORD1197,06-02-2024,16-02-2024,Second Class,CUST3321,Olivia Gupta,Corporate,UK,Pune,P1004,Monitor,2,3537.88
4318,ORD1808,13-12-2023,15-12-2023,Standard Class,CUST3239,Robert Brown,Corporate,Germany,London,P1007,Router,2,1162.45
4319,ORD2190,11-03-2024,18-03-2024,First Class,CUST2901,Emily Brown,Home Office,Germany,Toronto,P1001,Laptop,7,3732.16
4320,ORD1980,09-03-2023,11-03-2023,Second Class,CUST1551,Sneha Smith,Corporate,USA,Bangalore,P1002,Keyboard,10,637.47
4321,,31-03-2023,09-04-2023,Same Day,CUST2350,Olivia Patel,Consumer,Canada,Bangalore,P1005,Headphones,7,2922.48
4322,ORD2360,28-05-2025,06-06-2025,Standard Class,CUST2549,Priya Sharma,Home Office,UK,London,P1006,Printer,10,3112.38
4323,ORD2188,19-03-2023,29-03-2023,Same Day,CUST3397,Priya Sharma,Consumer,USA,Delhi,P1007,Router,4,1922.28
4324,ORD1627,08-08-2024,18-08-2024,Standard Class,CUST2185,Sarah Gupta,Home Office,India,New York,P1006,Printer,4,4442.47
4325,ORD1515,08-06-2023,13-06-2023,Same Day,CUST1636,Robert Davis,Consumer,Canada,Berlin,P1002,Keyboard,8,3831.55
4326,ORD2450,07-10-2023,10-10-2023,Second Class,CUST1404,Daniel Brown,Home Office,UK,Delhi,P1003,Mouse,2,4059.91
4327,ORD2209,11-05-2025,19-05-2025,Standard Class,CUST3360,John Davis,Corporate,Canada,Bangalore,P1004,Monitor,2,2295.82
4328,ORD1206,02-02-2023,05-02-2023,Second Class,CUST3291,Emily Smith,Home Office,USA,Bangalore,P1006,Printer,3,2396.08
4329,ORD1049,02-11-2023,08-11-2023,First Class,CUST1358,Sarah Patel,Home Office,Canada,Bangalore,P1004,Monitor,5,4981.32
4330,ORD1134,14-12-2024,22-12-2024,Standard Class,CUST2559,Sarah Davis,Corporate,UK,Berlin,P1002,Keyboard,2,3522.79
4331,ORD1533,31-12-2099,09-06-2025,Second Class,CUST2325,David Johnson,Corporate,Canada,Delhi,P1004,Monitor,3,211.4
4332,ORD2104,17-05-2023,27-05-2023,First Class,CUST3257,Anjali Smith,Consumer,Germany,New York,P1005,Headphones,6,2331.26
4333,ORD2380,24-07-2024,31-07-2024,Standard Class,CUST2749,Anjali Brown,Corporate,UK,Bangalore,P1002,Keyboard,2,4605.39
4334,ORD1659,12-09-2023,19-09-2023,Standard Class,CUST1820,Sarah Taylor,Corporate,India,Bangalore,P1006,Printer,7,2356.43
4335,ORD1595,19-05-2025,26-05-2025,Same Day,CUST1411,Robert Smith,Corporate,UK,Bangalore,P1002,Keyboard,4,2290.74
4336,ORD1040,10-05-2024,14-05-2024,Same Day,CUST1320,Michael Gupta,Home Office,UK,Berlin,P1007,Router,1,2117.14
4337,ORD1767,03-09-2023,05-09-2023,Standard Class,CUST2857,Chris Taylor,Home Office,UK,Mumbai,P1003,Mouse,7,3127.88
4338,ORD1923,24-05-2023,03-06-2023,Same Day,CUST1576,Daniel Smith,Corporate,India,Toronto,P1007,Router,3,3083.64
4339,ORD1133,22-09-2024,24-09-2024,Same Day,CUST3260,Olivia Gupta,Corporate,Germany,Toronto,P1007,Router,5,2482.43
4340,ORD1529,15-01-2023,17-01-2023,First Class,CUST2411,Sarah Johnson,Corporate,UnknownCountry,London,P1003,Mouse,1,1339.46
4341,ORD1210,20-03-2024,22-03-2024,Second Class,CUST3217,Daniel Wilson,Consumer,USA,Berlin,P1005,Headphones,3,4234.71
4342,ORD1976,11-12-2023,16-12-2023,Same Day,CUST2712,Daniel Miller,Home Office,India,New York,P1006,Printer,2,1327.09
4343,ORD1728,06-11-2024,07-11-2024,Same Day,CUST1805,Robert Smith,Consumer,Germany,London,P1006,Printer,6,844.3
4344,ORD2070,10-07-2023,14-07-2023,Second Class,CUST1608,Rahul Miller,Corporate,Canada,Bangalore,P1002,Keyboard,5,1053.23
4345,ORD1735,02-07-2024,08-07-2024,Same Day,CUST2909,Robert Davis,Home Office,UK,Toronto,P1002,Keyboard,10,782.75
4346,ORD1684,30-12-2024,04-01-2025,Same Day,CUST2667,Sarah Sharma,Corporate,USA,Berlin,P1004,Monitor,2,430.29
4347,ORD1237,07-04-2025,14-04-2025,Second Class,CUST2402,Rahul Patel,Corporate,USA,New York,P1006,Printer,6,4043.6
4348,ORD1870,12-11-2024,22-11-2024,Second Class,CUST3485,David Taylor,Corporate,USA,Mumbai,P1006,Printer,10,2889.99
4349,ORD1945,21-12-2024,24-12-2024,First Class,CUST2133,Jane Gupta,Home Office,USA,New York,P1006,Printer,4,471.49
4350,ORD2159,22-12-2024,24-12-2024,Second Class,CUST1291,Emily Wilson,Corporate,India,Toronto,P1005,Headphones,8,4221.04
4351,ORD1301,15-11-2023,18-11-2023,Same Day,CUST2071,John Wilson,Consumer,UK,Delhi,P1006,Printer,8,3201.26
4352,ORD1952,20-03-2025,21-03-2025,First Class,CUST2030,Olivia Gupta,Corporate,Canada,Bangalore,P1004,Monitor,1,4825.39
4353,ORD2349,28-03-2024,07-04-2024,First Class,CUST1315,Sneha Smith,Home Office,India,Toronto,P1008,SSD,6,3844.44
4354,ORD1201,28-09-2024,03-10-2024,Same Day,CUST1694,Daniel Davis,Corporate,Canada,Pune,P1001,Laptop,6,3645.63
4355,ORD1556,02-05-2023,04-05-2023,Standard Class,CUST3102,Michael Miller,Consumer,USA,Mumbai,P1008,SSD,10,760.51
4356,ORD1650,01-04-2023,05-04-2023,Standard Class,CUST1734,Rahul Patel,Consumer,India,Pune,P1001,Laptop,5,2233.97
4357,ORD2381,28-04-2025,06-05-2025,Standard Class,CUST2423,Emily Patel,Consumer,USA,Berlin,P1003,Mouse,9,979.56
4358,ORD2265,29-01-2023,03-02-2023,First Class,CUST2966,Anjali Wilson,Corporate,Canada,New York,P1008,SSD,5,725.19
4359,ORD1782,26-08-2023,30-08-2023,Second Class,CUST3285,Amit Wilson,Home Office,Canada,London,P1004,Monitor,2,2875.12
4360,ORD1086,01-08-2023,06-08-2023,Standard Class,CUST3290,Michael Wilson,Consumer,USA,Mumbai,P1004,Monitor,2,2140.08
4361,ORD1100,20-02-2024,25-02-2024,Standard Class,CUST1824,Emily Miller,Consumer,UK,Pune,P1005,Headphones,8,3430.11
4362,ORD2280,19-07-2023,23-07-2023,Second Class,CUST1173,Chris Gupta,Consumer,Germany,Delhi,P1005,Headphones,2,3146.49
4363,ORD2088,13-06-2023,15-06-2023,Standard Class,CUST2776,Sneha Davis,Home Office,USA,Bangalore,P1007,Router,2,2664.02
4364,ORD1770,17-04-2024,26-04-2024,Standard Class,CUST1111,Amit Smith,Consumer,USA,Bangalore,P1002,Keyboard,7,4986.26
4365,ORD2392,06-05-2024,07-05-2024,First Class,CUST2842,Rahul Patel,Consumer,UK,Toronto,P1003,Mouse,5,1388.64
4366,ORD1130,13-03-2023,23-03-2023,Invalid Mode,CUST2195,Olivia Gupta,Home Office,USA,Toronto,P1004,Monitor,4,2979.58
4367,ORD2158,19-12-2024,26-12-2024,First Class,CUST1068,Sneha Brown,Consumer,Germany,New York,P1003,Mouse,10,762.26
4368,ORD1461,14-03-2023,22-03-2023,Standard Class,CUST2070,Emily Smith,Home Office,India,Mumbai,P1006,Printer,4,3129.39
4369,ORD1747,24-02-2025,04-03-2025,Same Day,CUST1989,Rahul Patel,Consumer,Germany,Pune,P1003,Mouse,1,1945.58
4370,ORD2470,07-05-2024,11-05-2024,Second Class,CUST3128,Michael Gupta,Corporate,UK,Bangalore,P1004,Monitor,5,2724.19
4371,ORD1107,29-05-2025,01-06-2025,Same Day,CUST2602,Amit Miller,Home Office,USA,Bangalore,P1005,Headphones,9,1842.86
4372,ORD1706,11-01-2025,17-01-2025,Standard Class,CUST1300,John Johnson,Home Office,UK,New York,P1003,Mouse,5,3880.27
4373,ORD2127,19-05-2025,24-05-2025,Second Class,CUST1016,Priya Wilson,Consumer,UK,Pune,P1008,SSD,9,4284.62
4374,ORD1954,15-01-2023,19-01-2023,Second Class,CUST1420,Anjali Gupta,Corporate,UK,Mumbai,P1003,Mouse,3,1754.76
4375,ORD1514,05-02-2025,15-02-2025,Standard Class,CUST1106,Sarah Brown,Consumer,UK,Pune,P1004,Monitor,1,1186.28
4376,ORD1996,15-05-2023,24-05-2023,Standard Class,CUST1615,Olivia Miller,Corporate,USA,London,P1002,Keyboard,8,1667.32
4377,ORD1731,28-04-2023,01-05-2023,Second Class,CUST2897,John Smith,Corporate,Germany,Toronto,P1007,Router,4,1078.85
4378,ORD1047,26-03-2025,29-03-2025,First Class,CUST1423,Priya Sharma,Corporate,Canada,Delhi,P1003,Mouse,2,4535.2
4379,ORD2001,20-10-2023,27-10-2023,Standard Class,CUST1851,Sarah Wilson,Corporate,Germany,London,P1003,Mouse,9,926.57
4380,ORD2275,12-01-2024,19-01-2024,Same Day,CUST1653,Jane Miller,Consumer,Germany,London,P1006,Printer,10,212.74
4381,ORD2160,08-11-2023,13-11-2023,First Class,CUST3041,Emily Davis,Corporate,Canada,Bangalore,P1002,Keyboard,8,3816.18
4382,ORD2454,22-04-2025,25-04-2025,Same Day,CUST2196,Chris Taylor,Corporate,Germany,Toronto,P1006,Printer,5,4975.96
4383,ORD1894,03-03-2024,13-03-2024,First Class,CUST3034,Priya Smith,Corporate,India,Toronto,P1006,Printer,6,4708.26
4384,ORD1107,10-02-2024,18-02-2024,First Class,CUST2380,Jane Johnson,Corporate,Germany,Mumbai,P1007,Router,6,3100.41
4385,ORD1678,27-02-2024,07-03-2024,Standard Class,CUST2271,Daniel Brown,Corporate,UK,Toronto,P1008,SSD,10,2522.62
4386,ORD1731,17-02-2023,26-02-2023,First Class,CUST2627,Robert Smith,Home Office,Canada,Bangalore,P1001,Laptop,9,3535.41
4387,ORD1375,31-05-2024,06-06-2024,First Class,CUST1418,Robert Brown,Corporate,UK,Mumbai,P1001,Laptop,3,186.63
4388,ORD2258,11-06-2023,14-06-2023,Second Class,CUST1450,Michael Davis,Home Office,India,Delhi,P1006,Printer,10,4094.23
4389,ORD2477,16-10-2023,21-10-2023,Second Class,CUST3017,Robert Davis,Corporate,India,New York,P1007,Router,9,2346.98
4390,ORD2208,23-05-2025,31-05-2025,First Class,CUST1399,Michael Miller,Corporate,UK,London,P1002,Keyboard,9,3011.55
4391,ORD2495,13-07-2024,19-07-2024,Second Class,CUST2357,Amit Wilson,Home Office,Germany,Pune,P1004,Monitor,7,2972.43
4392,ORD1456,23-12-2023,02-01-2024,Second Class,CUST1546,Amit Gupta,Home Office,UK,Pune,P1006,Printer,3,4957.57
4393,ORD2170,10-12-2024,11-12-2024,Standard Class,CUST3033,Sneha Wilson,Home Office,Canada,Bangalore,P1002,Keyboard,2,656.38
4394,ORD1588,13-09-2024,20-09-2024,Second Class,CUST2735,Daniel Smith,Home Office,Germany,Pune,P1004,Monitor,1,1606.82
4395,ORD1005,31-12-2099,22-10-2023,Standard Class,CUST2852,Olivia Wilson,Consumer,India,London,P1007,Router,10,2479.22
4396,ORD2064,01-08-2023,06-08-2023,First Class,CUST3459,Anjali Wilson,Consumer,India,Mumbai,P1005,Headphones,5,856.4
4397,ORD2384,05-06-2024,10-06-2024,Second Class,CUST3233,Sneha Sharma,Corporate,UK,Mumbai,P1002,Keyboard,8,2758.59
4398,ORD1356,29-11-2023,05-12-2023,First Class,CUST2273,Jane Patel,Consumer,Germany,Mumbai,P1001,Laptop,10,1065.06
4399,ORD1757,04-05-2025,12-05-2025,Standard Class,CUST2813,Daniel Miller,Corporate,India,Toronto,P1008,SSD,2,4545.53
4400,ORD1867,24-08-2024,29-08-2024,Second Class,CUST2495,Daniel Johnson,Consumer,Germany,New York,P1002,Keyboard,9,1064.65
4401,ORD2230,17-11-2023,23-11-2023,Second Class,CUST2984,Priya Smith,Home Office,Canada,Delhi,P1006,Printer,3,2108.5
4402,ORD2344,24-04-2023,30-04-2023,First Class,CUST3449,John Sharma,Consumer,Germany,Delhi,P1007,Router,8,2152.35
4403,ORD1039,12-01-2023,15-01-2023,First Class,CUST1315,Sneha Brown,Consumer,Germany,New York,P1004,Monitor,6,4963.83
4404,ORD2450,07-03-2025,14-03-2025,First Class,CUST2922,Sarah Wilson,Home Office,UK,Bangalore,P1002,Keyboard,9,1763.14
4405,ORD2300,07-11-2024,14-11-2024,Second Class,CUST2952,Emily Miller,Home Office,UK,Pune,P1004,Monitor,4,3675.31
4406,ORD1969,24-12-2024,02-01-2025,Standard Class,CUST1462,Amit Taylor,Consumer,India,Pune,P1008,SSD,4,1206.56
4407,ORD1969,16-09-2024,22-09-2024,Second Class,CUST1827,Jane Wilson,Consumer,USA,New York,P1003,Mouse,2,3166.02
4408,ORD1905,13-01-2023,21-01-2023,Second Class,CUST3005,Amit Gupta,Home Office,Canada,Bangalore,P1002,Keyboard,4,3741.11
4409,ORD1993,16-02-2025,26-02-2025,Standard Class,CUST1786,,Consumer,India,Delhi,P1001,Laptop,3,4401.99
4410,ORD1625,16-10-2023,25-10-2023,Second Class,CUST2302,Jane Miller,Corporate,Germany,Pune,P1005,Headphones,7,4409.5
4411,ORD2200,28-12-2023,05-01-2024,Standard Class,CUST2191,Michael Patel,Home Office,Germany,Mumbai,P1002,Keyboard,1,3531.35
4412,ORD2294,10-07-2023,19-07-2023,Second Class,CUST1545,David Johnson,Corporate,India,Pune,P1005,Headphones,9,4013.55
4413,ORD2338,29-04-2025,03-05-2025,Second Class,CUST3025,Priya Wilson,Consumer,UK,Mumbai,P1002,Keyboard,4,4935.46
4414,ORD1121,09-05-2025,15-05-2025,Second Class,CUST2360,Anjali Johnson,Corporate,USA,Bangalore,P1008,SSD,4,4612.58
4415,ORD2066,28-04-2023,02-05-2023,Second Class,CUST1664,John Johnson,Home Office,UK,Delhi,P1007,Router,10,4782.09
4416,ORD2410,13-05-2024,23-05-2024,First Class,CUST2178,Robert Brown,Consumer,India,Toronto,P1007,Router,8,93.02
4417,ORD1109,03-03-2024,06-03-2024,Second Class,CUST1433,Daniel Brown,Corporate,India,Berlin,P1001,Laptop,7,2191.9
4418,ORD2472,13-10-2024,19-10-2024,Same Day,CUST1624,Daniel Miller,Consumer,India,Bangalore,P1004,Monitor,6,266.95
4419,ORD1205,18-04-2023,22-04-2023,First Class,CUST3481,Robert Taylor,Home Office,Germany,London,P1005,Headphones,1,2970.01
4420,ORD2153,26-03-2023,04-04-2023,First Class,CUST2458,David Miller,Corporate,Germany,Berlin,P1005,Headphones,3,1791.41
4421,ORD1954,12-05-2025,15-05-2025,First Class,CUST3004,David Wilson,Consumer,India,Berlin,P1001,Laptop,6,2089.03
4422,ORD2165,21-09-2023,01-10-2023,First Class,CUST2573,Emily Johnson,Corporate,UK,New York,P1001,Laptop,5,2132.19
4423,ORD1743,11-05-2024,16-05-2024,First Class,CUST2303,Michael Patel,Consumer,Germany,Toronto,P1002,Keyboard,5,1925.59
4424,ORD1035,27-07-2024,06-08-2024,Standard Class,CUST2024,Sarah Johnson,Corporate,Germany,New York,P1004,Monitor,3,428.38
4425,ORD2220,11-04-2023,15-04-2023,Same Day,CUST2393,David Taylor,Consumer,Germany,Bangalore,P1007,Router,8,2450.22
4426,ORD1271,05-02-2025,13-02-2025,First Class,CUST2029,Daniel Brown,Consumer,UK,Pune,P1002,Keyboard,3,4977.89
4427,ORD1003,03-01-2025,07-01-2025,First Class,CUST1401,Michael Wilson,Corporate,USA,Delhi,P1004,Monitor,4,4874.55
4428,ORD1932,30-05-2023,31-05-2023,First Class,CUST1281,Rahul Gupta,Corporate,USA,Berlin,P1008,SSD,1,4717.68
4429,ORD1106,26-05-2025,02-06-2025,Second Class,CUST1961,Rahul Miller,Home Office,Germany,Berlin,P1004,Monitor,8,1088.2
4430,ORD1763,31-12-2099,15-06-2023,First Class,CUST3168,Sarah Gupta,Corporate,UK,Delhi,P1001,Laptop,7,4723.73
4431,ORD1325,31-03-2023,09-04-2023,First Class,CUST1409,,Home Office,Germany,London,P1005,Headphones,9,2841.41
4432,ORD2411,15-08-2024,24-08-2024,Standard Class,CUST1408,Chris Miller,Home Office,UK,Delhi,P1002,Keyboard,9,644.52
4433,ORD2455,27-07-2024,31-07-2024,Second Class,CUST1008,Robert Wilson,Consumer,USA,London,P1005,Headphones,6,980.97
4434,ORD1632,20-07-2023,24-07-2023,Same Day,CUST1404,Chris Miller,Corporate,USA,Mumbai,P1005,Headphones,5,299.91
4435,ORD2157,22-11-2024,26-11-2024,First Class,CUST1607,David Davis,Home Office,India,Mumbai,P1003,Mouse,10,3243.8
4436,ORD2394,28-01-2025,05-02-2025,Standard Class,CUST2540,Sarah Davis,Consumer,UK,Bangalore,P1004,Monitor,1,3305.41
4437,ORD2342,26-03-2025,03-04-2025,First Class,CUST2042,Priya Taylor,Consumer,Germany,Mumbai,P1003,Mouse,8,638.22
4438,ORD1277,27-03-2023,30-03-2023,Same Day,CUST3210,Rahul Sharma,Home Office,India,Mumbai,P1006,Printer,3,1551.28
4439,ORD1228,05-08-2024,14-08-2024,Same Day,CUST1666,David Wilson,Home Office,Germany,London,P1003,Mouse,3,4997.9
4440,ORD1902,29-01-2024,08-02-2024,First Class,CUST1587,Daniel Taylor,Consumer,India,Pune,,Keyboard,10,2344.39
4441,ORD2037,13-08-2024,19-08-2024,Same Day,CUST2661,Emily Smith,Consumer,Germany,Mumbai,P1002,Keyboard,1,1893.55
4442,ORD1607,22-01-2023,25-01-2023,Same Day,CUST2596,John Johnson,Home Office,USA,Bangalore,P1008,SSD,2,1975.37
4443,ORD1695,13-05-2025,21-05-2025,Standard Class,CUST1100,John Smith,Consumer,Canada,Toronto,P1006,Printer,9,1776.62
4444,ORD1639,02-09-2023,12-09-2023,Second Class,CUST3247,David Gupta,Home Office,India,New York,P1008,SSD,6,2539.45
4445,ORD1795,21-08-2023,22-08-2023,Standard Class,CUST1712,Rahul Johnson,Home Office,USA,Bangalore,P1003,Mouse,7,1008.79
4446,ORD1971,18-05-2023,24-05-2023,Standard Class,CUST1570,Rahul Taylor,Consumer,USA,Pune,P1002,Keyboard,1,813.44
4447,ORD1313,27-08-2023,04-09-2023,First Class,CUST1151,Robert Gupta,Home Office,UK,Delhi,P1001,Laptop,6,842.34
4448,ORD1312,12-08-2024,15-08-2024,First Class,CUST2611,Emily Wilson,Corporate,Canada,Bangalore,P1006,Printer,2,2190.86
4449,ORD1188,01-11-2023,07-11-2023,Standard Class,CUST1845,Robert Patel,Consumer,UK,New York,P1006,Printer,3,4173.4
4450,ORD1417,27-03-2024,30-03-2024,Same Day,CUST2737,Priya Sharma,Home Office,USA,Delhi,P1005,Headphones,7,4561.98
4451,ORD1986,04-02-2024,06-02-2024,First Class,CUST2803,Rahul Smith,Corporate,UK,London,P1008,SSD,3,3792.84
4452,ORD1602,11-01-2025,14-01-2025,First Class,CUST3446,Chris Sharma,Corporate,USA,London,P1001,Laptop,5,3041.23
4453,ORD2090,23-02-2023,02-03-2023,Second Class,CUST2975,Jane Miller,Home Office,Canada,Mumbai,P1005,Headphones,4,1485.75
4454,ORD2047,29-09-2024,07-10-2024,Standard Class,CUST1444,Robert Smith,Consumer,UK,Toronto,P1004,Monitor,6,1211.03
4455,ORD2159,09-09-2024,15-09-2024,Standard Class,CUST1392,Chris Patel,Corporate,USA,New York,P1003,Mouse,1,512.27
4456,ORD1046,23-11-2024,28-11-2024,Same Day,CUST1249,Anjali Taylor,Corporate,Germany,Mumbai,P1004,Monitor,9,4032.75
4457,ORD1493,13-12-2023,22-12-2023,First Class,CUST3058,Sneha Davis,Corporate,UK,London,P1006,Printer,5,3186.56
4458,ORD1918,18-01-2024,28-01-2024,Same Day,CUST2064,Michael Patel,Home Office,UK,Delhi,P1008,SSD,10,3257.48
4459,ORD1118,18-01-2025,23-01-2025,Same Day,CUST3171,Michael Gupta,Corporate,Canada,New York,P1004,Monitor,10,4898.78
4460,ORD2376,24-06-2024,30-06-2024,Same Day,CUST3140,Daniel Sharma,Corporate,USA,London,P1001,Laptop,4,330.8
4461,ORD2047,20-04-2023,26-04-2023,Same Day,CUST2798,Amit Miller,Corporate,UK,Pune,P1001,Laptop,2,4238.27
4462,ORD2233,16-08-2023,19-08-2023,Same Day,CUST2975,Jane Miller,Home Office,Germany,Delhi,P1005,Headphones,8,1714.21
4463,ORD1443,25-03-2024,27-03-2024,Standard Class,CUST1601,Anjali Miller,Corporate,Germany,Toronto,P1001,Laptop,4,1624.93
4464,ORD2145,17-05-2025,25-05-2025,Same Day,CUST1227,Emily Davis,Consumer,India,Bangalore,P1006,Printer,7,427.72
4465,ORD2400,08-10-2024,09-10-2024,First Class,CUST2276,Chris Sharma,Corporate,India,Berlin,P1002,Keyboard,3,3564.72
4466,ORD2344,23-10-2023,25-10-2023,Second Class,CUST2750,Priya Patel,Home Office,India,Toronto,P1001,Laptop,10,3914.23
4467,ORD1454,07-06-2023,16-06-2023,Standard Class,CUST1290,Jane Gupta,Consumer,USA,Mumbai,P1005,Headphones,4,4750.56
4468,ORD1992,29-01-2023,08-02-2023,Standard Class,CUST3166,David Sharma,Corporate,Germany,Mumbai,P1008,SSD,9,2353.04
4469,ORD2429,28-08-2023,05-09-2023,Standard Class,CUST2704,Chris Miller,Consumer,Canada,London,P1004,Monitor,10,888.5
4470,ORD1633,28-02-2024,29-02-2024,Standard Class,CUST1066,Robert Miller,Home Office,Canada,Berlin,P1002,Keyboard,5,305.11
4471,ORD2217,06-12-2024,14-12-2024,Standard Class,CUST3103,Sarah Brown,Corporate,Canada,Toronto,P1001,Laptop,2,-100
4472,ORD1773,07-04-2023,08-04-2023,Second Class,CUST2858,John Smith,Corporate,India,Mumbai,P1006,Printer,2,80.55
4473,ORD1306,07-02-2025,10-02-2025,Standard Class,CUST1693,Anjali Sharma,Home Office,USA,Mumbai,P1003,Mouse,6,524.2
4474,ORD1073,05-05-2023,07-05-2023,Same Day,CUST3319,Sarah Wilson,Home Office,Germany,Pune,P1002,Keyboard,1,3925.35
4475,ORD1948,22-03-2024,01-04-2024,Standard Class,CUST1162,Daniel Johnson,Corporate,Germany,New York,P1008,SSD,2,453.74
4476,ORD1871,23-08-2023,26-08-2023,Second Class,CUST2486,Jane Miller,Corporate,UK,Delhi,P1003,Mouse,10,4687.63
4477,ORD2038,08-10-2024,15-10-2024,Same Day,CUST2827,Michael Johnson,Consumer,Canada,Mumbai,P1002,Keyboard,3,4073.08
4478,ORD1518,24-05-2025,29-05-2025,First Class,CUST2338,John Brown,Home Office,UK,Delhi,P1007,Router,2,4230.22
4479,ORD2358,22-03-2025,25-03-2025,First Class,CUST3149,John Patel,Home Office,Canada,London,P1006,Printer,10,4193.77
4480,ORD1673,03-01-2023,06-01-2023,Second Class,CUST2031,,Corporate,USA,Bangalore,P1005,Headphones,6,938.22
4481,ORD1236,06-11-2024,14-11-2024,First Class,CUST3061,Priya Gupta,Consumer,USA,Delhi,P1006,Printer,1,815.13
4482,ORD1820,03-04-2023,07-04-2023,Standard Class,CUST1962,Jane Taylor,Corporate,Canada,Toronto,P1003,Mouse,8,1436.37
4483,ORD2060,21-06-2023,24-06-2023,Standard Class,CUST3043,Olivia Davis,Home Office,India,Mumbai,P1008,SSD,5,3080.09
4484,ORD1471,02-02-2023,12-02-2023,Same Day,CUST2603,Daniel Gupta,Corporate,USA,Toronto,P1007,Router,1,3182.2
4485,ORD2452,15-09-2024,22-09-2024,Standard Class,CUST1170,David Gupta,Consumer,Canada,New York,P1005,Headphones,10,1671.84
4486,ORD1526,30-04-2025,06-05-2025,First Class,CUST2667,Emily Gupta,Corporate,India,Bangalore,P1005,Headphones,8,600.74
4487,ORD1404,18-09-2023,21-09-2023,Second Class,CUST1714,Amit Gupta,Consumer,USA,Delhi,P1008,SSD,8,3849.18
4488,ORD1872,25-11-2023,30-11-2023,Second Class,CUST3046,Daniel Wilson,Home Office,UK,Toronto,P1005,Headphones,5,1746.67
4489,ORD1563,25-10-2024,26-10-2024,Standard Class,CUST1114,Michael Johnson,Corporate,USA,Toronto,P1004,Monitor,7,1665.47
4490,ORD2153,28-10-2023,03-11-2023,Second Class,CUST1880,Michael Davis,Corporate,UK,Bangalore,P1004,Monitor,4,1778.09
4491,ORD1854,11-06-2024,14-06-2024,Same Day,CUST2494,Chris Gupta,Home Office,UK,New York,P1003,Mouse,10,4513.07
4492,ORD1304,11-11-2024,12-11-2024,Standard Class,CUST1463,Sarah Davis,Home Office,Canada,Toronto,P1004,Monitor,2,3972.07
4493,ORD1159,10-01-2024,18-01-2024,Standard Class,CUST1406,Olivia Wilson,Consumer,India,Pune,P1008,SSD,6,3756.04
4494,ORD2082,21-04-2023,28-04-2023,Second Class,CUST1283,Emily Davis,Home Office,UK,Delhi,P1003,Mouse,9,412.89
4495,ORD1733,12-07-2024,20-07-2024,First Class,CUST1159,Rahul Johnson,Corporate,USA,Berlin,P1007,Router,6,162.27
4496,ORD1899,19-04-2025,29-04-2025,Standard Class,CUST2518,Jane Smith,Home Office,Germany,Pune,P1003,Mouse,1,200.62
4497,ORD2184,25-05-2025,30-05-2025,Second Class,CUST1061,John Brown,Corporate,Canada,Bangalore,P1005,Headphones,3,3762.57
4498,ORD2387,20-01-2024,26-01-2024,First Class,CUST1598,Priya Sharma,Home Office,USA,Mumbai,P1007,Router,9,907.01
4499,ORD1404,18-06-2023,25-06-2023,Same Day,CUST1927,Anjali Johnson,Consumer,UK,Bangalore,P1008,SSD,2,3745.69
4500,ORD1939,14-12-2023,18-12-2023,Standard Class,CUST2131,Jane Wilson,Consumer,Canada,New York,P1008,SSD,3,2980
4501,ORD1062,24-03-2025,31-03-2025,Same Day,CUST1458,David Davis,Home Office,USA,Pune,P1005,Headphones,7,2511.25
4502,ORD2451,11-01-2025,14-01-2025,First Class,CUST1209,Emily Taylor,Corporate,Canada,New York,P1006,Printer,4,2810.35
4503,ORD2195,27-10-2023,04-11-2023,Second Class,CUST3081,Rahul Gupta,Consumer,UK,London,P1006,Printer,10,2318.33
4504,ORD2154,23-07-2024,02-08-2024,Second Class,CUST2178,Emily Patel,Home Office,UK,Mumbai,P1003,Mouse,5,799.32
4505,ORD1043,10-01-2023,12-01-2023,Same Day,CUST1485,Jane Gupta,Corporate,Germany,London,P1005,Headphones,5,1890.24
4506,ORD2158,26-01-2025,27-01-2025,Same Day,CUST3238,Robert Sharma,Consumer,Canada,Delhi,P1006,Printer,4,1222.73
4507,ORD1693,31-03-2025,04-04-2025,Standard Class,CUST1523,Sneha Patel,Home Office,UK,Bangalore,P1001,Laptop,10,1706.64
4508,ORD2349,07-07-2023,13-07-2023,Second Class,CUST2861,Daniel Gupta,Home Office,USA,Pune,P1007,Router,3,4094.84
4509,ORD1323,15-11-2023,21-11-2023,Standard Class,CUST1503,Sarah Johnson,Home Office,India,Pune,P1008,SSD,8,1787.72
4510,ORD2004,01-09-2023,05-09-2023,Second Class,CUST2684,Michael Wilson,Home Office,USA,Pune,P1006,Printer,6,478.39
4511,ORD1878,16-08-2024,21-08-2024,Second Class,CUST3265,Priya Taylor,Corporate,India,Berlin,P1005,Headphones,2,1193.35
4512,ORD2401,15-09-2024,19-09-2024,Standard Class,CUST1231,Olivia Patel,Corporate,Germany,Delhi,P1006,Printer,6,2194.43
4513,ORD2477,10-05-2024,14-05-2024,First Class,CUST1815,Sneha Davis,Consumer,Canada,Pune,P1007,Router,3,50.98
4514,ORD2227,23-09-2024,26-09-2024,Same Day,CUST3287,David Brown,Home Office,Canada,Berlin,P1007,Router,6,559.35
4515,ORD1455,11-02-2024,19-02-2024,Standard Class,CUST3416,Priya Patel,Consumer,Canada,Toronto,P1003,Mouse,10,2984.28
4516,ORD2400,19-10-2024,22-10-2024,Same Day,CUST3121,Emily Miller,Corporate,UK,Pune,P1006,Printer,7,1463.89
4517,ORD2171,31-08-2023,04-09-2023,Standard Class,CUST1356,Emily Sharma,Home Office,UnknownCountry,London,P1002,Keyboard,5,4823.34
4518,ORD1348,01-02-2024,04-02-2024,Standard Class,CUST2610,Anjali Smith,Home Office,USA,Toronto,P1002,Keyboard,4,890.42
4519,ORD2402,14-01-2024,16-01-2024,Second Class,CUST1592,Rahul Johnson,Corporate,UK,Toronto,P1006,Printer,2,1036.39
4520,ORD1126,06-05-2025,14-05-2025,Same Day,CUST1321,Sneha Wilson,Home Office,UK,London,P1004,Monitor,5,1574.21
4521,ORD1407,31-01-2023,01-02-2023,First Class,CUST2380,Daniel Gupta,Home Office,Canada,Berlin,P1008,SSD,5,649.47
4522,ORD1601,06-03-2024,12-03-2024,Second Class,CUST1397,Robert Davis,Consumer,USA,London,P1002,Keyboard,4,4303.85
4523,ORD1496,23-12-2024,30-12-2024,Standard Class,CUST2361,Priya Patel,Corporate,Germany,Toronto,P1004,Monitor,7,4380.07
4524,ORD1928,01-03-2023,04-03-2023,Standard Class,CUST2869,Anjali Sharma,Corporate,Canada,Mumbai,P1006,Printer,7,2899.12
4525,ORD2379,01-01-2024,02-01-2024,Second Class,CUST2747,Jane Smith,Corporate,Germany,Toronto,P1006,Printer,6,1763.4
4526,ORD1428,20-05-2023,27-05-2023,Same Day,CUST2110,Daniel Johnson,Home Office,UK,Pune,P1005,Headphones,3,3378.82
4527,ORD1028,21-11-2024,26-11-2024,Same Day,CUST3131,David Taylor,Consumer,UK,Toronto,P1004,Monitor,1,85.26
4528,ORD1137,19-07-2024,22-07-2024,Same Day,CUST1432,Robert Davis,Home Office,Germany,Pune,P1001,Laptop,10,1116.84
4529,ORD2386,18-08-2024,21-08-2024,Standard Class,CUST3319,Jane Taylor,Home Office,Germany,Bangalore,P1008,SSD,9,4212.99
4530,ORD1216,17-09-2024,26-09-2024,Second Class,CUST1394,Robert Patel,Consumer,India,Pune,P1008,SSD,8,3698.26
4531,ORD1935,07-03-2024,08-03-2024,Standard Class,CUST3129,Robert Gupta,Home Office,UK,Delhi,P1002,Keyboard,3,2086.91
4532,ORD1627,03-09-2024,05-09-2024,Second Class,CUST3123,Rahul Davis,Consumer,Germany,Pune,P1006,Printer,7,4367.9
4533,ORD1690,23-03-2025,25-03-2025,Same Day,CUST1822,Jane Davis,Consumer,Germany,Berlin,P1008,SSD,5,2868.32
4534,ORD1236,03-09-2023,09-09-2023,Same Day,CUST2747,Chris Brown,Corporate,UK,Bangalore,P1003,Mouse,8,2144.21
4535,ORD1757,06-03-2023,08-03-2023,First Class,CUST2791,Chris Sharma,Home Office,UK,Pune,P1003,Mouse,7,1111.77
4536,ORD1224,11-04-2024,14-04-2024,Standard Class,CUST2350,David Taylor,Home Office,USA,Toronto,P1008,SSD,3,2698.27
4537,ORD1399,22-10-2023,24-10-2023,First Class,CUST1096,Sarah Davis,Corporate,Canada,Mumbai,P1004,Monitor,8,1590.27
4538,ORD2213,01-03-2024,10-03-2024,First Class,CUST2826,David Wilson,Corporate,UK,New York,P1008,SSD,5,2717.29
4539,ORD1235,11-06-2024,19-06-2024,Second Class,CUST1433,Chris Brown,Corporate,UK,Berlin,P1004,Monitor,8,1433.5
4540,ORD1081,08-03-2025,14-03-2025,Second Class,CUST1266,Emily Johnson,Consumer,UK,Toronto,P1001,Laptop,6,-100
4541,ORD2443,09-11-2024,16-11-2024,Same Day,CUST3304,Olivia Sharma,Home Office,USA,Berlin,P1006,Printer,5,1501.12
4542,ORD2007,22-03-2023,26-03-2023,Standard Class,CUST1677,Emily Davis,Home Office,Germany,Bangalore,P1005,Headphones,5,4326.4
4543,ORD1178,27-01-2023,03-02-2023,Same Day,CUST1554,Rahul Miller,Corporate,Canada,Toronto,P1006,Printer,6,2137.94
4544,ORD1321,31-12-2024,01-01-2025,Invalid Mode,CUST1201,Daniel Davis,Home Office,USA,Bangalore,P1007,Router,7,2230.97
4545,ORD2392,13-05-2024,21-05-2024,First Class,CUST1388,John Taylor,Corporate,USA,Berlin,,Headphones,2,3759.27
4546,ORD1229,16-06-2024,19-06-2024,Standard Class,CUST1892,Sneha Wilson,Consumer,Germany,Bangalore,P1001,Laptop,6,3698.45
4547,ORD2046,07-07-2023,15-07-2023,Same Day,CUST1811,Sneha Brown,Consumer,USA,Pune,P1002,Keyboard,1,2213.86
4548,ORD1808,16-10-2023,23-10-2023,Standard Class,CUST3054,Olivia Wilson,Corporate,Germany,Berlin,P1006,Printer,10,2361.66
4549,ORD2124,08-06-2024,13-06-2024,Same Day,CUST2456,Priya Miller,Corporate,India,Pune,P1006,Printer,5,4375.3
4550,ORD1177,14-04-2024,24-04-2024,Same Day,CUST1274,Sneha Miller,Consumer,Canada,Delhi,P1005,Headphones,4,3211.15
4551,ORD2169,02-04-2025,08-04-2025,Standard Class,CUST3207,Daniel Davis,Consumer,Canada,Toronto,P1002,Keyboard,7,2625.11
4552,ORD1871,09-07-2024,19-07-2024,Second Class,CUST1072,John Davis,Consumer,Canada,London,P1005,Headphones,1,3225.31
4553,ORD1101,18-06-2025,24-06-2025,First Class,CUST1384,Jane Wilson,Consumer,India,Berlin,P1003,Mouse,7,1900.9
4554,ORD1194,05-04-2025,09-04-2025,First Class,CUST1728,Daniel Miller,Corporate,Germany,London,P1004,Monitor,8,2214.35
4555,ORD1509,30-12-2024,09-01-2025,Standard Class,CUST1124,Amit Wilson,Home Office,Germany,Delhi,P1007,Router,10,2415.37
4556,ORD1616,02-03-2025,08-03-2025,Same Day,CUST3223,Priya Sharma,Consumer,USA,Berlin,P1004,Monitor,7,2480.02
4557,ORD1311,27-04-2023,01-05-2023,First Class,CUST2314,Robert Johnson,Corporate,USA,Pune,P1006,Printer,6,3718.13
4558,ORD2362,08-06-2024,12-06-2024,First Class,CUST2003,Olivia Johnson,Consumer,India,Mumbai,P1005,Headphones,9,3841.51
4559,ORD2181,13-02-2023,18-02-2023,Standard Class,CUST1718,David Johnson,Home Office,Canada,Mumbai,P1001,Laptop,4,2052.04
4560,ORD1515,07-07-2023,11-07-2023,Second Class,CUST1891,Jane Davis,Corporate,USA,New York,P1008,SSD,2,1497.16
4561,ORD2282,26-03-2024,28-03-2024,Same Day,CUST1665,Daniel Johnson,Corporate,Canada,New York,P1008,SSD,3,4811.01
4562,ORD2314,16-09-2024,19-09-2024,Standard Class,CUST1424,Priya Brown,Corporate,UK,Delhi,P1002,Keyboard,2,3557.26
4563,ORD1177,31-12-2099,12-05-2024,Same Day,CUST3324,Robert Davis,Consumer,USA,Delhi,P1001,Laptop,5,3452.77
4564,ORD2356,06-06-2025,11-06-2025,Standard Class,CUST2719,Anjali Patel,Consumer,Germany,Toronto,P1007,Router,7,899.91
4565,ORD1188,10-10-2023,16-10-2023,Standard Class,CUST2737,Emily Taylor,Home Office,Canada,Toronto,P1008,SSD,3,4187.67
4566,ORD1438,28-03-2024,06-04-2024,Invalid Mode,CUST2894,Jane Gupta,Consumer,USA,Pune,P1006,Printer,10,2974.12
4567,ORD1399,24-05-2025,03-06-2025,Same Day,CUST2555,Anjali Gupta,Consumer,Canada,Mumbai,P1002,Keyboard,1,678.44
4568,ORD2324,25-03-2024,04-04-2024,Second Class,CUST2133,David Patel,Consumer,Canada,New York,P1007,Router,4,50.39
4569,ORD1021,13-08-2023,23-08-2023,Standard Class,CUST2720,Chris Wilson,Corporate,UK,New York,P1008,SSD,10,484.01
4570,ORD2106,29-02-2024,09-03-2024,Same Day,CUST2113,Rahul Davis,Home Office,USA,Mumbai,P1005,Headphones,4,3622.41
4571,ORD1289,20-06-2023,27-06-2023,Same Day,CUST1104,Sneha Davis,Corporate,UK,London,P1007,Router,8,2679.92
4572,ORD1587,02-12-2023,10-12-2023,First Class,CUST1878,John Miller,Consumer,UK,Toronto,P1007,Router,5,1065.36
4573,ORD2034,25-04-2023,29-04-2023,Second Class,CUST1709,Emily Gupta,Corporate,India,New York,P1003,Mouse,2,733.71
4574,ORD1863,07-02-2024,12-02-2024,First Class,CUST1012,Rahul Wilson,Corporate,UK,Berlin,P1004,Monitor,4,535.32
4575,ORD2167,04-06-2023,11-06-2023,Second Class,CUST1595,Chris Wilson,Corporate,Canada,Toronto,P1007,Router,1,1047.1
4576,ORD2137,05-06-2023,14-06-2023,Same Day,CUST1287,John Smith,Consumer,UK,London,P1001,Laptop,9,3874.03
4577,ORD2466,24-06-2024,01-07-2024,Standard Class,CUST2883,,Consumer,Germany,Toronto,P1005,Headphones,10,2417.77
4578,ORD1500,04-11-2024,08-11-2024,Second Class,CUST3070,Sarah Davis,Home Office,Canada,Toronto,P1004,Monitor,9,2586.22
4579,ORD2129,06-01-2025,13-01-2025,First Class,CUST3100,Jane Gupta,Consumer,Germany,Toronto,P1003,Mouse,9,557.36
4580,ORD1775,23-12-2023,26-12-2023,Second Class,CUST2362,John Gupta,Home Office,Germany,Bangalore,P1003,Mouse,8,2739.93
4581,ORD2004,27-08-2023,02-09-2023,Standard Class,CUST3374,Rahul Taylor,Consumer,Canada,New York,P1003,Mouse,10,2049.18
4582,ORD2365,21-07-2023,25-07-2023,Second Class,CUST3434,Olivia Miller,Home Office,UK,Mumbai,P1005,Headphones,9,2003.32
4583,ORD1315,06-01-2025,09-01-2025,Same Day,CUST1758,Amit Johnson,Consumer,Canada,Toronto,P1007,Router,8,2311.69
4584,ORD1909,05-04-2025,14-04-2025,Same Day,CUST1937,Anjali Miller,Corporate,India,Pune,P1007,Router,10,274.76
4585,ORD2335,13-08-2024,21-08-2024,Same Day,CUST3053,Chris Miller,Home Office,USA,Bangalore,P1005,Headphones,1,1839.68
4586,ORD2417,12-05-2024,17-05-2024,Same Day,CUST1646,David Brown,Corporate,India,Mumbai,P1001,Laptop,4,1245.98
4587,ORD1572,23-07-2024,31-07-2024,Second Class,CUST2595,Emily Johnson,Home Office,Germany,New York,P1008,SSD,10,599.6
4588,ORD2098,23-04-2025,30-04-2025,Standard Class,CUST1866,Michael Miller,Corporate,India,Toronto,P1007,Router,4,4724.85
4589,ORD1967,06-07-2023,11-07-2023,Same Day,CUST1835,Rahul Taylor,Corporate,Canada,Delhi,P1008,SSD,7,3319.58
4590,ORD2071,27-11-2023,28-11-2023,Same Day,CUST1572,Amit Wilson,Consumer,Germany,London,P1001,Laptop,9,3885.16
4591,ORD1016,28-01-2023,07-02-2023,Same Day,CUST3328,Michael Wilson,Home Office,UK,Mumbai,P1007,Router,6,370.74
4592,ORD1547,23-09-2024,24-09-2024,Same Day,CUST1915,Emily Miller,Corporate,UK,New York,P1005,Headphones,4,4189.9
4593,ORD1658,29-08-2023,05-09-2023,Same Day,CUST1410,Anjali Smith,Corporate,Canada,Berlin,P1005,Headphones,8,754.98
4594,ORD1329,25-05-2023,01-06-2023,Same Day,CUST1346,Chris Patel,Consumer,USA,Mumbai,P1005,Headphones,1,781.41
4595,ORD1022,20-05-2023,28-05-2023,Standard Class,CUST2950,Daniel Sharma,Home Office,Canada,Toronto,P1006,Printer,10,1254.02
4596,ORD2100,09-12-2024,10-12-2024,Standard Class,CUST2032,Emily Davis,Home Office,Canada,Mumbai,P1006,Printer,2,4656.69
4597,ORD2056,12-06-2025,14-06-2025,Standard Class,CUST3039,Emily Smith,Consumer,India,Toronto,P1003,Mouse,10,4300.43
4598,ORD2265,01-12-2024,03-12-2024,First Class,CUST3169,Olivia Patel,Home Office,USA,Delhi,P1006,Printer,3,4339.82
4599,ORD1524,23-11-2023,29-11-2023,First Class,CUST1748,Sarah Brown,Consumer,India,New York,P1007,Router,9,4928.76
4600,ORD1633,14-10-2023,16-10-2023,First Class,CUST1349,Olivia Gupta,Corporate,Germany,Bangalore,P1004,Monitor,4,4691.93
4601,ORD1488,31-12-2099,20-07-2024,Same Day,CUST3391,Emily Miller,Consumer,Canada,Mumbai,P1006,Printer,6,3703.14
4602,ORD2379,21-02-2025,28-02-2025,Standard Class,CUST1053,Daniel Sharma,Consumer,Canada,Pune,P1006,Printer,2,4048.75
4603,ORD2062,22-05-2025,30-05-2025,Standard Class,CUST3058,Sneha Johnson,Consumer,Canada,Bangalore,P1005,Headphones,1,3449.84
4604,ORD2183,24-03-2025,03-04-2025,Second Class,CUST1283,David Patel,Consumer,Germany,Berlin,P1004,Monitor,9,2935.88
4605,ORD2188,01-08-2024,08-08-2024,Second Class,CUST1030,Chris Brown,Home Office,UK,Mumbai,P1003,Mouse,6,765.32
4606,ORD2029,03-01-2024,04-01-2024,Same Day,CUST1213,Amit Davis,Home Office,India,Pune,P1006,Printer,3,3280.43
4607,ORD1109,26-09-2023,05-10-2023,Same Day,CUST2335,David Miller,Home Office,India,New York,P1006,Printer,5,4808.59
4608,ORD2216,13-06-2025,17-06-2025,First Class,CUST2260,Priya Johnson,Home Office,USA,Berlin,P1007,Router,1,3452.3
4609,ORD1763,17-09-2023,26-09-2023,First Class,CUST3168,Priya Smith,Corporate,Canada,Toronto,P1008,SSD,3,1163.94
4610,ORD2488,18-02-2023,24-02-2023,Standard Class,CUST3393,Sneha Wilson,Corporate,Canada,Pune,P1007,Router,6,102.04
4611,,22-05-2023,26-05-2023,Standard Class,CUST2708,Robert Patel,Corporate,Canada,Mumbai,P1006,Printer,6,194.01
4612,ORD1714,24-09-2024,25-09-2024,First Class,CUST2875,Robert Patel,Corporate,Germany,Bangalore,P1006,Printer,8,2886.02
4613,ORD1509,20-08-2024,01-01-2022,Same Day,CUST2091,Sarah Gupta,Consumer,Germany,Mumbai,P1005,Headphones,4,1661.75
4614,ORD1312,26-03-2023,05-04-2023,Standard Class,CUST3426,Jane Smith,Consumer,Canada,Toronto,P1007,Router,5,2510.6
4615,ORD1631,11-07-2023,16-07-2023,Second Class,CUST1330,Jane Johnson,Home Office,Germany,Mumbai,P1004,Monitor,3,2212.43
4616,ORD1853,19-02-2025,22-02-2025,Same Day,CUST2843,Sarah Taylor,Consumer,USA,Bangalore,,Monitor,1,3079.75
4617,ORD2100,07-09-2023,09-09-2023,First Class,CUST1665,Sarah Gupta,Home Office,India,Bangalore,P1005,Headphones,5,1960.09
4618,ORD1401,25-01-2025,28-01-2025,First Class,CUST1628,Chris Patel,Corporate,UK,Toronto,P1008,SSD,9,1993.8
4619,ORD2088,04-02-2023,10-02-2023,Standard Class,CUST1203,Anjali Patel,Home Office,Germany,London,P1001,Laptop,4,2745.15
4620,ORD1670,25-04-2024,01-05-2024,Standard Class,CUST2286,David Davis,Home Office,Germany,London,P1001,Laptop,8,2725.26
4621,ORD2146,12-10-2024,13-10-2024,Same Day,CUST2121,Rahul Johnson,Corporate,Germany,Pune,P1008,SSD,6,3365.04
4622,ORD2299,16-03-2025,18-03-2025,First Class,CUST2751,Robert Johnson,Home Office,Germany,London,P1005,Headphones,5,597.08
4623,ORD1190,06-02-2023,07-02-2023,First Class,CUST2699,Daniel Brown,Corporate,Canada,Toronto,P1007,Router,9,2788.76
4624,ORD1594,27-05-2025,02-06-2025,Second Class,CUST2634,Sarah Gupta,Corporate,Canada,Toronto,P1006,Printer,6,3042.23
4625,ORD1721,25-09-2024,05-10-2024,Second Class,CUST1936,David Wilson,Consumer,USA,Pune,P1001,Laptop,7,945.98
4626,ORD1780,15-03-2024,20-03-2024,Standard Class,CUST3156,Sneha Sharma,Consumer,UK,Toronto,P1005,Headphones,3,2765.9
4627,ORD1478,18-02-2024,22-02-2024,Standard Class,CUST2532,Chris Davis,Consumer,India,London,P1006,Printer,2,3168.24
4628,ORD1158,24-11-2024,28-11-2024,Same Day,CUST1465,Daniel Johnson,Corporate,India,Delhi,P1006,Printer,8,2558.44
4629,ORD1972,12-07-2023,17-07-2023,Same Day,CUST3366,Chris Davis,Corporate,USA,Delhi,P1005,Headphones,4,3860.6
4630,ORD1225,09-05-2024,16-05-2024,Same Day,CUST3283,Michael Brown,Corporate,Germany,London,P1002,Keyboard,9,4946.34
4631,ORD1559,08-11-2024,12-11-2024,Second Class,CUST2286,Anjali Gupta,Corporate,India,Berlin,P1002,Keyboard,5,2262.58
4632,ORD1056,05-06-2025,13-06-2025,Same Day,CUST1620,Rahul Sharma,Consumer,Canada,London,P1004,Monitor,7,1740.67
4633,ORD1993,26-08-2024,05-09-2024,Same Day,CUST1510,Amit Davis,Home Office,UK,New York,P1001,Laptop,3,1677.57
4634,ORD1176,02-06-2024,03-06-2024,First Class,CUST2367,Emily Johnson,Home Office,USA,New York,P1006,Printer,2,1877.19
4635,ORD1264,10-06-2024,17-06-2024,First Class,CUST3241,David Smith,Consumer,Canada,Pune,P1004,Monitor,8,287.38
4636,ORD2331,14-11-2024,21-11-2024,Standard Class,CUST2246,David Patel,Consumer,USA,Berlin,P1005,Headphones,6,4223.58
4637,ORD1041,09-04-2023,15-04-2023,Standard Class,CUST2130,Robert Johnson,Corporate,UK,Pune,P1007,Router,6,4411.4
4638,ORD1466,12-07-2023,20-07-2023,First Class,CUST1029,Anjali Miller,Consumer,USA,New York,P1007,Router,2,3164.99
4639,ORD2037,12-03-2023,13-03-2023,Same Day,CUST1455,Rahul Patel,Corporate,UnknownCountry,New York,P1001,Laptop,6,553.23
4640,ORD2193,03-01-2024,05-01-2024,First Class,CUST2338,Amit Davis,Home Office,Canada,Bangalore,P1005,Headphones,7,2767.77
4641,ORD1956,29-06-2023,09-07-2023,Same Day,CUST1319,Daniel Taylor,Consumer,Germany,New York,P1007,Router,4,4479.24
4642,ORD2062,12-03-2023,19-03-2023,Second Class,CUST2918,Anjali Brown,Consumer,India,Mumbai,P1005,Headphones,8,4643.86
4643,ORD1638,10-01-2025,17-01-2025,First Class,CUST2394,John Davis,Consumer,India,Toronto,P1005,Headphones,1,1345.49
4644,,11-01-2025,13-01-2025,Standard Class,CUST3102,Priya Davis,Consumer,India,Mumbai,P1001,Laptop,3,2490.25
4645,ORD1773,02-09-2023,05-09-2023,Second Class,CUST1681,Sarah Gupta,Consumer,Canada,London,P1008,SSD,1,1345.51
4646,ORD1425,30-05-2023,06-06-2023,First Class,CUST3396,John Wilson,Corporate,USA,London,P1001,Laptop,4,1670.49
4647,ORD1288,18-06-2023,25-06-2023,First Class,CUST3415,Sarah Smith,Corporate,USA,Berlin,P1006,Printer,4,3855.89
4648,ORD1756,09-04-2023,13-04-2023,Same Day,CUST2212,Michael Sharma,Consumer,UnknownCountry,Mumbai,P1006,Printer,1,3069.81
4649,ORD2274,24-12-2024,01-01-2025,Same Day,CUST2045,Olivia Smith,Home Office,UnknownCountry,Pune,P1003,Mouse,5,-100
4650,ORD1496,28-04-2023,05-05-2023,Standard Class,CUST1282,Rahul Miller,Consumer,USA,Toronto,P1005,Headphones,6,2128.45
4651,ORD2468,20-02-2023,23-02-2023,First Class,CUST1709,Robert Smith,Consumer,Canada,Delhi,P1006,Printer,9,3774.75
4652,ORD2177,05-11-2024,08-11-2024,Second Class,CUST3132,David Davis,Corporate,Canada,Bangalore,P1003,Mouse,9,3249.07
4653,ORD1653,09-08-2024,14-08-2024,Second Class,CUST1637,Emily Johnson,Home Office,Canada,New York,P1006,Printer,8,1644.3
4654,ORD2221,05-10-2023,15-10-2023,Same Day,CUST2455,Robert Patel,Corporate,India,Delhi,P1008,SSD,9,4237.71
4655,ORD2050,20-11-2024,30-11-2024,Same Day,CUST1826,Amit Davis,Corporate,Canada,Toronto,P1006,Printer,7,1767.93
4656,ORD1929,01-03-2023,05-03-2023,Standard Class,CUST1320,Michael Brown,Home Office,India,Bangalore,P1002,Keyboard,4,3237.84
4657,ORD2433,12-06-2024,20-06-2024,Second Class,CUST2072,Michael Johnson,Corporate,UnknownCountry,Bangalore,P1006,Printer,6,1478.19
4658,ORD1679,11-02-2025,19-02-2025,Second Class,CUST2740,Olivia Taylor,Consumer,Germany,Delhi,P1005,Headphones,6,795.92
4659,ORD1586,09-08-2023,10-08-2023,First Class,CUST2019,Olivia Patel,Consumer,India,London,P1004,Monitor,2,2476.43
4660,ORD2393,21-10-2023,28-10-2023,Standard Class,CUST2771,Amit Miller,Home Office,Germany,Delhi,P1007,Router,5,2377.57
4661,ORD1733,02-05-2024,08-05-2024,Standard Class,CUST1070,Amit Smith,Home Office,India,Mumbai,P1007,Router,4,4105.3
4662,ORD1332,03-07-2023,05-07-2023,Second Class,CUST3384,Emily Patel,Consumer,USA,Pune,P1003,Mouse,7,3001.74
4663,ORD1459,20-05-2023,24-05-2023,First Class,CUST2062,Jane Wilson,Consumer,USA,Toronto,P1003,Mouse,4,3158.15
4664,ORD1844,31-01-2025,03-02-2025,First Class,CUST2081,Emily Davis,Corporate,India,London,P1002,Keyboard,1,1370.03
4665,ORD1255,04-05-2025,14-05-2025,Same Day,CUST3226,Daniel Gupta,Corporate,Germany,Mumbai,P1007,Router,2,3411.02
4666,ORD2308,28-12-2023,07-01-2024,Second Class,CUST1731,Robert Taylor,Corporate,USA,Bangalore,P1002,Keyboard,3,3546
4667,ORD1805,14-07-2023,20-07-2023,First Class,CUST2697,Rahul Smith,Consumer,USA,Toronto,P1006,Printer,10,3543.21
4668,ORD1177,05-02-2023,11-02-2023,Standard Class,CUST3324,Priya Davis,Consumer,USA,Pune,P1008,SSD,6,1501.75
4669,ORD1693,21-05-2023,29-05-2023,Same Day,CUST1662,Sneha Sharma,Consumer,USA,Bangalore,P1008,SSD,6,2176.04
4670,ORD1044,23-11-2024,03-12-2024,Standard Class,CUST3187,Robert Taylor,Home Office,India,London,P1004,Monitor,1,2434.43
4671,ORD2148,23-03-2024,31-03-2024,Second Class,CUST3148,Jane Miller,Home Office,India,New York,P1007,Router,9,4851.66
4672,ORD2396,16-04-2024,21-04-2024,Standard Class,CUST1709,Sarah Johnson,Home Office,India,Mumbai,P1007,Router,3,1480.91
4673,ORD1741,11-12-2023,13-12-2023,First Class,CUST3128,Chris Sharma,Consumer,Canada,Bangalore,P1008,SSD,6,1061.61
4674,ORD1339,19-06-2025,27-06-2025,Second Class,CUST3067,Chris Miller,Home Office,Canada,Toronto,P1001,Laptop,7,2533.03
4675,ORD2091,13-01-2024,22-01-2024,Second Class,CUST1285,Jane Sharma,Consumer,India,Mumbai,P1005,Headphones,7,1804.93
4676,ORD1172,09-11-2023,19-11-2023,Same Day,CUST1846,Chris Miller,Corporate,UK,New York,P1005,Headphones,4,436.95
4677,ORD1696,29-12-2023,06-01-2024,Standard Class,CUST1185,Olivia Davis,Home Office,India,Delhi,P1008,SSD,8,1686.15
4678,ORD1848,12-02-2023,21-02-2023,Same Day,CUST3497,Priya Miller,Consumer,UK,New York,P1006,Printer,4,1316.46
4679,ORD1329,12-07-2023,14-07-2023,First Class,CUST2365,Michael Johnson,Consumer,UK,Toronto,P1005,Headphones,1,2150.1
4680,ORD2316,18-02-2025,19-02-2025,Standard Class,CUST2116,John Miller,Home Office,Germany,Pune,P1002,Keyboard,6,664.44
4681,ORD1618,02-02-2025,04-02-2025,Standard Class,CUST2467,Chris Smith,Home Office,UK,Mumbai,P1005,Headphones,2,3534.97
4682,ORD2381,30-09-2023,08-10-2023,Second Class,CUST3463,Anjali Sharma,Consumer,Canada,New York,P1005,Headphones,2,4450.61
4683,ORD1351,03-04-2025,10-04-2025,Same Day,CUST1555,Emily Wilson,Home Office,UnknownCountry,Delhi,P1005,Headphones,5,1735.83
4684,ORD2228,11-01-2025,18-01-2025,First Class,CUST1518,David Smith,Home Office,India,Berlin,P1001,Laptop,5,3553.79
4685,ORD1566,22-05-2023,28-05-2023,Same Day,CUST3162,Sneha Patel,Home Office,USA,Berlin,P1004,Monitor,7,2540.41
4686,ORD1362,20-01-2023,30-01-2023,Standard Class,CUST1677,Michael Wilson,Corporate,Canada,Pune,P1002,Keyboard,5,4424.42
4687,ORD2099,10-02-2023,20-02-2023,Standard Class,CUST1661,John Miller,Corporate,Germany,Mumbai,P1008,SSD,10,2204.84
4688,ORD1505,02-01-2024,04-01-2024,Standard Class,CUST1306,Priya Patel,Home Office,USA,Bangalore,P1006,Printer,2,2227.32
4689,ORD1277,17-11-2024,23-11-2024,Second Class,CUST3043,Rahul Gupta,Consumer,Germany,Toronto,P1004,Monitor,1,1576.48
4690,ORD2325,30-08-2023,07-09-2023,First Class,CUST3254,Priya Brown,Corporate,USA,Berlin,P1008,SSD,2,2487.1
4691,ORD1072,02-12-2024,04-12-2024,Second Class,CUST1983,Sarah Smith,Consumer,USA,Delhi,P1006,Printer,6,4757.78
1,ORD2178,07-04-2025,14-04-2025,Same Day,CUST2029,Olivia Johnson,Consumer,USA,Pune,P1005,Headphones,2,1816.07
4693,ORD2218,29-02-2024,09-03-2024,First Class,CUST3209,Chris Wilson,Consumer,USA,Toronto,P1004,Monitor,7,1027.61
4694,ORD1753,06-11-2023,10-11-2023,Standard Class,CUST1845,Sneha Wilson,Home Office,Germany,Pune,P1001,Laptop,4,426.57
4695,ORD1780,17-10-2024,23-10-2024,Same Day,CUST2769,Priya Johnson,Consumer,Canada,New York,P1004,Monitor,7,4414.26
4696,ORD2445,20-07-2023,26-07-2023,First Class,CUST2330,Michael Brown,Home Office,USA,Bangalore,P1002,Keyboard,3,4412.7
4697,ORD2406,10-08-2023,15-08-2023,Second Class,CUST3439,Priya Miller,Home Office,USA,New York,P1006,Printer,10,4251.81
4698,ORD1727,24-03-2024,01-04-2024,Second Class,CUST1906,Emily Brown,Consumer,Germany,Berlin,P1006,Printer,1,4897.46
4699,ORD1793,29-10-2023,30-10-2023,First Class,CUST1361,Michael Davis,Home Office,India,London,P1007,Router,5,252.5
4700,ORD1631,25-09-2023,03-10-2023,Standard Class,CUST2853,Olivia Patel,Consumer,India,Toronto,P1004,Monitor,4,751.61
4701,ORD2299,22-01-2023,26-01-2023,Standard Class,CUST2035,Jane Smith,Home Office,UK,Delhi,P1005,Headphones,7,4745.29
4702,ORD2287,11-02-2024,15-02-2024,First Class,CUST1684,Priya Brown,Home Office,India,Delhi,P1007,Router,7,4738.67
4703,ORD1535,01-12-2024,07-12-2024,Second Class,CUST2587,Priya Sharma,Home Office,Canada,Toronto,P1005,Headphones,8,3312.62
4704,ORD1798,05-05-2024,08-05-2024,Same Day,CUST1796,John Johnson,Home Office,USA,Bangalore,P1007,Router,4,706.33
4705,ORD2259,04-03-2025,13-03-2025,Standard Class,CUST2852,John Brown,Home Office,Canada,Berlin,P1003,Mouse,2,3034.98
4706,ORD1788,14-03-2023,19-03-2023,Standard Class,CUST3212,Emily Johnson,Corporate,Canada,London,P1005,Headphones,7,4756.86
4707,ORD1851,26-01-2025,27-01-2025,First Class,CUST3388,Emily Brown,Corporate,India,Toronto,P1004,Monitor,9,4409.33
4708,ORD1322,28-05-2024,05-06-2024,Same Day,CUST1293,David Johnson,Consumer,Germany,Toronto,P1006,Printer,7,396.18
4709,ORD1754,21-09-2024,24-09-2024,Second Class,CUST2381,Priya Taylor,Home Office,India,London,P1004,Monitor,1,2146.62
4710,ORD1030,15-07-2023,16-07-2023,First Class,CUST2976,Anjali Johnson,Consumer,USA,Mumbai,P1004,Monitor,3,2370.32
4711,ORD1050,01-05-2025,04-05-2025,First Class,CUST3348,Daniel Patel,Home Office,India,Delhi,P1004,Monitor,10,3149.33
4712,ORD1072,20-04-2024,23-04-2024,Second Class,CUST1187,Chris Davis,Consumer,UK,Delhi,P1003,Mouse,4,1160.33
4713,ORD2107,24-09-2024,30-09-2024,Standard Class,CUST1491,Sarah Miller,Home Office,Canada,Berlin,P1002,Keyboard,4,2728.32
4714,ORD2354,13-04-2024,23-04-2024,Same Day,CUST3258,Priya Sharma,Corporate,Germany,Delhi,P1003,Mouse,4,1987.93
4715,ORD2300,18-07-2024,23-07-2024,Second Class,CUST3429,Chris Sharma,Corporate,UK,Pune,P1003,Mouse,5,1315.87
4716,ORD1532,26-03-2025,04-04-2025,First Class,CUST2882,David Davis,Consumer,Canada,Delhi,P1007,Router,1,1941.51
4717,ORD1132,13-11-2023,22-11-2023,Standard Class,CUST3406,Amit Gupta,Consumer,India,Delhi,P1005,Headphones,10,2593.97
4718,ORD1128,02-08-2023,03-08-2023,First Class,CUST1973,Olivia Davis,Home Office,India,New York,P1001,Laptop,2,2917.05
4719,ORD2125,29-04-2023,01-05-2023,Same Day,CUST2020,Olivia Davis,Consumer,UK,Mumbai,P1008,SSD,8,3777.56
4720,ORD1572,08-08-2024,14-08-2024,First Class,CUST2158,Sarah Brown,Corporate,India,Delhi,P1001,Laptop,10,2814.32
4721,ORD2331,07-01-2023,10-01-2023,First Class,CUST1456,Chris Sharma,Consumer,Canada,Bangalore,P1005,Headphones,7,4054.11
4722,ORD1559,30-04-2025,01-05-2025,Standard Class,CUST2752,Sarah Brown,Consumer,Germany,Pune,P1006,Printer,4,2475.57
4723,ORD1655,09-05-2024,14-05-2024,Standard Class,CUST1994,Priya Sharma,Consumer,USA,Toronto,P1002,Keyboard,6,3024.85
4724,ORD1250,05-01-2025,11-01-2025,First Class,CUST3187,Sarah Taylor,Corporate,India,Toronto,P1003,Mouse,4,1608.36
4725,ORD2058,17-03-2023,19-03-2023,First Class,CUST2138,Anjali Sharma,Corporate,Germany,New York,P1007,Router,8,576.63
4726,ORD1389,24-06-2023,04-07-2023,Standard Class,CUST1241,Olivia Brown,Home Office,India,London,P1001,Laptop,9,3873.21
4727,ORD2380,01-06-2025,07-06-2025,Standard Class,CUST3256,Emily Taylor,Consumer,India,Mumbai,P1002,Keyboard,2,1461.92
4728,ORD1093,15-05-2023,19-05-2023,Second Class,CUST2383,Sneha Miller,Corporate,Germany,Delhi,P1006,Printer,9,2981.31
4729,ORD1199,14-03-2025,19-03-2025,Standard Class,CUST1575,Anjali Davis,Corporate,Canada,Bangalore,P1001,Laptop,2,2025.59
4730,ORD1783,09-02-2024,10-02-2024,Same Day,CUST1389,Robert Taylor,Home Office,USA,Berlin,P1003,Mouse,9,4485.78
4731,ORD2136,23-07-2024,28-07-2024,Same Day,CUST1367,Amit Johnson,Home Office,USA,Bangalore,P1008,SSD,5,2518.3
4732,ORD1908,04-02-2025,05-02-2025,Standard Class,CUST1051,Sneha Wilson,Corporate,USA,Mumbai,P1006,Printer,9,201.63
4733,ORD2059,18-06-2023,20-06-2023,Invalid Mode,CUST1322,Anjali Wilson,Home Office,UnknownCountry,New York,P1004,Monitor,2,4163.49
4734,ORD1616,25-01-2025,29-01-2025,First Class,CUST2210,David Sharma,Home Office,Canada,New York,P1001,Laptop,3,3992.22
4735,ORD2152,27-02-2024,02-03-2024,Standard Class,CUST1087,Olivia Johnson,Home Office,Canada,Toronto,P1005,Headphones,9,3614.49
4736,ORD2247,20-08-2023,24-08-2023,First Class,CUST1029,John Wilson,Consumer,Germany,London,P1005,Headphones,2,3349.77
4737,,06-10-2024,07-10-2024,Standard Class,CUST2815,Chris Sharma,Corporate,India,Berlin,P1004,Monitor,1,1966.11
4738,ORD1217,02-02-2024,09-02-2024,Same Day,CUST2273,Chris Taylor,Home Office,USA,Mumbai,P1005,Headphones,10,2634.92
4739,ORD1259,27-06-2024,01-01-2022,Standard Class,CUST3189,Robert Miller,Corporate,Germany,Delhi,P1002,Keyboard,4,3914.67
4740,ORD1521,20-09-2023,21-09-2023,First Class,CUST2801,Michael Wilson,Corporate,Canada,Delhi,P1006,Printer,2,3964.86
4741,ORD2168,24-02-2024,28-02-2024,Second Class,CUST1104,Anjali Miller,Consumer,Canada,Mumbai,P1007,Router,5,2941.86
4742,ORD1603,23-04-2023,01-05-2023,Second Class,CUST1279,Olivia Miller,Consumer,India,Berlin,P1003,Mouse,1,3508.84
4743,ORD1799,09-03-2024,18-03-2024,Second Class,CUST2793,Michael Johnson,Home Office,Germany,London,P1007,Router,9,2901.01
4744,ORD1708,09-06-2024,14-06-2024,First Class,CUST2971,John Patel,Home Office,Canada,Pune,P1001,Laptop,3,4166.93
4745,ORD1650,02-02-2024,08-02-2024,First Class,CUST1413,Sneha Sharma,Corporate,Canada,Toronto,P1007,Router,7,2314.87
4746,ORD1686,14-04-2024,16-04-2024,Standard Class,CUST1574,John Gupta,Consumer,India,Mumbai,P1002,Keyboard,6,3148.72
4747,ORD2160,16-07-2023,22-07-2023,Same Day,CUST3415,Chris Brown,Corporate,USA,London,P1007,Router,6,729.38
4748,ORD1942,07-03-2024,09-03-2024,Standard Class,CUST1973,Sarah Patel,Home Office,Germany,New York,P1006,Printer,9,283.49
4749,ORD2056,03-03-2024,05-03-2024,Second Class,CUST1041,Daniel Wilson,Consumer,UK,Delhi,P1007,Router,3,2983.7
4750,ORD2362,11-05-2025,19-05-2025,Second Class,CUST1535,Daniel Johnson,Home Office,India,Pune,P1006,Printer,4,1134.05
4751,ORD2193,11-07-2024,21-07-2024,Standard Class,CUST3314,John Wilson,Consumer,India,Bangalore,P1004,Monitor,8,4664.91
4752,ORD1860,19-12-2023,28-12-2023,Standard Class,CUST1434,Olivia Wilson,Consumer,UK,Toronto,P1005,Headphones,6,3692.12
4753,ORD1303,04-05-2025,10-05-2025,Same Day,CUST1152,Sneha Miller,Consumer,Germany,London,P1008,SSD,10,328.72
4754,ORD2397,17-04-2024,27-04-2024,First Class,CUST2601,Sarah Sharma,Home Office,India,Pune,P1001,Laptop,9,3836.96
4755,ORD2068,06-03-2024,11-03-2024,Same Day,CUST1545,,Corporate,India,Toronto,P1004,Monitor,4,1974.82
4756,ORD1911,18-11-2024,26-11-2024,Same Day,CUST2874,Emily Brown,Home Office,UnknownCountry,New York,P1002,Keyboard,3,3460.24
4757,ORD2275,12-04-2023,18-04-2023,Same Day,CUST3211,Amit Johnson,Home Office,UK,Pune,P1005,Headphones,3,-100
4758,ORD1335,25-03-2025,02-04-2025,Standard Class,CUST2481,John Taylor,Corporate,UK,London,P1008,SSD,1,1644.43
4759,ORD1333,29-09-2023,04-10-2023,Same Day,CUST2810,Amit Miller,Home Office,UK,Mumbai,P1002,Keyboard,2,1167.37
4760,ORD2175,26-04-2023,06-05-2023,Same Day,CUST1254,Priya Wilson,Home Office,India,New York,P1004,Monitor,3,158.66
4761,ORD1493,11-10-2023,21-10-2023,Second Class,CUST3261,Olivia Brown,Home Office,India,New York,P1005,Headphones,1,1500.15
4762,ORD1362,16-11-2023,24-11-2023,Second Class,CUST2465,Daniel Gupta,Consumer,USA,Toronto,P1007,Router,3,2433.53
4763,ORD1465,27-08-2023,28-08-2023,Second Class,CUST2252,Emily Wilson,Corporate,Canada,New York,P1001,Laptop,4,4822.78
4764,ORD1365,05-05-2025,01-01-2022,First Class,CUST2212,Rahul Sharma,Home Office,Canada,Pune,P1001,Laptop,8,2329.46
4765,ORD2470,12-11-2024,16-11-2024,Same Day,CUST3319,Olivia Smith,Home Office,Germany,Pune,P1001,Laptop,10,3073.64
4766,ORD2296,29-10-2024,07-11-2024,Same Day,CUST2826,Robert Johnson,Corporate,India,London,P1005,Headphones,2,508.73
4767,ORD1081,09-08-2023,15-08-2023,Second Class,CUST2304,Priya Sharma,Consumer,India,Mumbai,P1007,Router,10,216.67
4768,ORD2078,27-01-2023,02-02-2023,First Class,CUST2530,John Smith,Consumer,UK,New York,P1008,SSD,5,414.81
4769,ORD1873,21-05-2025,28-05-2025,Standard Class,CUST2533,Anjali Gupta,Consumer,Canada,London,P1004,Monitor,7,816.05
4770,ORD1383,23-01-2023,26-01-2023,Same Day,CUST2307,Amit Miller,Consumer,Germany,Bangalore,P1002,Keyboard,10,3517.62
4771,ORD1656,18-07-2023,26-07-2023,Standard Class,CUST1929,Sneha Gupta,Home Office,Canada,Mumbai,P1001,Laptop,8,964.45
4772,ORD2375,03-05-2025,07-05-2025,First Class,CUST3127,Rahul Davis,Consumer,USA,Berlin,P1003,Mouse,8,4587.04
4773,ORD1861,18-05-2024,26-05-2024,Same Day,CUST2589,Daniel Taylor,Corporate,USA,Delhi,P1005,Headphones,5,627.95
4774,ORD1601,01-06-2024,06-06-2024,Same Day,CUST3300,Rahul Taylor,Home Office,India,Berlin,P1003,Mouse,8,1827.06
4775,ORD2297,20-10-2023,27-10-2023,First Class,CUST2798,Amit Patel,Corporate,UK,London,P1006,Printer,2,3889.86
4776,ORD2191,03-07-2023,08-07-2023,Same Day,CUST3325,Sarah Wilson,Corporate,Germany,Delhi,P1003,Mouse,10,3358.72
4777,ORD1743,04-04-2023,11-04-2023,Second Class,CUST1751,Sneha Taylor,Corporate,USA,London,P1006,Printer,2,478.09
4778,ORD1956,07-05-2024,16-05-2024,Second Class,CUST2063,Sneha Johnson,Corporate,UK,Berlin,P1007,Router,8,2234.53
4779,ORD1911,22-02-2024,26-02-2024,Standard Class,CUST1074,Sarah Johnson,Home Office,Germany,Berlin,P1008,SSD,3,2511.66
4780,ORD2164,04-03-2024,05-03-2024,Same Day,CUST2794,Sneha Wilson,Home Office,USA,Mumbai,P1007,Router,6,3445.94
4781,ORD1062,11-11-2024,17-11-2024,First Class,CUST2652,Michael Brown,Consumer,Canada,Bangalore,P1008,SSD,5,3869.56
4782,ORD1676,05-04-2023,14-04-2023,First Class,CUST1464,Emily Davis,Consumer,USA,Pune,P1007,Router,5,4466.23
4783,ORD2385,29-05-2025,02-06-2025,Same Day,CUST1192,Amit Sharma,Home Office,UnknownCountry,Toronto,P1003,Mouse,6,3949.81
4784,ORD2308,17-09-2023,24-09-2023,Standard Class,CUST1419,Priya Smith,Home Office,UK,Bangalore,P1007,Router,10,2103.17
4785,ORD1075,20-04-2023,26-04-2023,Second Class,CUST1753,Robert Wilson,Consumer,USA,New York,P1006,Printer,7,4786.18
4786,ORD1766,09-12-2023,12-12-2023,Same Day,CUST3298,Priya Davis,Corporate,India,Toronto,P1006,Printer,9,1230.5
4787,ORD1011,15-04-2025,18-04-2025,Same Day,CUST1509,Jane Davis,Home Office,India,Mumbai,P1003,Mouse,1,758.47
4788,ORD1569,07-09-2024,16-09-2024,Standard Class,CUST3185,David Gupta,Home Office,UK,London,P1001,Laptop,6,2260.91
4789,ORD1995,10-09-2023,15-09-2023,Second Class,CUST3295,Michael Davis,Home Office,India,Bangalore,P1004,Monitor,3,4971.54
4790,ORD2446,09-03-2023,18-03-2023,Same Day,CUST2598,Rahul Wilson,Home Office,Germany,Bangalore,P1004,Monitor,6,2958.73
4791,ORD2313,11-01-2023,20-01-2023,Same Day,CUST3459,Amit Gupta,Consumer,USA,Berlin,P1005,Headphones,6,2576.85
4792,ORD1685,13-03-2024,16-03-2024,Standard Class,CUST1776,Priya Smith,Home Office,USA,New York,P1008,SSD,5,1992.25
4793,ORD2249,21-06-2024,26-06-2024,Standard Class,CUST3465,John Sharma,Corporate,India,New York,P1006,Printer,8,2646.07
4794,ORD1111,15-04-2025,22-04-2025,Same Day,CUST2191,Robert Patel,Home Office,Germany,Berlin,P1003,Mouse,3,4930.47
4795,ORD1548,16-02-2025,21-02-2025,Second Class,CUST1336,Michael Taylor,Home Office,UK,Delhi,P1007,Router,1,2917.13
4796,ORD1353,14-04-2024,19-04-2024,Standard Class,CUST3412,Amit Johnson,Home Office,India,Delhi,P1004,Monitor,3,238.4
4797,ORD1151,16-12-2023,18-12-2023,First Class,CUST1320,Sarah Sharma,Home Office,UK,Mumbai,P1003,Mouse,6,1488.74
4798,ORD1221,02-01-2025,09-01-2025,Second Class,CUST1941,Priya Smith,Consumer,Germany,Berlin,P1006,Printer,8,2406.72
4799,ORD1158,21-09-2024,22-09-2024,Second Class,CUST1720,Michael Sharma,Consumer,Canada,Bangalore,P1001,Laptop,5,3812.67
4800,ORD1950,05-06-2024,10-06-2024,Invalid Mode,CUST2745,Priya Wilson,Home Office,UK,Toronto,P1004,Monitor,5,4982.88
4801,ORD1448,21-03-2023,22-03-2023,Second Class,CUST1894,Sarah Taylor,Home Office,UK,New York,P1004,Monitor,4,2260.62
4802,ORD1890,07-05-2024,11-05-2024,First Class,CUST3244,Emily Taylor,Consumer,India,Toronto,P1001,Laptop,5,3822.16
4803,ORD2233,19-09-2024,26-09-2024,Second Class,CUST2111,Sarah Johnson,Consumer,India,Delhi,P1003,Mouse,6,4765.61
4804,ORD1748,28-05-2024,06-06-2024,Second Class,CUST1843,John Gupta,Home Office,India,New York,P1004,Monitor,2,681.65
4805,ORD1675,23-04-2024,24-04-2024,Same Day,CUST1239,Priya Gupta,Home Office,USA,New York,P1007,Router,5,4493.34
4806,ORD1703,04-11-2023,12-11-2023,Same Day,CUST1284,Jane Davis,Consumer,UK,Toronto,P1006,Printer,9,4177.43
4807,ORD1431,30-04-2023,01-05-2023,First Class,CUST1644,Robert Wilson,Corporate,Germany,Toronto,P1003,Mouse,4,2880.86
4808,ORD1572,13-03-2024,22-03-2024,First Class,CUST3103,Sarah Johnson,Consumer,Germany,Mumbai,P1005,Headphones,4,4291.61
4809,ORD2136,26-11-2024,02-12-2024,Second Class,CUST2548,Sarah Brown,Home Office,Canada,London,P1008,SSD,1,4200.29
4810,ORD2005,11-10-2024,13-10-2024,Same Day,CUST2252,Michael Johnson,Home Office,India,Delhi,P1003,Mouse,4,2771.48
4811,ORD1898,13-04-2025,16-04-2025,Same Day,CUST2021,Robert Sharma,Home Office,UK,Berlin,P1001,Laptop,1,1924.86
4812,ORD2279,24-04-2025,30-04-2025,Standard Class,CUST3306,Daniel Sharma,Home Office,UK,Bangalore,P1001,Laptop,4,1760.19
4813,ORD1293,13-07-2023,23-07-2023,Standard Class,CUST1705,Jane Johnson,Consumer,Germany,Berlin,P1006,Printer,1,3448.04
4814,ORD1008,11-02-2023,20-02-2023,Second Class,CUST1523,John Patel,Consumer,USA,Delhi,P1003,Mouse,1,2731.87
4815,,12-08-2024,18-08-2024,Standard Class,CUST3167,Rahul Taylor,Consumer,UK,Toronto,P1007,Router,7,400.88
4816,ORD1915,30-04-2023,01-05-2023,First Class,CUST2925,Daniel Taylor,Consumer,UK,Berlin,P1002,Keyboard,6,4489.79
4817,ORD2257,08-01-2025,10-01-2025,Same Day,CUST1784,Rahul Smith,Corporate,Canada,London,P1002,Keyboard,1,3694.28
4818,ORD2054,27-06-2024,06-07-2024,Same Day,CUST2759,Chris Smith,Consumer,Canada,Bangalore,P1006,Printer,2,2152.35
4819,ORD1488,29-04-2025,05-05-2025,Second Class,CUST2250,Olivia Patel,Consumer,Canada,Bangalore,P1001,Laptop,3,3722.86
4820,ORD1124,08-12-2024,14-12-2024,First Class,CUST1360,Sneha Sharma,Home Office,UK,London,P1003,Mouse,7,4491.78
4821,ORD1781,03-07-2024,10-07-2024,Same Day,CUST2624,Chris Wilson,Corporate,Germany,Pune,P1007,Router,5,870.83
4822,ORD2034,09-11-2023,10-11-2023,Standard Class,CUST1055,Daniel Johnson,Consumer,Canada,New York,P1001,Laptop,4,2264.36
4823,ORD1555,15-05-2024,17-05-2024,Same Day,CUST1984,Amit Brown,Consumer,USA,Delhi,P1001,Laptop,6,4243.05
4824,ORD2357,02-12-2024,11-12-2024,Second Class,CUST2969,Robert Brown,Home Office,USA,Bangalore,P1004,Monitor,4,1379.43
4825,ORD1090,29-04-2023,05-05-2023,Standard Class,CUST2928,Priya Sharma,Corporate,Canada,Toronto,P1005,Headphones,7,438.61
4826,ORD2430,29-10-2024,30-10-2024,Standard Class,CUST2439,Rahul Johnson,Consumer,Germany,Toronto,P1001,Laptop,3,3238.4
4827,ORD1549,26-05-2024,05-06-2024,Second Class,CUST1844,David Taylor,Home Office,Germany,Pune,P1004,Monitor,5,327.66
4828,ORD1808,25-08-2024,01-09-2024,Standard Class,CUST2310,Anjali Patel,Home Office,UK,Mumbai,P1004,Monitor,1,2541.71
4829,ORD1758,25-05-2024,31-05-2024,First Class,CUST1403,Anjali Davis,Consumer,UnknownCountry,Bangalore,P1008,SSD,9,722.27
4830,ORD1394,17-05-2024,18-05-2024,First Class,CUST2049,Robert Taylor,Home Office,UK,Mumbai,P1005,Headphones,2,3354.74
4831,ORD2292,08-07-2024,10-07-2024,First Class,CUST2221,Daniel Johnson,Home Office,UK,Delhi,P1004,Monitor,10,1167.56
4832,ORD1825,27-01-2025,01-01-2022,Same Day,CUST1188,Jane Gupta,Corporate,USA,Bangalore,P1006,Printer,8,3322.47
4833,ORD1136,18-02-2023,25-02-2023,Second Class,CUST2645,,Corporate,Germany,Berlin,P1006,Printer,2,960.02
4834,ORD2182,27-08-2023,29-08-2023,Second Class,CUST2589,Michael Gupta,Corporate,UK,Toronto,P1001,Laptop,10,3047.1
4835,ORD2257,06-02-2025,07-02-2025,Standard Class,CUST2231,Jane Taylor,Corporate,Germany,Toronto,P1007,Router,1,3073.09
4836,ORD1736,29-01-2024,05-02-2024,Standard Class,CUST3277,Michael Taylor,Home Office,USA,Pune,P1002,Keyboard,1,4935.67
4837,ORD1641,29-05-2024,05-06-2024,Second Class,CUST2478,Amit Davis,Consumer,Germany,Berlin,P1005,Headphones,6,1154.9
4838,ORD1405,08-12-2024,15-12-2024,Standard Class,CUST2072,Rahul Brown,Home Office,UnknownCountry,Toronto,P1004,Monitor,10,517.51
4839,ORD2405,18-02-2024,20-02-2024,First Class,CUST2616,Amit Sharma,Consumer,UK,London,P1008,SSD,5,4003
4840,ORD1782,14-10-2023,17-10-2023,Standard Class,CUST2704,Chris Miller,Home Office,USA,London,P1003,Mouse,6,2667.11
4841,,25-02-2023,26-02-2023,First Class,CUST3190,John Taylor,Corporate,UK,Toronto,P1004,Monitor,4,1307.1
4842,ORD1593,23-09-2024,25-09-2024,First Class,CUST1952,David Taylor,Home Office,USA,Pune,P1001,Laptop,10,4177.27
4843,ORD1381,27-03-2024,30-03-2024,Same Day,CUST3072,Chris Davis,Corporate,India,Berlin,P1008,SSD,10,4184.83
4844,ORD2282,09-04-2025,13-04-2025,Standard Class,CUST3281,Jane Sharma,Home Office,Canada,Pune,P1003,Mouse,8,2286.99
4845,ORD1192,03-05-2023,04-05-2023,First Class,CUST1178,Michael Smith,Corporate,USA,Toronto,P1004,Monitor,2,2515.62
4846,ORD1654,10-04-2024,15-04-2024,Same Day,CUST1271,Amit Wilson,Home Office,Germany,Mumbai,P1002,Keyboard,1,3972.38
4847,ORD1057,08-02-2025,09-02-2025,Second Class,CUST1978,John Brown,Home Office,India,New York,P1002,Keyboard,9,2964.4
4848,ORD1522,09-01-2023,11-01-2023,Second Class,CUST3337,Michael Johnson,Corporate,Germany,Pune,P1002,Keyboard,10,792.48
4849,ORD2007,31-05-2023,05-06-2023,Second Class,CUST2836,Anjali Sharma,Corporate,UK,Toronto,P1005,Headphones,2,2612.65
4850,ORD1635,12-03-2024,21-03-2024,First Class,CUST3233,Anjali Davis,Consumer,Canada,London,P1002,Keyboard,10,3812.91
4851,ORD1633,14-05-2024,15-05-2024,First Class,CUST3110,Priya Johnson,Home Office,USA,Mumbai,P1002,Keyboard,9,3952.33
4852,ORD1456,18-06-2024,21-06-2024,First Class,CUST2728,Jane Miller,Corporate,Germany,Toronto,P1007,Router,9,4440.21
4853,ORD1277,22-01-2024,29-01-2024,Standard Class,CUST2577,Anjali Miller,Home Office,USA,Berlin,P1007,Router,8,3386.58
4854,ORD2382,08-05-2025,17-05-2025,Same Day,CUST2454,Priya Wilson,Home Office,Canada,London,P1007,Router,10,2277.1
4855,ORD2359,24-11-2023,04-12-2023,Same Day,CUST2776,Priya Davis,Home Office,Germany,Mumbai,P1008,SSD,1,4517.13
4856,ORD1651,04-02-2023,11-02-2023,Second Class,CUST2016,Chris Gupta,Consumer,USA,Bangalore,P1003,Mouse,5,2364.75
4857,ORD1578,08-12-2024,10-12-2024,Same Day,CUST3042,Amit Taylor,Corporate,UK,Berlin,P1003,Mouse,1,2261.45
4858,ORD2320,18-04-2025,27-04-2025,First Class,CUST2649,John Patel,Consumer,India,Berlin,P1006,Printer,4,719.73
4859,ORD1509,12-08-2023,13-08-2023,Same Day,CUST3295,Rahul Brown,Home Office,Germany,Mumbai,P1006,Printer,3,4916.76
4860,ORD2384,10-06-2023,20-06-2023,First Class,CUST3047,Robert Miller,Consumer,India,Bangalore,P1006,Printer,8,4080.32
4861,ORD1065,25-03-2024,04-04-2024,Standard Class,CUST2709,Michael Davis,Home Office,India,London,P1002,Keyboard,5,1163
4862,ORD1627,28-10-2023,07-11-2023,Same Day,CUST2270,Olivia Gupta,Consumer,Germany,New York,P1002,Keyboard,9,3725.69
4863,ORD1999,08-05-2023,10-05-2023,Second Class,CUST2200,Rahul Taylor,Home Office,UK,Toronto,P1008,SSD,4,1317.69
4864,ORD1865,18-01-2024,19-01-2024,Standard Class,CUST2710,Olivia Brown,Home Office,Canada,Berlin,P1005,Headphones,3,1366.68
4865,ORD2035,13-09-2024,20-09-2024,Same Day,CUST1232,Jane Davis,Consumer,India,London,P1003,Mouse,7,2148.04
4866,ORD1126,06-03-2023,01-01-2022,Same Day,CUST1486,Priya Johnson,Consumer,UK,London,P1002,Keyboard,10,2882.73
4867,ORD2225,12-06-2023,13-06-2023,Standard Class,CUST3112,Daniel Miller,Home Office,India,Delhi,P1008,SSD,3,439.91
4868,ORD1214,22-07-2024,01-08-2024,Standard Class,CUST2282,John Davis,Corporate,Canada,Pune,P1007,Router,2,2394.72
4869,ORD1604,03-04-2023,11-04-2023,Standard Class,CUST2142,Robert Patel,Corporate,UK,London,P1005,Headphones,2,4042.52
4870,ORD1375,11-09-2023,15-09-2023,First Class,CUST3404,Jane Sharma,Corporate,Germany,Pune,P1006,Printer,6,3296.61
4871,ORD1831,18-07-2023,19-07-2023,Same Day,CUST1818,Sarah Taylor,Corporate,UK,Toronto,P1004,Monitor,6,144.43
4872,ORD1914,29-10-2023,03-11-2023,First Class,CUST1734,Olivia Patel,Home Office,India,Pune,P1004,Monitor,10,483.78
4873,ORD1749,25-08-2023,01-09-2023,Same Day,CUST1080,Chris Sharma,Home Office,Canada,Toronto,P1005,Headphones,8,2452.95
4874,ORD2280,12-04-2023,16-04-2023,Standard Class,CUST2265,Chris Patel,Consumer,UK,New York,P1005,Headphones,9,4685.69
4875,ORD1562,28-02-2025,10-03-2025,First Class,CUST1885,Emily Smith,Home Office,India,New York,P1002,Keyboard,4,4819.13
4876,ORD1155,03-05-2025,12-05-2025,Standard Class,CUST2550,Sarah Miller,Consumer,Germany,New York,P1005,Headphones,7,1851.75
4877,ORD1418,29-05-2023,06-06-2023,Standard Class,CUST1141,David Miller,Home Office,Germany,Pune,P1002,Keyboard,3,2174.85
4878,ORD1573,09-02-2025,13-02-2025,Same Day,CUST1105,,Home Office,India,Delhi,P1005,Headphones,1,1843.74
4879,ORD2240,08-04-2023,15-04-2023,Second Class,CUST3320,Sneha Brown,Home Office,USA,Toronto,P1004,Monitor,3,1623.26
4880,ORD1450,18-05-2023,27-05-2023,First Class,CUST3005,Anjali Johnson,Consumer,Germany,Delhi,P1007,Router,5,4894.11
4881,ORD1221,24-05-2023,02-06-2023,Standard Class,CUST1108,Robert Brown,Consumer,Germany,Pune,P1004,Monitor,9,1098.65
4882,ORD2342,29-09-2024,02-10-2024,First Class,CUST1474,Robert Gupta,Home Office,India,Berlin,,Headphones,8,2029.91
4883,ORD2396,02-01-2025,12-01-2025,Standard Class,CUST3012,Rahul Johnson,Consumer,Canada,Delhi,P1007,Router,10,4746.67
4884,ORD1305,31-08-2023,04-09-2023,Standard Class,CUST2019,Anjali Davis,Corporate,USA,Pune,P1006,Printer,6,1273.82
4885,ORD1884,21-06-2023,30-06-2023,Second Class,CUST2274,Emily Smith,Corporate,India,New York,P1008,SSD,2,1368.97
4886,ORD1914,12-11-2024,20-11-2024,Same Day,CUST3255,Michael Taylor,Home Office,Germany,Delhi,P1002,Keyboard,2,2704.01
4887,ORD1263,25-10-2023,30-10-2023,Second Class,CUST1396,Robert Davis,Corporate,USA,Berlin,P1007,Router,1,1099.07
4888,ORD1883,23-05-2025,28-05-2025,Second Class,CUST1579,Anjali Brown,Consumer,USA,Delhi,P1008,SSD,5,835.65
4889,ORD1886,24-07-2023,01-08-2023,Same Day,CUST3098,Anjali Johnson,Consumer,UK,New York,P1004,Monitor,2,1503.36
4890,ORD1279,17-06-2024,25-06-2024,Same Day,CUST2422,Rahul Smith,Corporate,UK,Berlin,P1005,Headphones,5,3498.15
4891,ORD1906,10-03-2024,15-03-2024,First Class,CUST2101,Jane Smith,Corporate,Canada,New York,P1004,Monitor,1,1964.22
4892,ORD1658,06-07-2023,12-07-2023,Second Class,CUST3371,Sarah Brown,Corporate,UK,New York,P1004,Monitor,9,3786.22
4893,ORD1568,14-01-2025,20-01-2025,First Class,CUST2307,Olivia Smith,Home Office,Germany,Berlin,P1002,Keyboard,8,1624.77
4894,ORD1540,20-05-2024,23-05-2024,First Class,CUST2845,John Sharma,Corporate,USA,London,P1002,Keyboard,1,562.48
4895,ORD1878,27-06-2023,30-06-2023,First Class,CUST1799,Sneha Gupta,Corporate,India,New York,P1001,Laptop,10,4336.15
4896,ORD2122,02-05-2024,05-05-2024,First Class,CUST3393,Michael Sharma,Consumer,UK,Delhi,P1005,Headphones,9,4363.93
4897,ORD2402,25-11-2024,29-11-2024,First Class,CUST2740,Amit Brown,Home Office,India,Mumbai,P1001,Laptop,9,919.2
4898,ORD2483,30-04-2024,09-05-2024,Second Class,CUST1700,John Miller,Consumer,UK,Delhi,P1001,Laptop,2,69.36
4899,ORD2440,31-03-2025,10-04-2025,Second Class,CUST1800,Sneha Patel,Home Office,UK,Berlin,P1005,Headphones,10,455.9
4900,ORD1101,17-01-2025,20-01-2025,Second Class,CUST3406,Daniel Miller,Consumer,USA,London,P1008,SSD,2,162.61
4901,ORD2377,21-06-2023,24-06-2023,Second Class,CUST2479,Daniel Gupta,Home Office,Germany,Bangalore,P1008,SSD,6,3954.68
4902,ORD2415,08-04-2025,13-04-2025,Second Class,CUST2766,Chris Smith,Consumer,USA,Delhi,P1004,Monitor,5,293.37
4903,ORD1009,26-05-2025,03-06-2025,Standard Class,CUST1051,Sarah Gupta,Home Office,India,Berlin,P1008,SSD,2,3945.51
4904,ORD1100,24-01-2024,02-02-2024,Second Class,CUST2202,Robert Smith,Home Office,Germany,London,P1006,Printer,10,850.17
4905,ORD2381,21-02-2023,02-03-2023,Standard Class,CUST2466,Jane Brown,Consumer,Germany,Toronto,P1006,Printer,7,4813.63
4906,ORD1044,09-08-2024,19-08-2024,First Class,CUST3366,David Johnson,Consumer,Canada,Pune,P1008,SSD,6,4962.41
4907,ORD1127,29-08-2023,05-09-2023,Same Day,CUST2016,Priya Brown,Home Office,UK,Mumbai,P1005,Headphones,2,772.66
4908,ORD2233,12-08-2024,19-08-2024,Second Class,CUST2102,Chris Davis,Home Office,USA,Berlin,P1005,Headphones,9,4609.42
4909,ORD1873,05-10-2024,13-10-2024,First Class,CUST2278,Sneha Brown,Home Office,Germany,London,P1002,Keyboard,10,4619.45
4910,ORD2218,16-02-2025,22-02-2025,Standard Class,CUST3381,David Gupta,Home Office,Canada,Mumbai,P1008,SSD,1,2365.26
4911,ORD1180,06-09-2024,08-09-2024,Second Class,CUST2501,Sarah Davis,Corporate,USA,London,P1001,Laptop,10,785.31
4912,ORD2281,26-04-2024,01-01-2022,First Class,CUST1045,Emily Johnson,Corporate,UK,Toronto,P1004,Monitor,7,1275.64
4913,ORD1225,05-11-2024,10-11-2024,Same Day,CUST1231,Robert Johnson,Consumer,UK,New York,P1004,Monitor,3,4298.38
4914,ORD1237,26-04-2023,05-05-2023,First Class,CUST3446,Anjali Johnson,Home Office,USA,Toronto,P1006,Printer,6,3373.5
4915,ORD1687,01-05-2023,09-05-2023,Second Class,CUST2613,Sneha Sharma,Corporate,UK,Pune,P1004,Monitor,5,1153.99
4916,ORD1446,18-03-2025,26-03-2025,Standard Class,CUST1002,Anjali Johnson,Home Office,Germany,Mumbai,P1005,Headphones,2,4137.59
4917,ORD1009,24-02-2024,28-02-2024,Second Class,CUST2121,Daniel Wilson,Consumer,USA,Toronto,P1003,Mouse,6,3876.66
4918,ORD2164,22-04-2025,28-04-2025,Standard Class,CUST3372,Priya Taylor,Home Office,UK,London,P1002,Keyboard,2,4954.71
4919,ORD2224,26-04-2023,02-05-2023,Second Class,CUST2641,Rahul Taylor,Consumer,USA,New York,P1005,Headphones,6,3032.13
4920,ORD1525,30-06-2024,10-07-2024,Standard Class,CUST2161,Rahul Wilson,Consumer,Germany,Mumbai,P1004,Monitor,10,4398.25
4921,ORD1068,06-01-2023,13-01-2023,Same Day,CUST3215,Jane Miller,Home Office,USA,Bangalore,P1006,Printer,4,474.51
4922,ORD1963,26-08-2024,29-08-2024,Same Day,CUST2179,John Davis,Home Office,India,Berlin,P1007,Router,6,64.43
4923,ORD2154,18-04-2025,28-04-2025,Same Day,CUST2139,John Taylor,Consumer,India,Toronto,P1001,Laptop,8,595.78
4924,ORD2178,18-04-2023,26-04-2023,First Class,CUST1401,John Patel,Home Office,USA,Mumbai,P1007,Router,9,1943.32
4925,ORD1440,11-01-2025,19-01-2025,First Class,CUST2449,Anjali Patel,Home Office,Germany,Bangalore,P1005,Headphones,10,981.64
4926,ORD2075,09-01-2024,16-01-2024,First Class,CUST2048,Olivia Miller,Consumer,UK,Berlin,P1007,Router,9,574.68
4927,ORD1302,26-02-2025,05-03-2025,Standard Class,CUST2920,Sneha Taylor,Corporate,USA,Delhi,P1002,Keyboard,1,450.58
4928,ORD1950,10-02-2023,14-02-2023,Same Day,CUST3151,Jane Gupta,Home Office,Canada,Delhi,P1001,Laptop,4,4825.85
4929,ORD1353,01-12-2023,07-12-2023,Standard Class,CUST1476,Michael Gupta,Corporate,Canada,Pune,P1002,Keyboard,6,4263.88
4930,ORD2117,31-01-2023,08-02-2023,First Class,CUST1519,David Sharma,Corporate,Canada,Mumbai,P1005,Headphones,1,1307.1
4931,ORD2348,23-05-2023,29-05-2023,Same Day,CUST2292,Priya Johnson,Consumer,UK,New York,P1008,SSD,5,4378.84
4932,ORD2116,05-11-2023,13-11-2023,Standard Class,CUST3437,Robert Johnson,Corporate,Germany,Mumbai,P1006,Printer,2,4932.48
4933,ORD2350,21-12-2024,26-12-2024,Standard Class,CUST2371,David Wilson,Corporate,Germany,Toronto,P1001,Laptop,3,3263.37
4934,ORD1766,29-05-2023,31-05-2023,First Class,CUST2008,Amit Miller,Corporate,USA,Mumbai,P1007,Router,8,4508.36
4935,ORD1799,30-01-2025,06-02-2025,First Class,CUST1621,Daniel Wilson,Home Office,UK,Delhi,P1008,SSD,1,4838.45
4936,ORD1492,17-04-2023,23-04-2023,Same Day,CUST1037,Robert Patel,Home Office,India,Pune,P1008,SSD,3,1423.4
4937,ORD1119,25-03-2025,02-04-2025,Second Class,CUST2784,Sarah Patel,Consumer,Germany,Toronto,P1008,SSD,9,291.61
4938,ORD1210,05-08-2024,08-08-2024,Same Day,CUST1490,Chris Sharma,Corporate,USA,Bangalore,P1003,Mouse,10,3248.38
4939,ORD1733,04-07-2023,11-07-2023,Standard Class,CUST2888,Sneha Gupta,Consumer,Canada,London,P1001,Laptop,6,2549.43
4940,ORD1417,11-05-2023,18-05-2023,Second Class,CUST2374,Sneha Wilson,Consumer,Canada,Mumbai,P1002,Keyboard,2,3374.01
4941,ORD2128,12-05-2023,16-05-2023,Second Class,CUST1235,John Brown,Corporate,USA,Mumbai,P1004,Monitor,5,4158.53
4942,ORD2480,13-02-2024,21-02-2024,Standard Class,CUST2856,Jane Taylor,Home Office,UK,Bangalore,P1005,Headphones,4,610.3
4943,ORD1158,15-12-2023,22-12-2023,Second Class,CUST2326,Daniel Sharma,Consumer,Germany,Berlin,P1005,Headphones,6,1006.97
4944,ORD1218,06-03-2025,15-03-2025,Second Class,CUST1973,Robert Wilson,Home Office,USA,Pune,P1005,Headphones,6,793.05
4945,ORD2441,10-06-2025,20-06-2025,First Class,CUST2490,Amit Gupta,Consumer,Canada,Toronto,P1007,Router,4,3264.85
4946,ORD1428,05-01-2025,06-01-2025,Invalid Mode,CUST1659,Jane Sharma,Home Office,Germany,Mumbai,P1004,Monitor,8,65.46
4947,ORD2048,09-06-2023,11-06-2023,First Class,CUST3004,David Johnson,Consumer,UK,Pune,P1006,Printer,3,564.02
4948,ORD2118,15-07-2023,19-07-2023,Standard Class,CUST1319,Priya Miller,Home Office,India,New York,P1005,Headphones,5,4969.23
4949,ORD2452,17-12-2023,23-12-2023,Same Day,CUST2590,Olivia Miller,Home Office,Canada,Delhi,P1008,SSD,6,1048.07
4950,ORD1924,03-05-2025,05-05-2025,Same Day,CUST1503,Anjali Brown,Consumer,USA,New York,P1002,Keyboard,6,3465.33
4951,ORD1982,09-12-2024,14-12-2024,Same Day,CUST2395,Robert Patel,Home Office,USA,Bangalore,P1002,Keyboard,1,284.17
4952,ORD1267,09-07-2023,14-07-2023,Second Class,CUST1946,Priya Johnson,Corporate,Canada,New York,P1003,Mouse,4,4940.83
4953,ORD2355,17-01-2025,21-01-2025,Standard Class,CUST3454,Rahul Miller,Corporate,USA,Pune,P1006,Printer,2,390.12
4954,ORD1273,20-09-2024,23-09-2024,Standard Class,CUST3369,Sarah Smith,Corporate,Canada,Toronto,P1008,SSD,5,672.13
4955,ORD2299,01-01-2025,03-01-2025,Same Day,CUST2005,Jane Smith,Consumer,India,Pune,P1002,Keyboard,1,4780.97
4956,ORD1537,31-12-2099,07-02-2024,First Class,CUST1761,Sneha Smith,Corporate,Germany,London,P1001,Laptop,7,4497.49
4957,ORD2095,10-04-2025,17-04-2025,Standard Class,CUST1085,Sarah Taylor,Home Office,UK,Bangalore,P1006,Printer,8,3443.94
4958,ORD1371,19-05-2023,27-05-2023,Second Class,CUST3459,John Brown,Corporate,USA,Delhi,P1004,Monitor,5,1375.9
4959,ORD2113,11-07-2024,12-07-2024,Same Day,CUST3451,Daniel Sharma,Corporate,Canada,Berlin,P1008,SSD,7,1606.56
4960,ORD1436,08-08-2024,14-08-2024,Standard Class,CUST2049,Robert Davis,Consumer,USA,New York,P1003,Mouse,6,3434.47
4961,ORD1530,09-04-2024,14-04-2024,Standard Class,CUST2663,John Taylor,Corporate,Canada,Pune,P1002,Keyboard,9,832.77
4962,ORD1334,07-08-2023,12-08-2023,First Class,CUST2140,Priya Wilson,Home Office,UK,London,P1005,Headphones,7,3902.6
4963,ORD1635,05-11-2023,11-11-2023,First Class,CUST1725,Jane Patel,Corporate,USA,Pune,P1002,Keyboard,5,705.91
4964,ORD2470,26-02-2023,06-03-2023,Second Class,CUST1831,Chris Miller,Consumer,UK,Bangalore,P1002,Keyboard,9,691.76
4965,ORD1825,15-03-2025,20-03-2025,Standard Class,CUST1541,Sarah Miller,Corporate,UK,New York,P1007,Router,6,3711.95
4966,ORD2305,31-05-2023,06-06-2023,Second Class,CUST2808,Michael Smith,Corporate,Canada,Berlin,P1002,Keyboard,4,348.36
4967,ORD2270,23-11-2024,01-12-2024,Second Class,CUST1875,David Sharma,Home Office,Canada,Delhi,P1001,Laptop,1,3586.39
4968,ORD1703,06-08-2023,16-08-2023,Standard Class,CUST3384,Sarah Taylor,Consumer,Germany,Pune,P1002,Keyboard,9,4210.76
4969,ORD1431,10-01-2025,16-01-2025,Same Day,CUST1967,Rahul Taylor,Corporate,Germany,London,P1001,Laptop,6,103.96
4970,ORD1075,05-02-2024,14-02-2024,First Class,CUST1384,Sneha Johnson,Corporate,Canada,Delhi,P1002,Keyboard,8,4847.47
4971,ORD1683,09-02-2024,16-02-2024,Invalid Mode,CUST2922,Olivia Sharma,Consumer,Canada,Delhi,P1003,Mouse,5,-100
4972,,28-04-2025,30-04-2025,First Class,CUST2485,Robert Patel,Consumer,UK,Berlin,P1005,Headphones,6,1057.83
4973,ORD1071,13-03-2023,18-03-2023,Same Day,CUST1870,Sarah Taylor,Corporate,UK,London,P1005,Headphones,5,1701.54
4974,ORD1006,02-04-2023,05-04-2023,Second Class,CUST1300,Olivia Miller,Home Office,Germany,New York,P1003,Mouse,9,545.66
4975,ORD1161,12-05-2023,13-05-2023,Second Class,CUST1229,Amit Miller,Home Office,Germany,Bangalore,P1006,Printer,1,4986.13
4976,ORD2436,05-06-2023,08-06-2023,Standard Class,CUST1675,Anjali Wilson,Consumer,Canada,Toronto,P1003,Mouse,7,4582.2
4977,ORD2212,25-03-2024,26-03-2024,Second Class,CUST3242,Michael Taylor,Consumer,Canada,Toronto,P1007,Router,8,1483.14
4978,ORD2400,19-01-2023,20-01-2023,Same Day,CUST1906,Emily Wilson,Home Office,Canada,Delhi,P1008,SSD,6,3345.37
4979,ORD2224,25-12-2023,04-01-2024,Standard Class,CUST1578,Jane Davis,Corporate,UK,Bangalore,P1001,Laptop,1,634.92
4980,ORD1692,16-08-2023,21-08-2023,Same Day,CUST2058,,Home Office,USA,Berlin,,Monitor,1,2159.64
4981,ORD2299,03-12-2023,10-12-2023,First Class,CUST1093,Sarah Johnson,Corporate,Germany,Delhi,P1005,Headphones,3,641.63
4982,ORD2268,14-01-2025,19-01-2025,Invalid Mode,CUST1739,John Patel,Corporate,UK,Bangalore,P1006,Printer,3,549.09
4983,ORD2328,08-03-2025,17-03-2025,First Class,CUST2299,John Brown,Corporate,Germany,New York,P1006,Printer,6,118.03
4984,ORD2070,15-04-2025,19-04-2025,Standard Class,CUST2894,Michael Brown,Home Office,Germany,New York,P1007,Router,10,2904.19
4985,ORD2187,03-06-2023,12-06-2023,Same Day,CUST3070,Rahul Taylor,Consumer,India,Mumbai,P1007,Router,7,3180.52
4986,ORD1697,26-02-2025,01-03-2025,First Class,CUST2276,Anjali Davis,Consumer,UK,Delhi,P1006,Printer,4,3746.68
4987,ORD1870,16-04-2023,21-04-2023,Same Day,CUST1956,Sneha Gupta,Consumer,Canada,Delhi,P1002,Keyboard,8,4565.42
4988,ORD2444,23-05-2023,24-05-2023,First Class,CUST1216,Michael Miller,Corporate,India,Berlin,P1001,Laptop,10,3088.13
4989,ORD1464,08-09-2024,16-09-2024,Standard Class,CUST1193,Olivia Wilson,Home Office,UnknownCountry,Pune,P1008,SSD,6,3872.86
4990,ORD1050,28-01-2025,03-02-2025,Invalid Mode,CUST2212,,Home Office,UK,Mumbai,P1005,Headphones,5,568.51
4991,ORD1629,26-05-2024,28-05-2024,Standard Class,CUST3098,Daniel Taylor,Corporate,Canada,London,P1005,Headphones,2,1650.18
4992,ORD1820,16-09-2024,26-09-2024,Second Class,CUST3422,,Corporate,Germany,Mumbai,P1003,Mouse,2,2019.93
4993,ORD2072,16-10-2023,17-10-2023,Same Day,CUST2653,Anjali Davis,Consumer,India,New York,P1005,Headphones,8,3883.63
4994,ORD2221,13-04-2023,18-04-2023,First Class,CUST3361,Michael Taylor,Corporate,USA,Berlin,P1002,Keyboard,7,2477.15
4995,ORD1935,12-10-2023,14-10-2023,First Class,CUST1991,Chris Gupta,Corporate,Canada,Toronto,P1007,Router,8,2801.26
4996,ORD1858,30-07-2023,07-08-2023,Same Day,CUST2214,Sarah Sharma,Consumer,India,Pune,P1002,Keyboard,7,4035.34
4997,ORD1755,24-08-2024,30-08-2024,First Class,CUST1290,Olivia Gupta,Consumer,Canada,Berlin,P1003,Mouse,5,2478.92
4998,ORD1335,19-11-2023,26-11-2023,First Class,CUST1835,Michael Patel,Consumer,India,Pune,P1004,Monitor,2,184
4999,ORD2347,03-04-2025,12-04-2025,Standard Class,CUST2097,Rahul Johnson,Corporate,India,Mumbai,P1004,Monitor,2,494.24
5000,ORD1264,16-02-2023,18-02-2023,First Class,CUST2914,David Taylor,Consumer,UK,Berlin,P1008,SSD,10,2209.15
5001,ORD2204,09-06-2025,14-06-2025,Second Class,CUST3050,John Brown,Home Office,India,Delhi,P1003,Mouse,5,1644.46
5002,ORD2420,05-07-2024,08-07-2024,Same Day,CUST1035,Amit Smith,Home Office,Canada,Mumbai,P1005,Headphones,10,943.19
5003,ORD2059,21-10-2024,27-10-2024,First Class,CUST1790,Robert Wilson,Consumer,UK,New York,P1008,SSD,3,3400.41
5004,ORD2390,17-04-2024,18-04-2024,Same Day,CUST1442,Sneha Patel,Home Office,UK,Toronto,P1003,Mouse,7,2210.05
5005,ORD2281,15-05-2023,16-05-2023,Second Class,CUST3341,Priya Brown,Consumer,USA,Pune,P1008,SSD,9,3257.36
5006,ORD1052,04-06-2024,11-06-2024,Second Class,CUST2239,Chris Wilson,Corporate,USA,Berlin,P1004,Monitor,6,4376.95
5007,ORD1095,16-07-2024,19-07-2024,Second Class,CUST3103,Anjali Patel,Corporate,Germany,Mumbai,P1001,Laptop,3,2807.77
5008,ORD1570,02-01-2023,05-01-2023,Second Class,CUST2719,Anjali Brown,Home Office,Canada,New York,P1008,SSD,10,4489.19
5009,ORD1222,02-12-2024,07-12-2024,Standard Class,CUST2081,David Gupta,Corporate,India,London,P1008,SSD,4,4483.63
5010,ORD2296,12-09-2024,15-09-2024,Standard Class,CUST2766,John Taylor,Consumer,USA,Delhi,P1007,Router,1,4792.12
5011,ORD1033,15-01-2023,18-01-2023,Standard Class,CUST2725,Sneha Gupta,Home Office,Germany,Delhi,P1008,SSD,5,2138.57
5012,ORD2293,18-11-2023,22-11-2023,Second Class,CUST1611,Michael Brown,Consumer,USA,Pune,P1001,Laptop,7,3135.98
5013,ORD1419,24-03-2025,30-03-2025,Second Class,CUST1612,Sarah Brown,Corporate,USA,Bangalore,P1004,Monitor,5,1332.27
5014,ORD1548,15-03-2023,22-03-2023,Second Class,CUST3278,Amit Johnson,Corporate,Germany,New York,P1001,Laptop,9,4691.2
5015,ORD1341,17-11-2024,20-11-2024,Invalid Mode,CUST1519,Michael Taylor,Home Office,UK,Toronto,P1004,Monitor,7,641.33
5016,ORD2195,03-08-2024,11-08-2024,Standard Class,CUST3082,Anjali Johnson,Home Office,Canada,Bangalore,P1002,Keyboard,3,4686.6
5017,ORD1227,03-09-2023,07-09-2023,First Class,CUST1731,Jane Wilson,Corporate,UK,New York,P1008,SSD,5,2260.66
5018,ORD1316,04-05-2024,05-05-2024,First Class,CUST3113,Olivia Miller,Home Office,Germany,Berlin,P1001,Laptop,5,3872.74
5019,ORD1338,29-06-2023,05-07-2023,Second Class,CUST1130,Sarah Gupta,Corporate,Germany,London,P1008,SSD,1,2647.06
5020,ORD1896,09-05-2025,14-05-2025,Second Class,CUST1206,Chris Smith,Corporate,India,Bangalore,P1004,Monitor,1,3213.34
5021,ORD1931,14-05-2024,18-05-2024,Same Day,CUST2978,Chris Patel,Home Office,UK,Berlin,P1007,Router,8,4777.1
5022,ORD2489,21-01-2025,27-01-2025,Second Class,CUST1926,Sarah Patel,Consumer,Germany,Bangalore,P1008,SSD,8,3841.03
5023,ORD2207,08-02-2023,11-02-2023,First Class,CUST1229,Emily Sharma,Home Office,UK,Berlin,P1004,Monitor,7,3822.21
5024,ORD2253,22-06-2023,30-06-2023,Second Class,CUST1179,Priya Miller,Home Office,Canada,Delhi,P1002,Keyboard,5,2727.76
5025,ORD2176,27-03-2025,06-04-2025,Second Class,CUST1654,David Brown,Corporate,UK,Toronto,P1006,Printer,2,4356.88
5026,ORD2467,09-09-2023,17-09-2023,Standard Class,CUST1323,Priya Smith,Consumer,India,Berlin,P1003,Mouse,6,3208.4
5027,ORD1681,11-12-2024,18-12-2024,Same Day,CUST2205,Priya Davis,Corporate,India,Mumbai,P1008,SSD,7,2293.82
5028,ORD1621,06-06-2025,11-06-2025,Standard Class,CUST3010,Jane Sharma,Corporate,Canada,Mumbai,P1005,Headphones,4,139.83
5029,ORD1339,21-10-2023,31-10-2023,Second Class,CUST1007,Olivia Smith,Home Office,USA,Bangalore,P1003,Mouse,5,647.26
5030,ORD2092,06-05-2024,08-05-2024,First Class,CUST1074,Chris Davis,Home Office,USA,Mumbai,P1006,Printer,4,2572.29
5031,ORD1020,14-07-2023,20-07-2023,Second Class,CUST1431,Daniel Davis,Corporate,USA,Pune,P1005,Headphones,3,4661.89
5032,ORD2169,14-01-2024,15-01-2024,Standard Class,CUST3216,Priya Patel,Home Office,Germany,Berlin,P1005,Headphones,4,733.73
5033,ORD1363,19-10-2024,29-10-2024,Same Day,CUST3151,John Miller,Home Office,USA,Bangalore,P1003,Mouse,10,4227.27
5034,ORD1811,04-08-2023,14-08-2023,Standard Class,CUST2718,Michael Smith,Corporate,Canada,Berlin,P1002,Keyboard,9,2102.97
5035,ORD1402,11-02-2023,15-02-2023,Same Day,CUST3370,Jane Miller,Corporate,Germany,Toronto,P1002,Keyboard,8,243.38
5036,ORD2329,24-01-2024,03-02-2024,First Class,CUST2116,Daniel Wilson,Home Office,India,Pune,P1007,Router,9,1787.75
5037,ORD1086,19-04-2023,25-04-2023,Second Class,CUST2803,Chris Brown,Corporate,UK,Berlin,P1005,Headphones,4,122.93
5038,ORD1209,31-05-2024,01-06-2024,Second Class,CUST2382,Amit Wilson,Consumer,USA,Mumbai,P1008,SSD,3,848.74
5039,ORD2498,01-05-2024,04-05-2024,First Class,CUST1648,Jane Patel,Consumer,Canada,Delhi,P1008,SSD,4,391.75
5040,ORD1246,18-12-2024,23-12-2024,First Class,CUST1277,Anjali Sharma,Corporate,USA,Delhi,P1004,Monitor,7,2336.96
5041,ORD1748,24-03-2025,03-04-2025,Second Class,CUST2905,Priya Gupta,Consumer,UnknownCountry,New York,P1008,SSD,7,181.5
5042,ORD1386,20-12-2024,25-12-2024,First Class,CUST2803,David Smith,Home Office,Canada,Bangalore,P1007,Router,5,3468.8
5043,ORD2093,23-03-2024,02-04-2024,Standard Class,CUST2749,Anjali Wilson,Corporate,USA,Delhi,P1008,SSD,10,512.13
5044,ORD2018,06-05-2024,10-05-2024,Standard Class,CUST2333,Sarah Miller,Consumer,Germany,Pune,P1007,Router,2,3921.38
5045,ORD1047,02-02-2023,10-02-2023,Second Class,CUST1478,Daniel Taylor,Consumer,Canada,Bangalore,P1008,SSD,8,3214.88
5046,ORD1144,23-08-2024,01-09-2024,Standard Class,CUST1851,Olivia Brown,Consumer,UK,Mumbai,P1008,SSD,9,487.86
5047,ORD1407,25-08-2023,04-09-2023,Second Class,CUST2944,Daniel Wilson,Home Office,UK,London,P1003,Mouse,5,3316.07
5048,ORD1716,13-01-2025,18-01-2025,Same Day,CUST1656,Priya Taylor,Corporate,Germany,Delhi,P1005,Headphones,5,1449.32
5049,ORD1896,16-04-2025,24-04-2025,Same Day,CUST2277,John Sharma,Corporate,Germany,Toronto,P1002,Keyboard,8,2863.83
5050,ORD2183,02-02-2025,07-02-2025,Standard Class,CUST2539,Jane Davis,Corporate,Canada,Delhi,P1003,Mouse,4,2290.59
5051,ORD1174,21-04-2025,30-04-2025,First Class,CUST3478,Daniel Davis,Consumer,Germany,Berlin,P1003,Mouse,9,4304.78
5052,ORD2011,31-07-2024,01-08-2024,Second Class,CUST3049,Jane Brown,Consumer,USA,Toronto,P1002,Keyboard,4,1614.54
5053,ORD2463,17-03-2025,26-03-2025,First Class,CUST2779,Priya Johnson,Consumer,USA,Toronto,P1002,Keyboard,3,893.83
5054,ORD1664,13-02-2025,15-02-2025,Second Class,CUST2298,Robert Brown,Home Office,UK,New York,P1004,Monitor,4,2462.01
5055,ORD1375,27-03-2025,05-04-2025,First Class,CUST1114,Anjali Johnson,Consumer,UK,Delhi,P1003,Mouse,1,263.49
5056,ORD1502,10-07-2023,11-07-2023,Second Class,CUST3049,Chris Johnson,Consumer,UK,Berlin,P1002,Keyboard,10,2016.82
5057,ORD1857,17-03-2024,25-03-2024,Standard Class,CUST1789,Jane Gupta,Consumer,Germany,New York,P1004,Monitor,1,3094.41
5058,ORD1442,15-06-2025,23-06-2025,Standard Class,CUST1872,Priya Sharma,Home Office,Germany,New York,P1006,Printer,9,606.05
5059,ORD2337,15-04-2023,25-04-2023,Same Day,CUST3307,Rahul Johnson,Home Office,UK,London,P1007,Router,2,3137.06
5060,ORD1005,04-06-2024,09-06-2024,First Class,CUST2022,Chris Taylor,Corporate,India,New York,P1007,Router,1,1897.39
5061,ORD1825,06-07-2024,11-07-2024,Second Class,CUST2032,John Johnson,Consumer,Canada,London,P1006,Printer,3,2766.55
5062,ORD2449,13-04-2025,23-04-2025,Second Class,CUST1570,Daniel Patel,Corporate,UK,Mumbai,P1008,SSD,3,4550.71
5063,ORD1688,23-09-2024,27-09-2024,Second Class,CUST1756,Priya Brown,Corporate,UK,New York,P1002,Keyboard,10,4055.25
5064,ORD1644,02-10-2024,03-10-2024,Standard Class,CUST2855,Rahul Patel,Home Office,USA,London,P1004,Monitor,5,3918.98
5065,ORD1961,26-03-2024,29-03-2024,Same Day,CUST2809,Sneha Gupta,Home Office,USA,Mumbai,P1004,Monitor,8,1630.74
5066,ORD1164,21-02-2024,25-02-2024,Same Day,CUST2745,Michael Sharma,Corporate,Germany,New York,P1001,Laptop,1,3063.97
5067,ORD2184,06-05-2025,07-05-2025,Second Class,CUST2911,Anjali Brown,Consumer,Germany,Pune,P1008,SSD,8,1981.34
5068,ORD2091,16-01-2023,20-01-2023,Standard Class,CUST2170,Sneha Patel,Corporate,UK,Mumbai,,Router,3,2995.72
5069,ORD2252,06-01-2024,13-01-2024,Standard Class,CUST2330,Anjali Taylor,Corporate,Germany,New York,P1006,Printer,2,4905.43
5070,ORD1555,07-08-2024,10-08-2024,Second Class,CUST2343,Anjali Sharma,Consumer,USA,Delhi,P1003,Mouse,10,1208.8
5071,ORD1730,07-03-2023,09-03-2023,First Class,CUST3093,Sneha Sharma,Consumer,Canada,Bangalore,P1008,SSD,9,3689.58
5072,ORD1717,05-07-2024,10-07-2024,Standard Class,CUST2943,John Wilson,Consumer,UK,Pune,P1007,Router,8,1904.17
5073,ORD1392,24-03-2023,01-04-2023,Same Day,CUST1268,Olivia Smith,Home Office,UK,London,P1003,Mouse,7,1044.86
5074,ORD2320,20-03-2023,25-03-2023,Same Day,CUST1425,Chris Brown,Corporate,UK,Mumbai,P1008,SSD,9,2700.36
5075,ORD2246,11-09-2024,19-09-2024,First Class,CUST3071,Daniel Patel,Consumer,Canada,Berlin,P1006,Printer,9,4669.02
5076,ORD1166,12-03-2024,19-03-2024,Same Day,CUST2351,Jane Johnson,Home Office,Germany,Berlin,P1001,Laptop,5,3237.45
5077,ORD2444,01-05-2024,05-05-2024,Standard Class,CUST2944,Sneha Gupta,Home Office,UK,New York,P1003,Mouse,6,2333.82
5078,ORD1976,29-11-2024,07-12-2024,Same Day,CUST1162,,Home Office,UK,Bangalore,P1001,Laptop,5,2724.46
5079,ORD1764,01-06-2025,08-06-2025,Second Class,CUST1682,,Home Office,UK,New York,P1005,Headphones,2,4871.86
5080,ORD1145,13-01-2025,19-01-2025,First Class,CUST1615,Priya Gupta,Consumer,India,London,P1007,Router,7,851.19
5081,ORD1821,13-02-2025,23-02-2025,Standard Class,CUST2505,Michael Gupta,Home Office,USA,Mumbai,P1002,Keyboard,1,2813.39
5082,ORD1521,12-02-2024,16-02-2024,Same Day,CUST2136,Olivia Sharma,Consumer,Canada,Toronto,P1002,Keyboard,5,2842.43
5083,ORD1411,01-06-2025,04-06-2025,Same Day,CUST2371,Emily Taylor,Consumer,Germany,Bangalore,P1004,Monitor,4,1172.34
5084,ORD1182,27-09-2023,07-10-2023,Second Class,CUST2464,Daniel Wilson,Home Office,UK,Delhi,P1004,Monitor,9,4015.74
5085,ORD2290,28-06-2023,29-06-2023,Same Day,CUST2780,Emily Davis,Corporate,Canada,Berlin,P1007,Router,2,223.08
5086,ORD1043,22-01-2023,25-01-2023,Standard Class,CUST1160,John Davis,Consumer,Canada,Toronto,P1002,Keyboard,7,4252.95
5087,ORD1955,28-07-2024,29-07-2024,First Class,CUST2263,Anjali Miller,Home Office,Germany,Pune,P1007,Router,7,4865.75
5088,ORD1294,21-05-2024,29-05-2024,First Class,CUST1014,Michael Miller,Corporate,USA,London,P1007,Router,1,-100
5089,ORD1315,17-05-2023,27-05-2023,First Class,CUST1824,Emily Davis,Corporate,UK,Delhi,P1002,Keyboard,8,411.5
5090,ORD2213,20-04-2024,27-04-2024,Standard Class,CUST2539,Michael Wilson,Consumer,Germany,Bangalore,P1007,Router,4,2676.08
5091,ORD1224,31-12-2099,20-04-2025,Standard Class,CUST1473,Priya Gupta,Corporate,UK,Toronto,P1008,SSD,1,2719.18
5092,ORD1606,26-07-2024,02-08-2024,Standard Class,CUST2996,Anjali Patel,Consumer,Canada,Bangalore,P1005,Headphones,2,4646.81
5093,ORD1419,16-08-2023,18-08-2023,Second Class,CUST2117,Rahul Gupta,Corporate,USA,Pune,P1006,Printer,8,1469.26
5094,ORD2307,31-01-2023,04-02-2023,First Class,CUST1428,David Johnson,Corporate,UK,Toronto,P1008,SSD,7,2664.86
5095,ORD2183,27-07-2024,30-07-2024,Same Day,CUST1789,Sneha Brown,Corporate,Germany,Toronto,P1004,Monitor,1,838.84
5096,ORD2076,24-10-2023,03-11-2023,Second Class,CUST2473,Emily Patel,Home Office,India,Pune,P1007,Router,3,378.6
5097,ORD2229,17-11-2024,27-11-2024,First Class,CUST3425,Anjali Miller,Corporate,USA,London,P1002,Keyboard,4,4431.06
5098,ORD1689,13-08-2024,19-08-2024,Standard Class,CUST1343,Chris Miller,Corporate,UK,New York,P1004,Monitor,10,3665.41
5099,ORD1118,11-12-2023,21-12-2023,First Class,CUST2477,Sneha Miller,Home Office,India,New York,P1005,Headphones,6,781.68
5100,ORD1144,05-01-2023,08-01-2023,Second Class,CUST3065,Amit Gupta,Consumer,Canada,Pune,P1001,Laptop,4,4194.77
5101,ORD2300,15-03-2024,16-03-2024,Second Class,CUST1273,Michael Johnson,Consumer,India,New York,P1005,Headphones,7,2729.6
5102,ORD2246,31-12-2099,03-05-2024,Standard Class,CUST1165,Olivia Smith,Home Office,UK,Toronto,P1003,Mouse,6,1532.94
5103,ORD1710,24-11-2024,30-11-2024,Invalid Mode,CUST1582,Michael Brown,Home Office,India,London,P1007,Router,5,1451.9
5104,ORD1193,16-04-2024,01-01-2022,First Class,CUST2567,Priya Davis,Home Office,USA,Bangalore,P1001,Laptop,7,3782.6
5105,ORD1067,21-04-2024,22-04-2024,First Class,CUST3114,Sneha Gupta,Consumer,USA,London,P1007,Router,9,4817.75
5106,ORD2492,12-07-2023,21-07-2023,Standard Class,CUST2892,Olivia Patel,Home Office,USA,Mumbai,P1006,Printer,5,2349.99
5107,ORD1047,10-02-2023,15-02-2023,Standard Class,CUST2829,Robert Brown,Corporate,USA,Delhi,P1004,Monitor,6,1747.16
5108,ORD2118,11-06-2023,19-06-2023,Second Class,CUST3287,Sarah Brown,Home Office,Canada,Delhi,P1005,Headphones,3,1719.64
5109,ORD1871,11-06-2025,15-06-2025,Second Class,CUST2865,Sarah Brown,Consumer,India,Pune,P1005,Headphones,5,4484.1
5110,ORD1841,20-09-2023,27-09-2023,First Class,CUST1122,Sarah Taylor,Consumer,Germany,London,P1008,SSD,5,4500.93
5111,ORD1174,08-07-2024,14-07-2024,Standard Class,CUST1868,Rahul Gupta,Consumer,UnknownCountry,Pune,P1003,Mouse,1,1417.44
5112,ORD1553,10-08-2023,14-08-2023,First Class,CUST1177,Rahul Taylor,Consumer,Germany,Bangalore,P1001,Laptop,5,253.08
5113,ORD2187,31-12-2099,15-05-2025,Standard Class,CUST3166,Olivia Gupta,Corporate,Germany,New York,P1001,Laptop,9,1991.85
5114,ORD1670,17-06-2024,22-06-2024,Second Class,CUST2439,Michael Gupta,Corporate,Canada,London,P1003,Mouse,8,1711.07
5115,ORD2419,21-03-2024,26-03-2024,Second Class,CUST3381,Michael Gupta,Corporate,UK,Mumbai,P1005,Headphones,2,3034.86
5116,ORD1299,03-04-2025,09-04-2025,Same Day,CUST2807,David Miller,Corporate,USA,Delhi,P1003,Mouse,3,496.36
5117,ORD1789,01-03-2023,11-03-2023,Second Class,CUST1781,Amit Johnson,Corporate,Germany,Berlin,P1006,Printer,2,3460.79
5118,ORD1371,03-02-2025,04-02-2025,First Class,CUST2869,Olivia Gupta,Corporate,Germany,Bangalore,P1004,Monitor,2,925.24
5119,ORD1103,24-10-2023,03-11-2023,Same Day,CUST1873,Robert Brown,Consumer,India,Berlin,P1004,Monitor,6,3214.57
5120,ORD1417,12-08-2023,20-08-2023,First Class,CUST2978,Priya Sharma,Consumer,India,Toronto,P1004,Monitor,6,4883.58
5121,ORD1729,05-06-2024,08-06-2024,Same Day,CUST2458,David Sharma,Home Office,Germany,Pune,P1008,SSD,6,3395.51
5122,ORD2135,06-08-2024,14-08-2024,Standard Class,CUST2002,Anjali Gupta,Home Office,UK,Pune,P1004,Monitor,5,3363.23
5123,ORD2385,11-12-2024,16-12-2024,Second Class,CUST2672,Amit Gupta,Corporate,India,Mumbai,P1003,Mouse,8,1600.56
5124,ORD1648,10-02-2024,12-02-2024,First Class,CUST2446,Emily Johnson,Consumer,Canada,New York,P1002,Keyboard,10,3146.67
5125,ORD1251,29-07-2024,07-08-2024,Same Day,CUST1427,Jane Patel,Home Office,Germany,Mumbai,P1007,Router,2,2465.59
5126,ORD2029,24-03-2024,27-03-2024,Standard Class,CUST1324,Anjali Brown,Corporate,Germany,Bangalore,P1008,SSD,2,1812.81
5127,ORD1831,22-06-2023,27-06-2023,Standard Class,CUST2598,John Patel,Home Office,India,Pune,P1003,Mouse,7,3143.69
5128,ORD1986,03-03-2024,13-03-2024,First Class,CUST2088,Sarah Patel,Consumer,Canada,Delhi,P1001,Laptop,2,3042.95
5129,ORD1609,28-12-2024,05-01-2025,Standard Class,CUST1536,Sneha Davis,Consumer,Canada,Pune,P1002,Keyboard,1,4706.52
5130,ORD2427,30-04-2024,04-05-2024,First Class,CUST2850,Emily Miller,Consumer,India,Delhi,P1003,Mouse,4,4068.08
5131,ORD1415,31-05-2025,05-06-2025,First Class,CUST2678,Anjali Wilson,Consumer,India,Berlin,P1001,Laptop,3,3886.93
5132,ORD1161,24-01-2025,25-01-2025,Same Day,CUST1858,Chris Johnson,Consumer,Germany,Toronto,P1005,Headphones,8,4364.16
5133,ORD2335,10-03-2023,20-03-2023,Second Class,CUST2432,John Patel,Corporate,UK,London,P1008,SSD,10,988.31
5134,ORD2120,20-04-2023,24-04-2023,Second Class,CUST2470,David Gupta,Consumer,Germany,Berlin,P1002,Keyboard,4,1316.75
5135,ORD1211,30-08-2023,05-09-2023,First Class,CUST2139,Anjali Smith,Corporate,Canada,New York,P1001,Laptop,8,592.37
5136,ORD2139,06-05-2025,13-05-2025,First Class,CUST1785,Robert Taylor,Home Office,India,Bangalore,P1003,Mouse,2,1513.11
5137,ORD1682,28-08-2023,07-09-2023,Standard Class,CUST2919,Daniel Brown,Consumer,Canada,New York,P1005,Headphones,6,3348.86
5138,ORD2060,11-10-2023,17-10-2023,Standard Class,CUST1724,Michael Brown,Corporate,Canada,Toronto,P1005,Headphones,1,691.66
5139,ORD2134,25-02-2023,04-03-2023,Same Day,CUST1518,Emily Brown,Corporate,Germany,Bangalore,P1007,Router,5,1309.45
5140,ORD1555,26-12-2023,28-12-2023,Same Day,CUST2802,Priya Wilson,Home Office,USA,Pune,P1001,Laptop,1,4261.13
5141,ORD2140,16-07-2023,17-07-2023,Second Class,CUST2133,David Davis,Home Office,Canada,Pune,P1007,Router,1,3430.32
5142,ORD2062,20-09-2023,23-09-2023,Same Day,CUST2416,David Brown,Consumer,Canada,Bangalore,P1006,Printer,6,1093.23
5143,ORD1528,02-08-2024,10-08-2024,First Class,CUST3136,Robert Taylor,Home Office,Germany,Bangalore,P1003,Mouse,3,848.51
5144,ORD1680,19-05-2025,23-05-2025,Standard Class,CUST1754,Michael Gupta,Corporate,UK,Toronto,P1006,Printer,10,86.28
5145,ORD1471,14-06-2024,19-06-2024,Standard Class,CUST1899,Olivia Gupta,Consumer,UK,Berlin,P1008,SSD,8,3654.97
5146,ORD1287,16-06-2023,19-06-2023,Second Class,CUST1184,John Wilson,Consumer,USA,Bangalore,P1002,Keyboard,5,707.66
5147,ORD1096,12-07-2023,16-07-2023,Second Class,CUST3265,David Patel,Consumer,UK,Mumbai,P1008,SSD,1,670.1
5148,ORD1642,10-11-2024,17-11-2024,Second Class,CUST2650,Robert Sharma,Home Office,UK,Bangalore,P1004,Monitor,7,4363.53
5149,ORD2039,20-01-2024,30-01-2024,Standard Class,CUST3481,Rahul Gupta,Home Office,UK,Pune,P1005,Headphones,4,3563.22
5150,ORD1634,28-10-2023,03-11-2023,Second Class,CUST1661,Rahul Sharma,Corporate,Canada,Bangalore,P1006,Printer,8,4274.63
5151,ORD2190,16-11-2023,19-11-2023,Standard Class,CUST3062,Sneha Taylor,Home Office,Canada,Pune,P1004,Monitor,7,4753.92
5152,ORD1819,24-08-2023,28-08-2023,Second Class,CUST3097,Chris Smith,Home Office,India,Pune,P1005,Headphones,6,1334.97
5153,ORD1230,24-01-2024,02-02-2024,First Class,CUST3480,Chris Gupta,Corporate,India,London,P1003,Mouse,5,3351
5154,ORD1233,14-03-2023,19-03-2023,Same Day,CUST2520,Sneha Wilson,Corporate,Canada,London,P1001,Laptop,2,4887.27
5155,ORD1868,09-05-2024,14-05-2024,Same Day,CUST2460,Chris Davis,Corporate,India,Bangalore,P1001,Laptop,9,1278.94
5156,ORD1748,28-02-2024,02-03-2024,Second Class,CUST2236,Sneha Miller,Corporate,Canada,London,P1004,Monitor,2,1706.55
5157,ORD2089,07-06-2023,10-06-2023,Standard Class,CUST3432,Daniel Wilson,Corporate,Canada,Mumbai,P1004,Monitor,6,2859.48
5158,ORD1916,23-02-2024,29-02-2024,Standard Class,CUST1687,David Miller,Home Office,USA,Bangalore,P1007,Router,5,1328.3
5159,ORD1639,27-01-2024,04-02-2024,Second Class,CUST3085,Rahul Brown,Corporate,USA,Pune,P1007,Router,5,3230.94
5160,ORD1458,29-04-2024,03-05-2024,Second Class,CUST1195,Amit Davis,Consumer,India,Toronto,P1006,Printer,9,2137.96
5161,ORD2412,28-09-2023,03-10-2023,Same Day,CUST3153,Olivia Gupta,Consumer,USA,Mumbai,P1008,SSD,8,363.39
5162,ORD1177,10-04-2023,17-04-2023,First Class,CUST1469,Sneha Taylor,Consumer,Canada,Berlin,P1005,Headphones,2,2546.52
5163,ORD1956,03-12-2024,04-12-2024,First Class,CUST1935,Anjali Miller,Home Office,Canada,New York,P1002,Keyboard,1,1786.17
5164,ORD1556,21-03-2023,31-03-2023,First Class,CUST3464,Amit Patel,Home Office,India,Pune,P1002,Keyboard,8,1478.86
5165,ORD1799,23-03-2023,28-03-2023,Second Class,CUST2818,David Smith,Corporate,UK,Pune,P1003,Mouse,3,4181.63
5166,ORD2072,27-11-2024,03-12-2024,Same Day,CUST1122,Amit Johnson,Consumer,USA,London,P1004,Monitor,8,3433.28
5167,ORD1458,31-03-2023,09-04-2023,Standard Class,CUST1121,David Miller,Consumer,UK,Toronto,P1002,Keyboard,1,4178.95
5168,ORD1246,01-06-2025,04-06-2025,First Class,CUST3332,Rahul Gupta,Consumer,Canada,Bangalore,P1006,Printer,2,3279.08
5169,ORD1107,08-06-2024,10-06-2024,Same Day,CUST2791,Priya Smith,Corporate,USA,London,P1001,Laptop,8,3013.92
5170,ORD1436,26-11-2023,01-12-2023,Same Day,CUST2109,Michael Taylor,Consumer,USA,London,P1001,Laptop,10,4250.22
5171,ORD1573,07-04-2025,16-04-2025,Same Day,CUST1322,Amit Sharma,Corporate,Germany,New York,P1008,SSD,2,4953.94
5172,ORD1164,02-06-2023,06-06-2023,Same Day,CUST1143,Emily Miller,Home Office,USA,Berlin,P1005,Headphones,1,3544.96
5173,ORD1299,19-04-2024,22-04-2024,First Class,CUST1570,Robert Wilson,Home Office,USA,Toronto,P1004,Monitor,2,598.88
5174,ORD2061,25-03-2025,03-04-2025,Standard Class,CUST2312,Priya Johnson,Corporate,USA,New York,P1008,SSD,8,3677.41
5175,ORD1619,30-05-2024,07-06-2024,Standard Class,CUST3329,Robert Wilson,Corporate,India,New York,P1001,Laptop,7,2888.06
5176,ORD1572,10-06-2024,14-06-2024,Same Day,CUST1180,Jane Sharma,Corporate,Germany,London,P1006,Printer,9,4594.08
5177,ORD1847,10-04-2024,18-04-2024,Second Class,CUST1561,David Miller,Corporate,UK,Bangalore,P1006,Printer,10,1085.61
5178,ORD1464,18-10-2024,25-10-2024,Second Class,CUST1515,Robert Smith,Consumer,Germany,Toronto,P1002,Keyboard,2,3180.29
5179,ORD2477,24-03-2024,29-03-2024,Second Class,CUST2609,Amit Davis,Corporate,Germany,Mumbai,P1003,Mouse,4,2287.97
5180,ORD1957,16-03-2023,25-03-2023,First Class,CUST3204,Olivia Taylor,Consumer,Canada,New York,P1007,Router,7,3925.46
5181,ORD2413,31-05-2023,01-06-2023,Same Day,CUST2383,David Patel,Corporate,UK,Toronto,P1005,Headphones,7,1144.36
5182,ORD1789,06-02-2025,10-02-2025,Second Class,CUST3260,Sneha Johnson,Consumer,Germany,Delhi,P1007,Router,3,4428.49
5183,ORD1431,31-05-2025,01-06-2025,Second Class,CUST1396,John Davis,Corporate,Germany,Delhi,P1005,Headphones,1,1546.09
5184,ORD2100,01-04-2024,11-04-2024,Same Day,CUST1188,Olivia Johnson,Consumer,USA,Bangalore,P1004,Monitor,6,3871.81
5185,ORD2436,05-08-2024,09-08-2024,Same Day,CUST2421,Rahul Smith,Consumer,USA,Delhi,P1008,SSD,10,4172.85
5186,ORD2271,13-05-2023,23-05-2023,Standard Class,CUST1278,Sarah Davis,Corporate,India,New York,P1003,Mouse,6,4422.81
5187,ORD1547,31-12-2024,01-01-2025,Standard Class,CUST2935,Anjali Wilson,Home Office,India,Pune,P1006,Printer,4,3039.72
5188,ORD2102,18-05-2023,22-05-2023,Same Day,CUST2278,Rahul Davis,Home Office,USA,Toronto,P1007,Router,9,1160.11
5189,ORD1488,15-07-2024,16-07-2024,Second Class,CUST2022,Amit Davis,Consumer,Canada,Berlin,P1001,Laptop,4,4724.31
5190,ORD1828,13-03-2023,18-03-2023,First Class,CUST3043,Sneha Sharma,Consumer,Germany,New York,P1001,Laptop,6,4449.32
5191,ORD1861,31-03-2023,06-04-2023,Standard Class,CUST1306,John Sharma,Home Office,Germany,New York,P1002,Keyboard,3,4003.8
5192,ORD2184,08-07-2023,11-07-2023,Standard Class,CUST3008,Anjali Taylor,Home Office,UK,Bangalore,P1004,Monitor,3,257.43
5193,ORD1079,27-11-2024,06-12-2024,Standard Class,CUST2969,Michael Davis,Consumer,USA,Berlin,P1002,Keyboard,5,4982.85
5194,ORD1900,15-06-2024,19-06-2024,Standard Class,CUST2265,David Johnson,Consumer,UnknownCountry,Bangalore,P1001,Laptop,5,3820.18
5195,ORD1551,14-09-2023,17-09-2023,Second Class,CUST2989,David Brown,Corporate,Germany,New York,P1006,Printer,2,4046.52
5196,ORD2026,06-12-2023,01-01-2022,Same Day,CUST3045,John Brown,Consumer,Germany,Delhi,P1005,Headphones,9,3368.2
5197,ORD1388,25-03-2023,26-03-2023,First Class,CUST2798,Olivia Johnson,Home Office,India,Mumbai,P1002,Keyboard,5,3224.11
5198,ORD2213,31-03-2024,10-04-2024,Second Class,CUST2270,Olivia Johnson,Consumer,USA,New York,P1003,Mouse,3,1773.58
5199,ORD1659,13-09-2024,20-09-2024,Standard Class,CUST1229,Olivia Sharma,Consumer,Canada,New York,P1004,Monitor,5,4483.5
5200,ORD2122,24-04-2024,02-05-2024,Same Day,CUST1358,Anjali Gupta,Corporate,Germany,Berlin,P1007,Router,3,2836.89
5201,ORD1854,09-05-2023,10-05-2023,Second Class,CUST3403,Priya Patel,Home Office,Germany,Pune,P1005,Headphones,1,4748.59
5202,ORD2410,13-11-2023,15-11-2023,Standard Class,CUST3159,Anjali Brown,Corporate,Germany,Delhi,P1001,Laptop,4,284.31
5203,ORD1705,10-04-2023,12-04-2023,Same Day,CUST3283,Michael Patel,Consumer,UK,Delhi,P1008,SSD,9,2593.34
5204,ORD1086,14-11-2023,24-11-2023,Standard Class,CUST2493,David Sharma,Home Office,India,London,P1007,Router,1,2554.64
5205,ORD2317,21-10-2024,31-10-2024,Standard Class,CUST2944,Anjali Smith,Corporate,USA,Mumbai,P1006,Printer,5,2422.87
5206,ORD1044,20-06-2024,28-06-2024,First Class,CUST1519,Robert Davis,Consumer,USA,New York,P1008,SSD,5,622.52
5207,ORD1472,26-11-2024,30-11-2024,Standard Class,CUST1716,Sneha Johnson,Consumer,USA,Berlin,P1006,Printer,8,124.62
5208,ORD1290,02-09-2023,06-09-2023,Second Class,CUST1812,Emily Smith,Corporate,USA,Berlin,P1006,Printer,5,3362.7
5209,ORD1757,29-04-2024,30-04-2024,Second Class,CUST3078,Robert Smith,Corporate,India,Toronto,P1004,Monitor,2,1592.44
5210,ORD1699,09-05-2025,14-05-2025,First Class,CUST3395,Olivia Johnson,Home Office,Germany,Delhi,P1004,Monitor,5,4132.16
5211,ORD2360,19-11-2023,27-11-2023,Same Day,CUST2208,Anjali Davis,Consumer,USA,Mumbai,P1005,Headphones,5,4092.41
5212,ORD1444,19-06-2025,20-06-2025,Standard Class,CUST3051,Jane Patel,Home Office,Germany,London,P1006,Printer,4,1748.79
5213,ORD1880,09-05-2023,19-05-2023,First Class,CUST3192,Sneha Smith,Home Office,Germany,New York,P1003,Mouse,10,361.9
5214,ORD2166,01-11-2024,06-11-2024,Same Day,CUST1802,Sarah Davis,Consumer,USA,Bangalore,P1004,Monitor,9,1936.09
5215,ORD1722,11-12-2023,18-12-2023,Standard Class,CUST1640,Olivia Brown,Consumer,Germany,Mumbai,P1006,Printer,6,990.46
5216,ORD2447,01-11-2023,09-11-2023,Same Day,CUST3433,Emily Johnson,Consumer,USA,New York,P1003,Mouse,7,1660.2
5217,ORD2118,13-07-2023,19-07-2023,First Class,CUST2780,Jane Brown,Consumer,India,New York,P1002,Keyboard,1,3658.31
5218,ORD2207,02-06-2024,06-06-2024,Standard Class,CUST1022,Priya Gupta,Consumer,Canada,Mumbai,P1005,Headphones,2,3693.14
5219,ORD2150,12-01-2025,16-01-2025,Same Day,CUST1989,David Miller,Home Office,Germany,Toronto,P1002,Keyboard,4,916.75
5220,ORD1753,04-01-2024,08-01-2024,Same Day,CUST2312,Sarah Johnson,Corporate,UK,Delhi,P1004,Monitor,9,1909.37
5221,ORD1378,07-11-2024,10-11-2024,Standard Class,CUST1192,John Brown,Corporate,Germany,Bangalore,P1005,Headphones,8,4203.83
5222,ORD1684,27-05-2025,05-06-2025,Second Class,CUST2407,John Smith,Consumer,USA,Berlin,P1002,Keyboard,5,113.27
5223,ORD2374,27-06-2024,07-07-2024,First Class,CUST2999,Anjali Taylor,Home Office,UK,Delhi,P1008,SSD,4,1764.74
5224,ORD2286,28-07-2024,29-07-2024,Same Day,CUST2273,Michael Johnson,Home Office,UK,Delhi,P1003,Mouse,9,3560.07
5225,ORD1608,16-03-2023,23-03-2023,First Class,CUST2169,Priya Gupta,Home Office,Germany,Delhi,P1004,Monitor,8,3230.8
5226,ORD1852,18-09-2024,22-09-2024,Standard Class,CUST2416,Emily Johnson,Corporate,Canada,Mumbai,P1003,Mouse,5,4073.88
5227,ORD2466,13-07-2023,17-07-2023,First Class,CUST1897,David Miller,Corporate,Germany,Pune,P1001,Laptop,6,4525.74
5228,ORD2151,07-06-2024,10-06-2024,Same Day,CUST2198,David Davis,Consumer,Canada,Bangalore,P1007,Router,2,4874.57
5229,ORD2291,12-01-2023,15-01-2023,Second Class,CUST1082,John Taylor,Consumer,India,Bangalore,P1001,Laptop,10,499.5
5230,ORD1237,20-10-2024,25-10-2024,Same Day,CUST2410,Emily Miller,Corporate,Germany,Toronto,P1001,Laptop,3,405.68
5231,ORD1852,09-08-2023,14-08-2023,First Class,CUST1959,John Patel,Consumer,UK,New York,P1005,Headphones,8,4863.67
5232,ORD1726,22-01-2023,31-01-2023,Second Class,CUST3271,Michael Taylor,Home Office,Germany,Pune,P1003,Mouse,7,446.91
6,ORD1936,30-10-2024,01-11-2024,Standard Class,CUST3009,Sarah Brown,Corporate,India,New York,P1006,Printer,7,1155.14
5234,ORD1702,29-10-2023,01-11-2023,Same Day,CUST3128,Daniel Sharma,Consumer,Germany,Berlin,P1005,Headphones,3,310.24
5235,ORD1341,24-07-2023,02-08-2023,Second Class,CUST1519,Priya Smith,Corporate,Germany,New York,P1004,Monitor,4,4389.31
5236,ORD1287,03-05-2024,08-05-2024,Second Class,CUST2555,Emily Patel,Home Office,UK,Delhi,P1001,Laptop,5,1865.2
5237,ORD1103,19-06-2023,23-06-2023,Standard Class,CUST1119,Amit Johnson,Home Office,UK,New York,P1004,Monitor,9,3662.36
5238,ORD1667,03-02-2025,05-02-2025,Second Class,CUST3114,Amit Brown,Corporate,USA,Berlin,P1005,Headphones,5,4522.49
5239,ORD1094,23-08-2024,02-09-2024,First Class,CUST3037,Jane Taylor,Home Office,India,Bangalore,P1005,Headphones,3,1516.14
5240,ORD1078,21-02-2024,24-02-2024,First Class,CUST2675,Jane Davis,Consumer,UK,New York,P1002,Keyboard,8,986.22
5241,ORD2482,11-09-2023,19-09-2023,Second Class,CUST2317,Emily Patel,Home Office,Canada,Bangalore,P1001,Laptop,5,3170.28
5242,ORD1245,29-09-2023,01-10-2023,Same Day,CUST2861,Sneha Johnson,Home Office,India,Berlin,P1006,Printer,5,2844.55
5243,ORD1294,08-02-2025,12-02-2025,Same Day,CUST2477,Michael Taylor,Home Office,UK,Pune,P1007,Router,5,576.36
5244,ORD1000,08-06-2024,11-06-2024,First Class,CUST2298,Sneha Gupta,Corporate,UK,Toronto,P1008,SSD,6,4289.94
7,ORD2190,28-10-2024,07-11-2024,First Class,CUST1072,Priya Sharma,Consumer,USA,Berlin,P1003,Mouse,4,2106.61
5246,ORD1412,18-01-2024,22-01-2024,Standard Class,CUST1740,Jane Wilson,Corporate,USA,Mumbai,P1008,SSD,8,347.23
5247,ORD1118,14-09-2024,20-09-2024,Standard Class,CUST2053,Michael Taylor,Corporate,USA,Delhi,P1004,Monitor,4,377.89
5248,ORD1362,18-02-2024,24-02-2024,Same Day,CUST2152,Priya Wilson,Home Office,UK,Bangalore,P1006,Printer,7,1997.63
5249,ORD1466,30-11-2023,03-12-2023,Same Day,CUST1065,Amit Davis,Corporate,India,Delhi,P1002,Keyboard,9,2981.18
5250,ORD1572,10-03-2025,11-03-2025,Second Class,CUST2091,Olivia Miller,Home Office,Canada,New York,P1004,Monitor,8,4035.39
5251,ORD2227,21-07-2023,27-07-2023,First Class,CUST2595,Michael Johnson,Home Office,UK,New York,P1004,Monitor,3,3539.54
5252,ORD1853,17-05-2023,24-05-2023,Standard Class,CUST3152,Amit Miller,Home Office,USA,Toronto,P1008,SSD,8,354.49
5253,ORD1427,17-03-2024,19-03-2024,Same Day,CUST2586,Priya Davis,Consumer,USA,Pune,P1002,Keyboard,8,3263.71
5254,ORD1917,24-12-2023,03-01-2024,Standard Class,CUST2222,David Gupta,Corporate,USA,Mumbai,P1005,Headphones,5,1741.08
5255,ORD1458,29-03-2024,05-04-2024,Standard Class,CUST2782,Michael Gupta,Corporate,USA,New York,P1008,SSD,4,2899.28
5256,ORD2348,21-02-2023,28-02-2023,Standard Class,CUST1158,Priya Miller,Home Office,USA,Bangalore,P1004,Monitor,4,3215.76
5257,ORD2489,22-07-2024,01-08-2024,Same Day,CUST3048,Priya Davis,Home Office,UK,Toronto,P1002,Keyboard,4,3129.46
5258,ORD1152,22-04-2023,01-05-2023,Standard Class,CUST2573,Michael Sharma,Home Office,Germany,Berlin,P1008,SSD,8,1138.39
5259,ORD2376,30-04-2023,01-05-2023,Same Day,CUST1869,David Wilson,Corporate,Germany,London,P1006,Printer,1,232.35
5260,ORD1602,04-04-2024,14-04-2024,Same Day,CUST3426,Michael Miller,Consumer,Canada,Pune,P1005,Headphones,7,4282.62
5261,ORD1315,18-01-2025,01-01-2022,Same Day,CUST3348,Olivia Brown,Home Office,Canada,Toronto,P1001,Laptop,4,3254.64
5262,ORD1874,19-01-2025,27-01-2025,Same Day,CUST1944,Rahul Sharma,Corporate,USA,London,P1008,SSD,3,2401.8
5263,ORD1825,12-01-2023,13-01-2023,First Class,CUST2506,John Wilson,Consumer,Germany,New York,P1008,SSD,2,3561.24
5264,ORD2045,25-08-2023,03-09-2023,Standard Class,CUST1271,Priya Patel,Consumer,Germany,Delhi,P1001,Laptop,1,4062.22
5265,ORD2315,25-04-2024,05-05-2024,Same Day,CUST2979,Daniel Miller,Home Office,Germany,Toronto,P1001,Laptop,2,4587.95
5266,ORD1356,18-01-2024,01-01-2022,Same Day,CUST2746,David Smith,Consumer,Germany,Mumbai,P1002,Keyboard,3,4456.8
5267,ORD2148,27-01-2023,30-01-2023,Second Class,CUST2232,David Sharma,Corporate,India,Toronto,P1003,Mouse,6,507.81
5268,ORD2431,27-04-2025,03-05-2025,Same Day,CUST2676,Michael Sharma,Corporate,Canada,Mumbai,P1007,Router,5,4539.3
5269,ORD2115,11-04-2025,20-04-2025,Second Class,CUST3338,Michael Davis,Home Office,Germany,New York,P1004,Monitor,1,3132.01
5270,ORD2457,02-05-2023,05-05-2023,Standard Class,CUST2864,Robert Wilson,Home Office,Germany,London,P1007,Router,8,2249.8
5271,ORD1607,21-06-2023,29-06-2023,First Class,CUST3326,Amit Wilson,Consumer,Canada,Mumbai,P1004,Monitor,6,1534.83
5272,ORD1316,19-02-2023,01-03-2023,Same Day,CUST2097,Daniel Sharma,Home Office,UK,Delhi,P1003,Mouse,10,4754.74
5273,ORD1940,04-01-2025,14-01-2025,Invalid Mode,CUST1453,Amit Miller,Consumer,Canada,Toronto,P1005,Headphones,9,265.44
5274,ORD1475,19-06-2025,21-06-2025,Standard Class,CUST1324,Olivia Gupta,Home Office,Canada,Berlin,P1001,Laptop,7,1946.34
5275,ORD2369,17-02-2023,18-02-2023,Second Class,CUST1056,John Davis,Home Office,Canada,New York,P1003,Mouse,3,1125.03
5276,ORD1341,20-05-2023,24-05-2023,First Class,CUST1740,Michael Smith,Home Office,UK,Pune,P1006,Printer,3,4962.05
5277,ORD1688,01-11-2024,08-11-2024,Standard Class,CUST1605,Anjali Smith,Consumer,UK,New York,P1003,Mouse,1,2906.26
5278,ORD1216,23-03-2023,27-03-2023,First Class,CUST2068,Emily Brown,Corporate,UK,Pune,P1007,Router,8,3893.19
5279,ORD1654,01-03-2024,11-03-2024,Same Day,CUST2241,Daniel Miller,Corporate,India,Delhi,P1004,Monitor,7,780.2
5280,ORD2261,08-04-2025,16-04-2025,Same Day,CUST1625,John Davis,Home Office,India,New York,P1006,Printer,4,4283.12
5281,ORD1830,14-04-2023,19-04-2023,Second Class,CUST3089,Amit Patel,Home Office,Germany,New York,P1004,Monitor,8,243.5
5282,ORD2349,19-08-2024,20-08-2024,Standard Class,CUST3260,Rahul Brown,Consumer,Canada,Pune,P1007,Router,1,1326.38
5283,ORD2184,02-03-2023,10-03-2023,Standard Class,CUST1915,Sneha Sharma,Corporate,Canada,Mumbai,P1002,Keyboard,7,3565.58
5284,ORD2080,23-04-2024,02-05-2024,Standard Class,CUST1775,Rahul Johnson,Consumer,Canada,Berlin,P1006,Printer,10,3949.35
5285,ORD1688,15-07-2023,24-07-2023,First Class,CUST1310,Anjali Taylor,Home Office,Germany,London,P1008,SSD,4,3664.43
5286,ORD1515,04-07-2023,14-07-2023,Standard Class,CUST1941,Rahul Gupta,Home Office,Canada,Bangalore,P1008,SSD,4,4717.95
5287,ORD1006,06-06-2025,07-06-2025,Standard Class,CUST2049,Sneha Davis,Consumer,Canada,New York,P1005,Headphones,5,659.69
5288,ORD1016,22-04-2025,27-04-2025,Second Class,CUST1577,Olivia Smith,Consumer,Germany,Toronto,P1003,Mouse,6,2754.65
5289,ORD1356,14-12-2024,18-12-2024,First Class,CUST3301,Priya Taylor,Consumer,Germany,Bangalore,P1004,Monitor,5,4301.62
5290,ORD1190,07-03-2023,12-03-2023,First Class,CUST2625,Priya Patel,Corporate,USA,Delhi,P1008,SSD,6,468.71
5291,ORD2286,14-09-2023,16-09-2023,Same Day,CUST1286,Priya Davis,Consumer,USA,New York,P1006,Printer,4,790.7
5292,ORD2493,18-08-2024,26-08-2024,First Class,CUST2940,Chris Sharma,Consumer,Canada,New York,P1003,Mouse,1,1180.7
5293,ORD2303,30-12-2024,03-01-2025,Standard Class,CUST2360,Olivia Sharma,Home Office,UK,Pune,P1001,Laptop,8,822.44
5294,ORD1430,05-10-2023,06-10-2023,Same Day,CUST2350,David Johnson,Consumer,USA,Toronto,P1007,Router,4,3606.1
5295,ORD1011,24-05-2025,26-05-2025,Standard Class,CUST3258,Sneha Miller,Consumer,USA,Bangalore,P1006,Printer,1,2972.79
5296,ORD1296,19-03-2023,23-03-2023,Same Day,CUST1125,David Patel,Home Office,India,Bangalore,P1004,Monitor,9,2077.81
5297,ORD1032,23-05-2024,26-05-2024,Second Class,CUST1142,Robert Brown,Home Office,Canada,Bangalore,P1005,Headphones,5,1708.14
5298,ORD1283,10-08-2024,16-08-2024,Same Day,CUST1597,Amit Patel,Corporate,UnknownCountry,Toronto,P1002,Keyboard,8,3141.02
5299,ORD1495,03-05-2023,10-05-2023,Second Class,CUST2936,Amit Sharma,Consumer,UK,Berlin,P1001,Laptop,7,3901.95
5300,ORD1740,06-01-2025,13-01-2025,Second Class,CUST3170,Daniel Smith,Corporate,Germany,London,P1002,Keyboard,6,3932.43
5301,ORD1323,08-05-2023,10-05-2023,First Class,CUST1868,Jane Sharma,Consumer,UK,Toronto,P1001,Laptop,7,2386.1
5302,ORD2133,02-12-2024,08-12-2024,Standard Class,CUST1864,David Johnson,Consumer,USA,Delhi,P1008,SSD,9,3439.12
5303,ORD2064,10-03-2023,11-03-2023,Second Class,CUST1870,Amit Patel,Home Office,USA,New York,P1005,Headphones,8,3119.01
5304,ORD1654,06-12-2024,12-12-2024,First Class,CUST1176,Chris Taylor,Corporate,UK,New York,P1005,Headphones,9,2612.43
5305,ORD1687,07-09-2024,16-09-2024,Same Day,CUST3350,John Wilson,Consumer,Germany,Berlin,P1001,Laptop,9,2664.06
5306,ORD2241,15-08-2024,25-08-2024,First Class,CUST2146,Daniel Smith,Corporate,India,Delhi,P1005,Headphones,7,2919.93
5307,ORD1071,07-08-2024,13-08-2024,Standard Class,CUST2414,Sneha Brown,Consumer,Germany,Mumbai,P1005,Headphones,3,4578.08
5308,ORD2017,21-04-2024,29-04-2024,Invalid Mode,CUST3183,Olivia Taylor,Consumer,UK,Bangalore,P1004,Monitor,1,855.83
5309,ORD2187,14-08-2023,18-08-2023,Same Day,CUST2904,Priya Smith,Corporate,USA,Berlin,P1004,Monitor,10,726.72
5310,ORD1479,07-07-2024,12-07-2024,Second Class,CUST2838,Rahul Johnson,Consumer,USA,London,,Keyboard,4,4610.14
5311,ORD1286,20-12-2024,26-12-2024,Standard Class,CUST2244,Chris Johnson,Corporate,USA,Berlin,P1005,Headphones,5,927.79
5312,ORD1199,12-05-2023,14-05-2023,First Class,CUST2233,Sneha Wilson,Corporate,Germany,London,P1002,Keyboard,1,771.3
5313,ORD1611,13-02-2025,20-02-2025,Standard Class,CUST1288,Robert Taylor,Consumer,India,Berlin,P1002,Keyboard,2,1271.67
5314,ORD1987,11-05-2024,21-05-2024,Second Class,CUST1060,Rahul Patel,Consumer,UK,Toronto,P1008,SSD,1,2261.94
5315,ORD2010,26-06-2023,27-06-2023,Standard Class,CUST1996,Sneha Brown,Home Office,UK,Mumbai,P1005,Headphones,5,1551.81
5316,ORD1041,16-04-2023,19-04-2023,Same Day,CUST3276,Emily Sharma,Home Office,USA,New York,P1002,Keyboard,4,2029.67
5317,ORD1560,12-12-2023,18-12-2023,Standard Class,CUST1640,Rahul Smith,Corporate,USA,Pune,P1001,Laptop,3,2668.02
5318,ORD1890,03-07-2024,10-07-2024,Same Day,CUST2796,Emily Sharma,Corporate,Canada,Bangalore,P1007,Router,7,1248.29
5319,ORD1308,05-02-2023,15-02-2023,Standard Class,CUST2664,Amit Patel,Consumer,India,Mumbai,P1005,Headphones,9,2387.05
5320,ORD1068,10-03-2023,15-03-2023,Standard Class,CUST3110,Priya Smith,Home Office,USA,Berlin,P1007,Router,4,4455.54
5321,ORD1265,30-09-2023,07-10-2023,Second Class,CUST1365,David Sharma,Corporate,USA,London,P1008,SSD,1,2565.43
5322,ORD2059,21-01-2025,24-01-2025,Second Class,CUST2084,Sneha Davis,Home Office,Canada,Toronto,P1004,Monitor,5,4873.71
5323,ORD2375,03-04-2024,11-04-2024,Second Class,CUST2020,Priya Brown,Corporate,Germany,Delhi,P1004,Monitor,10,870.19
5324,ORD1177,10-09-2023,14-09-2023,First Class,CUST1021,Olivia Sharma,Consumer,Germany,Toronto,P1003,Mouse,10,3246.13
5325,ORD1827,21-01-2023,27-01-2023,Second Class,CUST2834,David Patel,Consumer,UK,Toronto,P1007,Router,10,1824.69
5326,ORD2072,21-06-2023,28-06-2023,Same Day,CUST3387,Jane Davis,Corporate,USA,Pune,P1002,Keyboard,3,3836.03
5327,ORD2147,18-02-2023,21-02-2023,Same Day,CUST1693,Jane Miller,Corporate,UK,Berlin,P1006,Printer,7,285.25
5328,ORD2500,01-11-2023,02-11-2023,Second Class,CUST2090,Jane Wilson,Consumer,Canada,London,,Headphones,7,817.12
5329,ORD1144,10-06-2025,17-06-2025,First Class,CUST2654,David Davis,Consumer,India,Berlin,P1001,Laptop,3,1562.6
5330,ORD1805,01-02-2024,02-02-2024,Invalid Mode,CUST1293,Daniel Davis,Home Office,Canada,Bangalore,P1006,Printer,8,1455.3
5331,ORD1770,24-01-2024,03-02-2024,Same Day,CUST2934,Anjali Gupta,Consumer,UK,Delhi,P1004,Monitor,5,885.93
5332,ORD2044,16-11-2023,18-11-2023,Same Day,CUST2688,Chris Johnson,Consumer,Germany,Delhi,P1003,Mouse,7,-100
5333,ORD1326,14-10-2023,24-10-2023,Same Day,CUST3495,Rahul Miller,Corporate,Germany,Pune,P1008,SSD,10,1592.57
5334,ORD1076,21-02-2024,01-03-2024,Second Class,CUST2876,Emily Sharma,Consumer,India,New York,P1002,Keyboard,1,2817.19
5335,ORD1967,03-05-2025,07-05-2025,First Class,CUST3134,Olivia Sharma,Home Office,UK,Pune,P1003,Mouse,1,1923.21
5336,ORD1327,10-10-2023,18-10-2023,Same Day,CUST2423,Olivia Sharma,Home Office,USA,Toronto,P1002,Keyboard,6,394.34
5337,ORD1373,27-01-2023,02-02-2023,Standard Class,CUST2453,Chris Brown,Home Office,India,Berlin,P1005,Headphones,9,2134.37
5338,ORD1613,20-04-2024,28-04-2024,Standard Class,CUST2721,Rahul Sharma,Consumer,India,Delhi,P1001,Laptop,4,1005.86
5339,ORD1257,18-05-2024,19-05-2024,First Class,CUST1999,Sneha Taylor,Consumer,USA,Berlin,P1007,Router,9,2984.85
5340,ORD1792,07-12-2024,10-12-2024,First Class,CUST2206,Daniel Davis,Corporate,India,Delhi,P1004,Monitor,10,4910.02
5341,ORD1637,04-01-2024,13-01-2024,Second Class,CUST3258,Emily Miller,Corporate,USA,New York,P1007,Router,1,1730.73
5342,ORD1080,28-02-2023,05-03-2023,Standard Class,CUST1089,Anjali Sharma,Home Office,Canada,Toronto,P1006,Printer,1,1898.32
5343,ORD2051,15-02-2023,25-02-2023,Second Class,CUST2069,Sarah Miller,Home Office,Germany,Pune,P1006,Printer,6,4972.58
5344,ORD2282,07-06-2024,11-06-2024,Second Class,CUST2534,Daniel Gupta,Consumer,USA,Pune,P1003,Mouse,2,2087.95
5345,ORD1799,17-02-2024,18-02-2024,Second Class,CUST3149,Olivia Johnson,Corporate,Germany,Toronto,P1003,Mouse,6,4448.52
5346,ORD2345,26-08-2024,28-08-2024,Standard Class,CUST2498,David Taylor,Home Office,USA,Toronto,P1008,SSD,2,3714.85
5347,ORD1141,20-11-2023,24-11-2023,Second Class,CUST2547,Robert Wilson,Corporate,Germany,Bangalore,P1004,Monitor,5,2358.32
5348,ORD1577,23-08-2023,24-08-2023,First Class,CUST1580,Robert Gupta,Home Office,UK,London,P1004,Monitor,7,2199.51
5349,ORD1132,22-04-2023,28-04-2023,Same Day,CUST3303,Sneha Johnson,Corporate,India,Toronto,P1006,Printer,5,3375.22
5350,ORD1757,25-03-2024,03-04-2024,Same Day,CUST2710,John Johnson,Corporate,Germany,Delhi,P1008,SSD,10,1935.26
5351,ORD1196,05-06-2025,10-06-2025,Second Class,CUST1069,Priya Wilson,Home Office,India,Delhi,P1008,SSD,8,3012.89
5352,ORD2496,30-12-2024,02-01-2025,Second Class,CUST1051,Jane Miller,Home Office,Canada,New York,P1008,SSD,7,4207.5
5353,ORD1312,19-04-2023,27-04-2023,First Class,CUST2603,Emily Taylor,Home Office,Germany,New York,P1005,Headphones,4,4025.06
5354,ORD1867,29-07-2024,03-08-2024,Second Class,CUST3283,John Sharma,Home Office,UK,Pune,P1005,Headphones,5,1900.61
5355,ORD2178,29-12-2023,04-01-2024,Second Class,CUST3264,Daniel Johnson,Corporate,Canada,Berlin,P1008,SSD,10,4699.5
5356,ORD1960,20-10-2024,23-10-2024,First Class,CUST2738,Jane Davis,Home Office,India,Delhi,P1002,Keyboard,4,4290.56
5357,ORD1985,12-06-2025,19-06-2025,Standard Class,CUST2615,Anjali Miller,Corporate,Germany,Berlin,P1004,Monitor,4,4861.38
5358,ORD2183,06-04-2024,13-04-2024,Same Day,CUST2501,Rahul Sharma,Corporate,Canada,Pune,P1008,SSD,9,3961.85
5359,ORD1164,21-11-2024,29-11-2024,Second Class,CUST2090,John Miller,Corporate,India,Berlin,P1006,Printer,6,611.67
5360,ORD1994,20-11-2023,27-11-2023,First Class,CUST2144,John Sharma,Consumer,USA,Pune,P1004,Monitor,1,2962.21
5361,ORD1784,12-04-2025,15-04-2025,Same Day,CUST2719,Olivia Gupta,Consumer,Canada,Bangalore,P1007,Router,4,916.75
5362,ORD1364,24-01-2024,28-01-2024,Second Class,CUST1266,Rahul Sharma,Home Office,USA,New York,P1008,SSD,4,2131.05
5363,ORD2024,15-03-2023,18-03-2023,Standard Class,CUST2763,Priya Taylor,Home Office,Germany,Berlin,P1001,Laptop,3,2139.41
5364,ORD1246,15-01-2024,22-01-2024,First Class,CUST2919,Chris Smith,Consumer,USA,Bangalore,P1002,Keyboard,10,3753.69
5365,ORD1523,03-12-2024,09-12-2024,Standard Class,CUST2564,David Sharma,Consumer,Canada,Pune,P1005,Headphones,6,258.76
5366,ORD1883,17-10-2024,24-10-2024,Second Class,CUST3247,Emily Davis,Consumer,India,New York,P1006,Printer,6,1903.74
5367,ORD2423,31-10-2024,09-11-2024,First Class,CUST1746,Michael Brown,Consumer,India,Mumbai,P1007,Router,7,4637.91
5368,ORD1709,08-01-2025,18-01-2025,Same Day,CUST2252,Sneha Johnson,Corporate,UK,Delhi,P1008,SSD,1,460.72
5369,ORD2348,03-01-2023,07-01-2023,Second Class,CUST1005,Anjali Sharma,Home Office,Germany,Berlin,P1005,Headphones,3,385
5370,ORD2023,29-01-2023,03-02-2023,Same Day,CUST3150,Priya Smith,Home Office,Germany,Pune,P1007,Router,8,3072.46
5371,ORD1290,08-05-2023,10-05-2023,Same Day,CUST1445,Michael Davis,Consumer,UK,Toronto,P1007,Router,6,2561.84
5372,ORD1813,05-04-2025,11-04-2025,Standard Class,CUST2664,Sneha Sharma,Corporate,Germany,Pune,P1001,Laptop,4,2138.52
5373,ORD1834,20-12-2024,23-12-2024,Second Class,CUST1157,Amit Sharma,Consumer,India,Delhi,P1003,Mouse,2,1226.18
5374,ORD1042,27-12-2024,02-01-2025,Same Day,CUST1967,Rahul Miller,Corporate,Canada,Bangalore,P1001,Laptop,5,2671.85
5375,ORD1147,12-12-2024,17-12-2024,Standard Class,CUST3287,Michael Wilson,Home Office,Canada,New York,P1007,Router,1,4954.87
5376,ORD1959,03-08-2024,08-08-2024,First Class,CUST2276,David Johnson,Home Office,Canada,London,P1004,Monitor,7,2174.76
5377,ORD1789,02-04-2023,12-04-2023,Second Class,CUST1358,Sarah Brown,Consumer,Germany,Delhi,P1007,Router,10,1898.84
5378,ORD1234,22-11-2024,02-12-2024,Same Day,CUST1336,John Davis,Consumer,India,Toronto,P1008,SSD,6,4263.62
5379,ORD2028,24-12-2024,25-12-2024,Second Class,CUST2550,Sneha Gupta,Home Office,India,London,P1008,SSD,2,3660.53
5380,ORD2269,18-08-2023,27-08-2023,Standard Class,CUST3468,John Wilson,Corporate,Germany,Pune,P1004,Monitor,7,3343.75
5381,ORD1962,07-05-2025,10-05-2025,Second Class,CUST1040,David Brown,Consumer,India,London,P1002,Keyboard,10,354.01
5382,ORD1716,13-06-2023,21-06-2023,Standard Class,CUST1320,Chris Taylor,Corporate,Canada,London,P1004,Monitor,7,2481.84
5383,ORD1380,10-07-2023,15-07-2023,Second Class,CUST3091,Robert Patel,Home Office,India,Bangalore,P1002,Keyboard,9,1595.61
5384,ORD1111,09-04-2023,19-04-2023,Second Class,CUST1653,Michael Wilson,Home Office,USA,New York,P1006,Printer,5,3968.19
5385,ORD1539,29-01-2023,05-02-2023,Standard Class,CUST2415,Rahul Brown,Home Office,USA,Delhi,P1007,Router,1,4384.7
5386,ORD2004,26-04-2025,03-05-2025,Same Day,CUST1269,,Home Office,Germany,Delhi,P1005,Headphones,6,4028.07
5387,ORD1691,06-12-2024,16-12-2024,First Class,CUST1898,Michael Johnson,Consumer,Canada,Delhi,P1002,Keyboard,5,1782.75
5388,ORD1124,09-03-2025,15-03-2025,Second Class,CUST1227,Amit Smith,Home Office,Canada,Pune,P1002,Keyboard,8,4701.79
5389,ORD1004,22-06-2024,30-06-2024,Second Class,CUST2393,Sarah Taylor,Home Office,UK,Berlin,P1002,Keyboard,4,790.3
5390,ORD1543,08-06-2023,09-06-2023,Same Day,CUST1242,Anjali Davis,Corporate,UK,London,P1006,Printer,10,974.65
5391,ORD1979,27-01-2023,04-02-2023,Same Day,CUST3356,Michael Miller,Consumer,UK,Toronto,P1003,Mouse,10,4767.96
5392,ORD2260,04-07-2024,06-07-2024,Same Day,CUST1587,Olivia Johnson,Home Office,USA,Berlin,P1002,Keyboard,1,946.3
5393,ORD1882,11-01-2025,13-01-2025,Same Day,CUST1378,Robert Gupta,Consumer,Canada,Mumbai,P1007,Router,3,767.5
5394,,23-03-2023,24-03-2023,Same Day,CUST1663,Jane Smith,Home Office,USA,Mumbai,P1003,Mouse,9,1072.18
5395,ORD1382,20-01-2023,30-01-2023,First Class,CUST1927,Sneha Johnson,Home Office,USA,New York,P1002,Keyboard,2,3921.15
5396,ORD1507,03-04-2023,05-04-2023,Second Class,CUST1219,Priya Davis,Consumer,USA,Berlin,P1003,Mouse,3,2860.81
5397,ORD2063,28-04-2024,01-05-2024,Same Day,CUST1298,Sarah Smith,Corporate,USA,Bangalore,P1008,SSD,9,2371.71
5398,ORD1817,31-05-2024,01-06-2024,Standard Class,CUST2983,Daniel Gupta,Home Office,Canada,New York,P1001,Laptop,3,3604.21
5399,ORD1935,24-01-2025,25-01-2025,First Class,CUST1611,Emily Davis,Home Office,Germany,Pune,P1008,SSD,4,4581.04
5400,ORD1660,22-05-2025,27-05-2025,Second Class,CUST1501,Daniel Gupta,Home Office,UK,New York,P1002,Keyboard,9,3379.49
5401,ORD1686,08-04-2025,10-04-2025,First Class,CUST2151,Michael Davis,Consumer,UK,New York,P1006,Printer,1,917.27
5402,ORD2469,23-07-2024,01-08-2024,First Class,CUST1260,John Taylor,Home Office,Germany,Delhi,P1006,Printer,2,2246.44
5403,ORD1002,19-06-2024,27-06-2024,First Class,CUST1996,Jane Patel,Home Office,Germany,Toronto,P1005,Headphones,5,3387.4
5404,ORD1812,15-12-2024,16-12-2024,Second Class,CUST2387,David Gupta,Corporate,Canada,London,P1008,SSD,4,4732.55
5405,ORD2120,02-05-2023,10-05-2023,Second Class,CUST2509,Sarah Brown,Corporate,Canada,Pune,P1007,Router,2,107.21
5406,ORD2359,02-05-2023,09-05-2023,Standard Class,CUST3488,Amit Miller,Corporate,UK,New York,P1003,Mouse,7,2924.18
5407,ORD1412,03-04-2023,10-04-2023,First Class,CUST1300,Robert Wilson,Home Office,India,Mumbai,P1002,Keyboard,8,283.44
5408,ORD1554,12-10-2023,18-10-2023,Same Day,CUST2182,Daniel Miller,Consumer,USA,Mumbai,P1002,Keyboard,7,3488.83
5409,ORD1871,08-03-2023,18-03-2023,Standard Class,CUST2961,Sneha Wilson,Home Office,UK,Delhi,P1001,Laptop,6,848.99
5410,ORD1837,13-05-2025,21-05-2025,Second Class,CUST1255,Robert Wilson,Corporate,USA,Mumbai,P1002,Keyboard,9,2422.52
5411,ORD1394,15-12-2023,24-12-2023,Second Class,CUST2119,Sarah Patel,Home Office,Germany,London,P1004,Monitor,2,1216.82
5412,ORD1463,12-03-2023,19-03-2023,First Class,CUST1804,Michael Davis,Consumer,UK,Toronto,P1006,Printer,10,1135.97
5413,ORD1729,07-05-2023,14-05-2023,Second Class,CUST3034,Chris Gupta,Corporate,USA,Mumbai,P1008,SSD,5,1188.43
5414,ORD2152,24-05-2024,26-05-2024,Second Class,CUST2906,Daniel Johnson,Home Office,Canada,Toronto,P1005,Headphones,6,2110.47
5415,ORD1727,04-01-2024,08-01-2024,First Class,CUST1075,Daniel Davis,Corporate,Canada,Toronto,P1003,Mouse,10,2037.13
5416,ORD1759,11-12-2024,16-12-2024,Standard Class,CUST2711,Robert Taylor,Home Office,Germany,New York,P1005,Headphones,3,1733.33
5417,ORD1330,11-06-2024,15-06-2024,Second Class,CUST1022,Daniel Taylor,Consumer,India,Pune,P1007,Router,9,2472.29
5418,ORD1232,28-10-2024,01-11-2024,Invalid Mode,CUST1673,John Smith,Corporate,Canada,London,P1004,Monitor,8,4436.58
5419,ORD1336,12-11-2024,16-11-2024,Standard Class,CUST2671,Anjali Smith,Consumer,Germany,Toronto,P1007,Router,2,2928.79
5420,ORD1499,31-12-2099,04-05-2025,Standard Class,CUST2692,Rahul Patel,Home Office,India,London,P1005,Headphones,2,2584.72
5421,ORD1635,17-02-2023,22-02-2023,Same Day,CUST1988,Emily Smith,Consumer,India,New York,P1008,SSD,10,2326.9
5422,ORD1600,07-03-2023,14-03-2023,Second Class,CUST1675,Amit Patel,Corporate,Canada,Bangalore,P1004,Monitor,4,2140.78
5423,ORD2359,06-01-2023,09-01-2023,First Class,CUST1601,Daniel Johnson,Corporate,Germany,Delhi,P1004,Monitor,2,633.1
5424,ORD2143,28-06-2023,07-07-2023,Second Class,CUST1112,Daniel Patel,Consumer,India,Delhi,P1002,Keyboard,8,475.1
5425,ORD1036,27-12-2023,05-01-2024,First Class,CUST2883,Daniel Miller,Corporate,India,London,P1002,Keyboard,7,745.92
5426,ORD1444,06-02-2023,16-02-2023,Same Day,CUST3362,Anjali Gupta,Corporate,Germany,London,P1005,Headphones,5,1027.51
5427,ORD2317,30-01-2024,04-02-2024,Second Class,CUST3500,Emily Wilson,Corporate,USA,Berlin,P1006,Printer,4,1279.06
5428,ORD1020,12-02-2023,16-02-2023,First Class,CUST2869,Jane Sharma,Home Office,Canada,Delhi,P1001,Laptop,4,1457.9
5429,ORD2335,30-06-2023,06-07-2023,Standard Class,CUST1495,Olivia Brown,Home Office,Germany,Pune,P1004,Monitor,10,1476.22
5430,ORD1007,22-04-2023,24-04-2023,First Class,CUST1549,John Gupta,Home Office,Germany,Pune,P1003,Mouse,9,2500.46
5431,ORD2344,27-10-2023,29-10-2023,Same Day,CUST2425,Robert Sharma,Home Office,UnknownCountry,Berlin,P1005,Headphones,1,2493.28
5432,ORD2293,24-09-2023,28-09-2023,Second Class,CUST2867,Anjali Patel,Consumer,UK,Bangalore,P1008,SSD,6,4804.71
5433,ORD1657,26-12-2023,31-12-2023,Second Class,CUST1516,Michael Taylor,Home Office,UK,Berlin,P1007,Router,7,1965.68
5434,ORD1115,17-09-2024,25-09-2024,Standard Class,CUST3357,Olivia Johnson,Home Office,USA,Toronto,P1005,Headphones,2,3052.06
5435,ORD1764,22-07-2024,24-07-2024,Standard Class,CUST2218,Jane Taylor,Corporate,Germany,New York,P1006,Printer,1,335.6
5436,ORD2043,11-09-2024,18-09-2024,Same Day,CUST1031,Amit Wilson,Corporate,Germany,London,P1006,Printer,5,3368.12
5437,ORD2223,29-05-2025,04-06-2025,Same Day,CUST2893,Emily Patel,Corporate,India,Delhi,P1007,Router,4,1494.07
5438,ORD1092,25-03-2023,31-03-2023,Second Class,CUST1107,Olivia Wilson,Consumer,India,London,P1003,Mouse,1,2439.49
5439,ORD1337,30-08-2024,04-09-2024,Standard Class,CUST1402,Michael Johnson,Corporate,USA,Delhi,P1003,Mouse,1,2980.89
5440,ORD1455,19-09-2023,22-09-2023,Standard Class,CUST3120,Olivia Brown,Corporate,India,London,P1003,Mouse,8,-100
5441,ORD2048,01-05-2024,05-05-2024,Standard Class,CUST1980,Priya Brown,Consumer,India,Berlin,P1005,Headphones,4,1611.14
5442,ORD1203,14-10-2024,18-10-2024,Standard Class,CUST3052,Priya Gupta,Corporate,Germany,Berlin,P1007,Router,9,4553.99
5443,ORD2213,04-01-2024,08-01-2024,Second Class,CUST2314,Amit Patel,Consumer,UK,London,P1006,Printer,10,2874.18
5444,ORD1245,19-11-2023,24-11-2023,First Class,CUST2016,Robert Smith,Corporate,USA,Berlin,P1002,Keyboard,3,4455
5445,ORD1481,03-01-2023,12-01-2023,Same Day,CUST1133,Robert Wilson,Home Office,India,New York,P1005,Headphones,5,3703.69
5446,ORD1742,03-02-2025,04-02-2025,Second Class,CUST2016,Chris Gupta,Corporate,Canada,Mumbai,P1007,Router,2,1665.68
5447,ORD1728,18-01-2023,27-01-2023,Same Day,CUST1827,Rahul Patel,Home Office,UK,London,P1001,Laptop,5,1768.68
5448,ORD2285,25-11-2023,28-11-2023,First Class,CUST1978,Priya Smith,Corporate,Canada,Toronto,P1007,Router,9,4438.61
5449,ORD2245,20-07-2024,26-07-2024,Second Class,CUST2281,John Patel,Consumer,Germany,Bangalore,P1007,Router,5,1574.47
5450,ORD1061,06-07-2023,14-07-2023,First Class,CUST2072,Sneha Gupta,Home Office,India,Pune,P1006,Printer,5,928.18
5451,ORD2207,14-12-2023,15-12-2023,Second Class,CUST2752,Rahul Davis,Corporate,Germany,Bangalore,P1004,Monitor,5,225.74
5452,,07-05-2023,08-05-2023,First Class,CUST2220,Chris Miller,Home Office,India,New York,P1005,Headphones,7,180.22
5453,ORD1736,12-07-2023,17-07-2023,Standard Class,CUST2732,Robert Sharma,Consumer,UK,Pune,P1004,Monitor,7,1910.97
5454,ORD1110,18-01-2024,24-01-2024,Same Day,CUST1778,Daniel Miller,Consumer,UK,London,P1008,SSD,6,3206.28
5455,ORD1393,02-03-2024,05-03-2024,Second Class,CUST1330,Rahul Davis,Consumer,USA,Pune,P1004,Monitor,1,2798.81
5456,ORD1240,29-11-2024,30-11-2024,Same Day,CUST2930,Sarah Taylor,Consumer,India,Berlin,P1004,Monitor,8,3923.38
5457,ORD2144,07-09-2024,16-09-2024,Same Day,CUST3260,Chris Gupta,Consumer,Canada,Toronto,P1002,Keyboard,7,2571.23
5458,ORD2038,02-11-2023,06-11-2023,Standard Class,CUST2775,Emily Smith,Home Office,Germany,Bangalore,P1004,Monitor,4,4499.17
5459,ORD1135,10-11-2024,13-11-2024,Second Class,CUST2201,Rahul Smith,Consumer,UK,Mumbai,P1008,SSD,6,1559.18
5460,ORD2220,24-08-2023,29-08-2023,First Class,CUST2959,Sneha Davis,Home Office,UK,Bangalore,P1007,Router,10,1616.97
5461,ORD1439,27-05-2025,04-06-2025,First Class,CUST3118,John Johnson,Corporate,USA,London,P1003,Mouse,9,1442.54
5462,ORD1846,06-06-2023,07-06-2023,Second Class,CUST1747,Daniel Davis,Consumer,USA,Mumbai,P1001,Laptop,2,4568.58
5463,ORD2245,19-05-2023,26-05-2023,Standard Class,CUST1452,Priya Davis,Home Office,UK,London,P1007,Router,6,1849.18
5464,ORD1101,20-12-2023,22-12-2023,Same Day,CUST2543,Olivia Johnson,Corporate,UnknownCountry,Toronto,P1002,Keyboard,7,735.82
5465,ORD1626,21-08-2023,28-08-2023,Same Day,CUST1012,Daniel Wilson,Home Office,India,Pune,P1008,SSD,1,2531.3
5466,ORD1109,08-10-2024,11-10-2024,First Class,CUST1422,Sarah Patel,Home Office,Germany,Berlin,P1007,Router,5,4231.66
5467,ORD2077,29-08-2024,04-09-2024,First Class,CUST1572,Emily Brown,Corporate,UK,Bangalore,P1007,Router,2,2243.59
5468,ORD2196,13-03-2023,14-03-2023,Second Class,CUST2809,Michael Patel,Corporate,UK,Toronto,P1006,Printer,4,4476.74
5469,ORD2017,22-07-2023,27-07-2023,First Class,CUST3239,Amit Miller,Consumer,Germany,Mumbai,P1004,Monitor,1,3811.83
5470,ORD1063,26-01-2023,29-01-2023,Second Class,CUST1090,Olivia Johnson,Consumer,Canada,Berlin,P1005,Headphones,7,3970.02
5471,ORD1796,12-02-2024,15-02-2024,First Class,CUST2928,Amit Gupta,Corporate,UK,Pune,P1006,Printer,2,-100
5472,ORD2030,15-11-2023,24-11-2023,Second Class,CUST1382,Priya Brown,Corporate,UK,Delhi,P1005,Headphones,2,4908.63
5473,ORD2273,20-09-2023,21-09-2023,Same Day,CUST3281,Anjali Miller,Home Office,India,Bangalore,P1005,Headphones,7,2425.4
5474,ORD1894,13-03-2023,20-03-2023,Standard Class,CUST1625,Robert Davis,Home Office,Germany,Delhi,P1005,Headphones,8,4405.12
5475,ORD1631,30-03-2023,04-04-2023,First Class,CUST1013,Rahul Gupta,Consumer,USA,Bangalore,P1006,Printer,1,3036.98
5476,ORD2067,03-05-2024,04-05-2024,Second Class,CUST2122,Daniel Brown,Home Office,Germany,London,P1004,Monitor,3,2506.27
5477,ORD1598,21-09-2024,29-09-2024,First Class,CUST2253,Olivia Wilson,Corporate,USA,New York,P1004,Monitor,7,1341.4
5478,ORD1527,05-08-2024,12-08-2024,Standard Class,CUST2021,Jane Johnson,Consumer,India,London,P1006,Printer,3,4195.4
5479,ORD2473,17-03-2023,26-03-2023,First Class,CUST3395,Emily Taylor,Home Office,India,Delhi,P1002,Keyboard,4,2156.94
5480,ORD2491,28-07-2024,06-08-2024,Same Day,CUST1135,Amit Taylor,Consumer,USA,Delhi,P1007,Router,4,4696.78
5481,ORD1207,15-03-2023,19-03-2023,Second Class,CUST1707,Emily Wilson,Home Office,UK,London,P1006,Printer,8,145.39
5482,ORD1163,25-04-2024,02-05-2024,Standard Class,CUST1354,Chris Davis,Consumer,UK,Berlin,P1002,Keyboard,1,4255.1
5483,ORD1385,28-02-2023,09-03-2023,First Class,CUST1322,David Brown,Consumer,Canada,London,P1002,Keyboard,8,4752.47
5484,ORD2451,18-12-2023,23-12-2023,Standard Class,CUST2808,Chris Davis,Home Office,USA,Mumbai,P1006,Printer,2,2062.06
5485,ORD2429,26-09-2023,05-10-2023,Same Day,CUST2510,Priya Taylor,Consumer,UK,Pune,P1008,SSD,7,1985.4
5486,ORD1723,10-12-2023,12-12-2023,Second Class,CUST3284,Robert Wilson,Consumer,India,Bangalore,P1008,SSD,7,312.27
5487,ORD1232,06-05-2024,08-05-2024,Same Day,CUST1655,Olivia Brown,Home Office,USA,New York,P1005,Headphones,6,1042.17
5488,ORD1202,31-07-2024,07-08-2024,Standard Class,CUST2574,David Wilson,Consumer,Germany,Mumbai,P1006,Printer,6,1377.02
5489,ORD1021,29-01-2023,07-02-2023,Second Class,CUST3120,Anjali Smith,Home Office,Germany,New York,P1006,Printer,3,144.09
5490,ORD1954,18-02-2025,28-02-2025,Standard Class,CUST3421,John Miller,Corporate,Germany,Toronto,P1007,Router,6,3705.33
5491,ORD2424,23-03-2023,27-03-2023,Standard Class,CUST3277,Olivia Gupta,Consumer,Germany,Berlin,P1002,Keyboard,9,3718.44
5492,ORD1682,03-04-2024,08-04-2024,Same Day,CUST2990,Jane Sharma,Corporate,Canada,Berlin,P1002,Keyboard,1,3393.79
5493,ORD2077,16-03-2024,23-03-2024,First Class,CUST1484,Anjali Sharma,Home Office,USA,Mumbai,P1008,SSD,4,4828.38
5494,ORD1752,30-05-2023,08-06-2023,Same Day,CUST2224,Chris Smith,Consumer,UK,New York,P1006,Printer,2,3349.07
5495,ORD1037,13-02-2024,22-02-2024,Standard Class,CUST1432,Amit Taylor,Home Office,India,Pune,P1006,Printer,7,3408.12
5496,ORD2003,14-05-2025,23-05-2025,Second Class,CUST2113,Amit Smith,Home Office,UK,Pune,P1008,SSD,5,3093.32
5497,ORD1826,04-06-2025,11-06-2025,First Class,CUST2876,Sneha Johnson,Home Office,Canada,London,P1008,SSD,5,170.22
5498,ORD1393,07-04-2023,11-04-2023,Second Class,CUST2576,Amit Davis,Home Office,Canada,London,P1005,Headphones,8,520.69
5499,ORD1450,12-04-2025,22-04-2025,Same Day,CUST1089,John Johnson,Corporate,Germany,New York,P1006,Printer,6,375.33
5500,ORD1298,22-06-2023,27-06-2023,Second Class,CUST1905,Amit Gupta,Home Office,Germany,Bangalore,P1001,Laptop,1,1054.87
5501,ORD1236,31-12-2099,07-11-2023,Standard Class,CUST2126,John Miller,Corporate,USA,Toronto,P1007,Router,3,4526.43
5502,ORD1328,04-06-2023,10-06-2023,Second Class,CUST2811,Robert Brown,Consumer,India,London,P1006,Printer,4,947.19
5503,ORD1911,13-05-2023,21-05-2023,Standard Class,CUST2771,Robert Gupta,Corporate,UK,Mumbai,P1003,Mouse,6,4693.64
5504,ORD2019,08-08-2023,09-08-2023,Same Day,CUST2325,Sneha Davis,Corporate,UnknownCountry,London,P1004,Monitor,1,4743.5
5505,ORD2440,12-06-2024,16-06-2024,Same Day,CUST3296,Daniel Brown,Home Office,UK,Pune,P1001,Laptop,8,4619.59
5506,ORD1105,12-10-2023,22-10-2023,Same Day,CUST1610,Rahul Wilson,Consumer,Canada,Pune,P1007,Router,10,4687.96
5507,ORD1878,10-06-2025,14-06-2025,Standard Class,CUST1146,David Gupta,Consumer,India,Delhi,P1008,SSD,9,4689.27
5508,ORD2140,28-12-2024,31-12-2024,Same Day,CUST3304,,Consumer,Germany,Berlin,P1004,Monitor,8,243.15
5509,ORD1141,20-11-2023,23-11-2023,Second Class,CUST2095,David Davis,Consumer,India,Delhi,P1005,Headphones,10,2888.91
5510,ORD1292,07-04-2023,08-04-2023,Same Day,CUST2932,Sneha Wilson,Consumer,India,Delhi,P1004,Monitor,6,4123.64
15,ORD2365,21-01-2025,26-01-2025,Same Day,CUST1098,Chris Miller,Home Office,USA,Pune,P1003,Mouse,9,4277.33
5512,ORD2116,04-03-2023,08-03-2023,Second Class,CUST1120,Olivia Gupta,Consumer,UnknownCountry,Bangalore,P1005,Headphones,1,4665.55
5513,ORD1629,20-12-2023,21-12-2023,Same Day,CUST2466,Sneha Miller,Home Office,Canada,London,P1003,Mouse,9,529.24
5514,ORD2010,14-10-2023,23-10-2023,Same Day,CUST2799,David Taylor,Consumer,USA,Bangalore,P1005,Headphones,3,3964.95
5515,ORD1816,18-09-2023,21-09-2023,Standard Class,CUST2240,Robert Wilson,Corporate,India,Berlin,P1006,Printer,5,736.53
5516,ORD1741,14-04-2025,23-04-2025,Standard Class,CUST2668,Robert Johnson,Consumer,UK,London,P1005,Headphones,1,462.89
5517,ORD1886,15-11-2024,16-11-2024,Second Class,CUST2107,Anjali Johnson,Home Office,India,Pune,P1002,Keyboard,7,311.26
5518,ORD1813,02-07-2023,04-07-2023,Same Day,CUST3500,Sneha Brown,Corporate,USA,Pune,P1001,Laptop,7,2826.97
5519,ORD1960,04-07-2023,05-07-2023,Standard Class,CUST2555,Sarah Johnson,Corporate,India,Mumbai,P1003,Mouse,10,697.4
5520,ORD1526,08-08-2023,11-08-2023,First Class,CUST1017,Sneha Patel,Corporate,Germany,Toronto,P1006,Printer,5,782.95
5521,ORD2173,07-04-2025,14-04-2025,Same Day,CUST1708,Chris Wilson,Corporate,USA,Berlin,P1002,Keyboard,4,388.03
5522,ORD2137,06-08-2024,14-08-2024,Same Day,CUST1194,David Wilson,Corporate,USA,Mumbai,P1001,Laptop,4,2242.42
5523,ORD1589,19-01-2025,25-01-2025,Standard Class,CUST3362,Rahul Johnson,Home Office,Canada,Berlin,P1008,SSD,4,1443.78
5524,ORD1303,23-05-2025,25-05-2025,Second Class,CUST1374,Jane Wilson,Consumer,Canada,Pune,P1005,Headphones,4,4829.87
5525,ORD2358,25-01-2024,30-01-2024,Standard Class,CUST3025,John Davis,Home Office,USA,New York,P1003,Mouse,3,2338.36
5526,ORD1450,14-01-2025,19-01-2025,First Class,CUST3004,John Sharma,Home Office,UK,Delhi,P1003,Mouse,3,4163.58
5527,ORD1644,12-12-2024,20-12-2024,Same Day,CUST2191,John Smith,Corporate,Germany,London,P1002,Keyboard,3,1354.85
5528,ORD1544,16-08-2023,21-08-2023,Same Day,CUST2260,Robert Sharma,Consumer,Germany,Berlin,P1006,Printer,2,4078.49
5529,ORD1086,10-05-2025,12-05-2025,Standard Class,CUST2579,Sarah Davis,Corporate,Canada,London,P1003,Mouse,10,3081.55
5530,ORD1977,26-09-2024,01-10-2024,First Class,CUST2657,Priya Patel,Corporate,UK,Toronto,P1008,SSD,7,2505.37
5531,ORD1812,27-03-2024,01-04-2024,Second Class,CUST2239,Anjali Taylor,Consumer,Canada,New York,P1002,Keyboard,1,1101.9
5532,ORD1617,08-03-2025,11-03-2025,Standard Class,CUST2733,Anjali Wilson,Home Office,UK,Bangalore,P1003,Mouse,3,4367.61
5533,ORD1581,08-01-2025,13-01-2025,Standard Class,CUST2254,Robert Johnson,Consumer,India,New York,P1003,Mouse,10,2592.78
5534,ORD1645,27-09-2024,28-09-2024,First Class,CUST3057,Jane Miller,Home Office,USA,Toronto,P1001,Laptop,6,423.96
5535,ORD1599,14-02-2024,24-02-2024,First Class,CUST3438,Sneha Johnson,Home Office,USA,Berlin,P1001,Laptop,7,1799.46
5536,ORD2268,13-04-2024,23-04-2024,Standard Class,CUST2314,Priya Taylor,Consumer,UK,Pune,P1001,Laptop,1,2737.47
5537,ORD2019,02-01-2024,03-01-2024,Standard Class,CUST1866,Emily Wilson,Corporate,India,Bangalore,P1006,Printer,7,4886.72
5538,ORD1076,09-05-2023,19-05-2023,Invalid Mode,CUST1611,Anjali Smith,Home Office,Germany,London,P1005,Headphones,10,1640.51
5539,ORD1391,21-03-2025,23-03-2025,Standard Class,CUST2474,Emily Miller,Corporate,Germany,London,P1003,Mouse,10,3887.97
5540,ORD1548,13-03-2023,23-03-2023,Standard Class,CUST2775,Robert Patel,Corporate,USA,Toronto,P1008,SSD,1,634.5
5541,ORD1176,22-04-2023,30-04-2023,Second Class,CUST1531,Amit Smith,Home Office,USA,Delhi,P1001,Laptop,6,1045.41
5542,ORD1409,11-02-2024,13-02-2024,First Class,CUST1496,Priya Miller,Consumer,India,Toronto,P1005,Headphones,6,412.63
5543,ORD2117,04-05-2023,06-05-2023,First Class,CUST2672,Amit Gupta,Consumer,Canada,Pune,P1002,Keyboard,2,2493.44
5544,ORD1979,15-01-2023,18-01-2023,First Class,CUST1855,Amit Wilson,Corporate,India,Bangalore,P1002,Keyboard,6,1662.53
5545,ORD2196,05-09-2024,12-09-2024,Second Class,CUST1360,Sarah Johnson,Consumer,India,Bangalore,P1008,SSD,2,4852.77
5546,ORD1378,14-11-2023,18-11-2023,Same Day,CUST2554,Anjali Sharma,Consumer,Germany,Pune,P1005,Headphones,4,4614.29
5547,ORD1772,02-07-2023,04-07-2023,Second Class,CUST3426,David Wilson,Consumer,Canada,Mumbai,P1006,Printer,2,4205.92
5548,ORD1596,05-03-2024,07-03-2024,Standard Class,CUST2405,Anjali Taylor,Corporate,Germany,New York,,Mouse,5,4673.32
5549,ORD1762,14-08-2023,24-08-2023,Same Day,CUST1252,John Gupta,Corporate,Germany,Pune,P1004,Monitor,4,4259.08
5550,ORD1386,14-01-2024,18-01-2024,Second Class,CUST2755,Olivia Miller,Corporate,India,Berlin,P1004,Monitor,6,599.73
5551,ORD1060,20-11-2024,21-11-2024,First Class,CUST2583,Emily Taylor,Consumer,UK,London,P1008,SSD,5,2577.77
5552,ORD1488,02-06-2024,09-06-2024,Standard Class,CUST1577,Sarah Patel,Home Office,Canada,Mumbai,P1007,Router,6,72.43
5553,ORD1421,12-02-2023,22-02-2023,Same Day,CUST1521,Rahul Wilson,Home Office,Germany,London,P1001,Laptop,7,4892.5
5554,ORD1508,01-02-2024,08-02-2024,Same Day,CUST1793,Jane Davis,Home Office,Canada,Delhi,P1007,Router,9,2012.81
5555,ORD1418,11-07-2024,21-07-2024,First Class,CUST2260,Priya Smith,Consumer,India,Delhi,P1008,SSD,2,1472.35
5556,ORD2455,03-01-2024,13-01-2024,Second Class,CUST3334,David Brown,Corporate,USA,Delhi,P1004,Monitor,9,4440.09
5557,ORD1246,25-02-2025,03-03-2025,First Class,CUST2564,John Wilson,Consumer,USA,Berlin,P1007,Router,5,1559.89
5558,ORD1951,20-01-2023,27-01-2023,Standard Class,CUST1842,Sarah Patel,Corporate,Germany,Delhi,P1005,Headphones,10,4240.93
5559,ORD1317,02-10-2023,07-10-2023,Second Class,CUST2331,Chris Smith,Corporate,Germany,New York,P1003,Mouse,4,3800.67
5560,ORD1507,27-08-2024,31-08-2024,Standard Class,CUST2605,Anjali Brown,Corporate,USA,Delhi,P1007,Router,4,3119.92
5561,ORD2227,21-05-2023,31-05-2023,Same Day,CUST3057,Sneha Gupta,Corporate,UK,New York,P1005,Headphones,6,2127.16
5562,ORD2392,27-12-2024,28-12-2024,Standard Class,CUST3222,Robert Taylor,Corporate,UK,Delhi,P1004,Monitor,8,3007.31
5563,ORD2222,17-06-2025,22-06-2025,Second Class,CUST3482,Sneha Sharma,Corporate,UK,New York,P1002,Keyboard,9,4179.34
5564,ORD1266,16-04-2024,24-04-2024,First Class,CUST3475,Jane Johnson,Home Office,Germany,New York,P1002,Keyboard,2,4151.34
5565,ORD1465,13-02-2024,18-02-2024,Same Day,CUST2928,,Consumer,India,New York,P1005,Headphones,5,264.68
5566,ORD1238,27-03-2025,01-04-2025,Standard Class,CUST3279,Michael Davis,Consumer,Germany,Toronto,P1008,SSD,2,2385.31
5567,ORD1293,28-12-2023,06-01-2024,Invalid Mode,CUST2074,Olivia Brown,Corporate,India,Mumbai,P1003,Mouse,5,1837.38
5568,ORD2253,04-04-2023,07-04-2023,Standard Class,CUST1660,Jane Gupta,Corporate,UK,Berlin,P1006,Printer,6,4791.58
5569,ORD2486,31-01-2025,04-02-2025,First Class,CUST1508,Daniel Taylor,Consumer,Canada,Mumbai,P1007,Router,5,2320.64
5570,ORD2452,17-06-2023,21-06-2023,Standard Class,CUST1667,Emily Smith,Corporate,Germany,Delhi,P1008,SSD,2,3676.98
5571,ORD1281,08-01-2023,12-01-2023,Standard Class,CUST1984,Chris Miller,Home Office,Canada,London,P1006,Printer,2,3131.11
5572,ORD2396,18-03-2024,21-03-2024,First Class,CUST1613,David Smith,Corporate,UK,Berlin,P1005,Headphones,3,1203.18
5573,ORD1743,01-09-2024,03-09-2024,First Class,CUST1641,Daniel Brown,Home Office,USA,Berlin,P1006,Printer,8,3944.21
5574,ORD1372,09-01-2024,19-01-2024,First Class,CUST3295,Chris Patel,Corporate,UK,Delhi,P1005,Headphones,3,4215.47
5575,ORD1658,29-10-2023,07-11-2023,Second Class,CUST3366,Jane Brown,Home Office,Germany,Toronto,P1008,SSD,8,1229.66
5576,ORD2335,10-01-2024,14-01-2024,Standard Class,CUST2754,Anjali Davis,Consumer,USA,Mumbai,P1008,SSD,1,3150.75
5577,ORD1902,29-03-2023,08-04-2023,First Class,CUST2953,Chris Sharma,Consumer,USA,London,P1006,Printer,2,1995.27
5578,ORD1847,10-05-2023,12-05-2023,Same Day,CUST2936,David Taylor,Home Office,Canada,Bangalore,P1006,Printer,8,1449.19
5579,ORD2006,22-02-2023,26-02-2023,Second Class,CUST2695,Robert Davis,Home Office,Canada,Mumbai,P1001,Laptop,3,1960.6
5580,ORD2047,10-04-2024,12-04-2024,First Class,CUST3058,David Smith,Corporate,USA,Pune,P1008,SSD,9,3152.69
5581,ORD1832,06-12-2023,15-12-2023,Second Class,CUST1763,Amit Taylor,Home Office,Canada,Toronto,P1006,Printer,2,2258.28
5582,ORD1946,07-10-2023,14-10-2023,Standard Class,CUST2007,Olivia Wilson,Consumer,India,London,P1001,Laptop,9,4714.4
5583,ORD2140,26-06-2023,05-07-2023,Standard Class,CUST1965,Emily Johnson,Corporate,India,New York,P1008,SSD,10,2252.26
5584,ORD1693,16-01-2023,17-01-2023,Standard Class,CUST2749,David Wilson,Consumer,Canada,Pune,P1008,SSD,3,3418.74
5585,ORD1468,30-03-2025,04-04-2025,Standard Class,CUST1397,Emily Patel,Home Office,UK,Delhi,P1007,Router,5,3165.87
5586,ORD1281,25-03-2024,03-04-2024,Standard Class,CUST1465,Emily Taylor,Consumer,India,Bangalore,P1003,Mouse,1,4474.29
5587,ORD2335,22-08-2023,01-09-2023,Second Class,CUST1455,Jane Sharma,Home Office,Germany,London,P1006,Printer,2,1794.21
5588,ORD1260,31-05-2023,04-06-2023,First Class,CUST1224,,Home Office,Canada,Mumbai,P1005,Headphones,8,3934.38
5589,ORD1444,14-05-2024,21-05-2024,Same Day,CUST1049,Sneha Taylor,Consumer,Canada,Mumbai,P1007,Router,7,312.35
5590,ORD1703,04-01-2025,05-01-2025,First Class,CUST1114,Emily Johnson,Consumer,Germany,Bangalore,P1007,Router,3,2780.77
5591,ORD1564,23-01-2023,25-01-2023,First Class,CUST1166,Priya Miller,Consumer,UK,Bangalore,P1005,Headphones,9,4963.59
5592,ORD1392,25-11-2023,29-11-2023,Same Day,CUST1778,Anjali Brown,Corporate,Canada,Pune,P1002,Keyboard,6,4516.09
5593,ORD1733,10-06-2023,13-06-2023,Standard Class,CUST1273,Sarah Wilson,Consumer,UK,Pune,P1005,Headphones,3,2103.3
5594,ORD2124,02-08-2024,05-08-2024,First Class,CUST3209,Anjali Davis,Corporate,USA,Berlin,P1007,Router,4,2707.12
5595,ORD2487,31-12-2099,06-11-2024,First Class,CUST2670,John Sharma,Home Office,UK,London,P1007,Router,7,2578.1
5596,ORD1560,25-03-2024,26-03-2024,Invalid Mode,CUST2535,Priya Miller,Home Office,Germany,Toronto,P1004,Monitor,6,2847.72
5597,ORD1369,09-10-2024,13-10-2024,First Class,CUST3489,David Miller,Consumer,India,Berlin,P1005,Headphones,9,1579.24
5598,ORD1930,28-05-2025,06-06-2025,First Class,CUST3441,Sneha Smith,Home Office,USA,Bangalore,P1005,Headphones,1,2427.55
5599,ORD1971,28-04-2023,03-05-2023,First Class,CUST1129,Sneha Brown,Home Office,Canada,Mumbai,P1007,Router,2,4992.75
5600,ORD2039,13-09-2023,21-09-2023,Standard Class,CUST1129,Amit Johnson,Home Office,Germany,Pune,P1007,Router,4,2390.24
5601,ORD1112,26-04-2023,28-04-2023,First Class,CUST2880,John Taylor,Home Office,UK,New York,P1001,Laptop,5,1313.57
5602,ORD1471,04-03-2025,07-03-2025,Same Day,CUST2924,Michael Johnson,Home Office,India,London,P1006,Printer,2,4792.92
5603,ORD1177,08-01-2023,18-01-2023,First Class,CUST1540,Robert Patel,Home Office,USA,Pune,P1005,Headphones,7,1740.09
5604,ORD1181,04-11-2023,11-11-2023,Standard Class,CUST1000,John Taylor,Home Office,Germany,Berlin,P1003,Mouse,7,1526.96
5605,ORD1218,12-11-2023,16-11-2023,Same Day,CUST1678,,Home Office,UK,London,P1008,SSD,7,3955.74
5606,ORD2484,02-12-2024,06-12-2024,First Class,CUST3308,Sarah Patel,Corporate,Germany,Pune,P1002,Keyboard,1,3619.45
5607,ORD2008,25-07-2023,28-07-2023,Same Day,CUST1295,Rahul Miller,Home Office,India,Bangalore,P1008,SSD,8,4789.27
5608,ORD1924,10-09-2023,12-09-2023,Standard Class,CUST1696,Daniel Patel,Home Office,USA,Berlin,P1002,Keyboard,6,4297.31
5609,ORD2188,13-08-2023,17-08-2023,First Class,CUST1468,Anjali Patel,Home Office,India,New York,P1006,Printer,10,1406.71
5610,ORD2360,21-01-2023,29-01-2023,Same Day,CUST2937,Michael Davis,Home Office,Canada,Pune,P1005,Headphones,2,2647.69
5611,ORD2033,28-05-2023,30-05-2023,Same Day,CUST2547,Daniel Smith,Corporate,Germany,London,,Laptop,6,2700.23
5612,ORD2297,04-12-2024,12-12-2024,First Class,CUST1590,Emily Davis,Home Office,Canada,Berlin,P1001,Laptop,7,2986.43
5613,ORD1832,04-05-2024,08-05-2024,First Class,CUST2110,Rahul Sharma,Corporate,India,Berlin,P1003,Mouse,1,921.27
5614,ORD2298,25-04-2024,29-04-2024,Second Class,CUST1857,Amit Smith,Corporate,Canada,Pune,P1008,SSD,3,623.55
5615,ORD1892,04-07-2023,14-07-2023,Same Day,CUST3139,Sneha Brown,Corporate,USA,New York,P1007,Router,3,2641.56
5616,ORD1120,31-10-2024,05-11-2024,Same Day,CUST3220,Emily Wilson,Corporate,Canada,Mumbai,P1003,Mouse,7,4986.94
5617,ORD2079,11-08-2024,17-08-2024,Second Class,CUST1288,,Home Office,USA,Bangalore,P1004,Monitor,1,4609.74
5618,ORD1608,10-05-2023,12-05-2023,First Class,CUST1861,David Taylor,Corporate,Canada,New York,P1008,SSD,6,3752.95
5619,ORD1580,16-11-2023,23-11-2023,First Class,CUST1101,Daniel Wilson,Home Office,UK,Pune,P1003,Mouse,7,4662.12
5620,ORD1187,10-03-2024,17-03-2024,Standard Class,CUST2994,John Smith,Consumer,USA,Bangalore,P1005,Headphones,8,2951.66
5621,ORD1526,06-05-2025,14-05-2025,Second Class,CUST1478,Michael Smith,Corporate,Canada,Mumbai,P1005,Headphones,6,4367.04
5622,ORD2025,27-01-2023,05-02-2023,Same Day,CUST3430,Olivia Smith,Consumer,Germany,Pune,P1006,Printer,8,308.05
5623,ORD2038,29-05-2024,30-05-2024,Second Class,CUST2128,Michael Smith,Corporate,UK,Bangalore,P1008,SSD,1,4809.81
5624,ORD2149,10-12-2024,18-12-2024,Second Class,CUST1620,Robert Miller,Corporate,Canada,Berlin,P1008,SSD,4,1430.46
5625,ORD1645,31-05-2025,09-06-2025,Standard Class,CUST1365,Anjali Patel,Home Office,India,Mumbai,P1007,Router,9,1889.39
5626,ORD2137,27-11-2023,02-12-2023,First Class,CUST2592,Emily Johnson,Corporate,Canada,Delhi,P1002,Keyboard,2,757.76
5627,ORD1133,06-01-2025,16-01-2025,Second Class,CUST2662,Jane Gupta,Consumer,Germany,Toronto,P1006,Printer,8,347.63
5628,ORD2198,16-03-2024,25-03-2024,Same Day,CUST1574,Olivia Smith,Consumer,Canada,New York,P1004,Monitor,9,3278.69
5629,ORD1645,23-09-2023,01-10-2023,Second Class,CUST1896,Michael Patel,Home Office,India,Toronto,P1002,Keyboard,4,1305.6
5630,ORD1184,22-08-2023,23-08-2023,First Class,CUST1990,Olivia Sharma,Consumer,UK,Toronto,P1001,Laptop,10,619.62
5631,ORD1682,09-09-2023,19-09-2023,Standard Class,CUST2407,Amit Johnson,Home Office,Canada,Toronto,P1004,Monitor,3,4595.01
5632,ORD1006,15-10-2023,22-10-2023,Standard Class,CUST1113,Daniel Johnson,Consumer,Canada,Pune,,Router,10,1770.41
5633,ORD2039,27-05-2025,29-05-2025,Standard Class,CUST3167,Rahul Davis,Home Office,USA,Toronto,P1007,Router,6,1005.24
5634,ORD1876,30-01-2024,01-02-2024,First Class,CUST1070,Sneha Johnson,Home Office,India,Berlin,P1005,Headphones,9,1847.28
5635,ORD1116,21-08-2023,29-08-2023,Second Class,CUST2576,,Consumer,UK,Pune,P1005,Headphones,5,871.99
5636,ORD2352,06-11-2024,13-11-2024,Standard Class,CUST1534,David Johnson,Corporate,USA,Pune,P1002,Keyboard,3,449.58
5637,ORD2336,20-03-2025,30-03-2025,Second Class,CUST3237,Priya Davis,Consumer,India,Toronto,P1004,Monitor,1,3992.58
5638,ORD2330,13-06-2023,22-06-2023,First Class,CUST2888,Sarah Gupta,Home Office,Canada,London,P1008,SSD,7,4752.41
5639,ORD2413,07-10-2024,12-10-2024,Standard Class,CUST3253,Rahul Wilson,Corporate,USA,Mumbai,P1002,Keyboard,8,675.64
5640,ORD1691,15-09-2024,20-09-2024,Second Class,CUST3028,Robert Wilson,Home Office,UK,Pune,P1001,Laptop,4,4900.63
5641,ORD1047,30-08-2024,08-09-2024,First Class,CUST2478,Michael Brown,Corporate,UK,New York,P1005,Headphones,10,3546.93
5642,ORD1256,23-06-2023,02-07-2023,Standard Class,CUST2061,Jane Davis,Corporate,USA,Delhi,P1006,Printer,6,4410.87
5643,ORD2081,03-03-2025,10-03-2025,Second Class,CUST1864,Anjali Davis,Home Office,USA,Mumbai,P1002,Keyboard,6,2166.45
5644,ORD2287,21-08-2023,23-08-2023,Standard Class,CUST1999,Priya Brown,Consumer,Canada,Berlin,P1002,Keyboard,10,317.89
5645,ORD1369,30-01-2025,01-02-2025,First Class,CUST1720,Anjali Brown,Consumer,India,Pune,P1004,Monitor,2,2606.97
5646,ORD1061,09-08-2024,18-08-2024,Standard Class,CUST3078,Priya Miller,Home Office,USA,Bangalore,P1004,Monitor,4,281.21
5647,ORD2336,22-04-2025,24-04-2025,Standard Class,CUST3487,Amit Sharma,Consumer,USA,Mumbai,P1004,Monitor,9,808.6
5648,ORD2154,21-02-2024,01-03-2024,Standard Class,CUST2089,Sarah Davis,Corporate,Germany,Toronto,P1002,Keyboard,3,4922.15
5649,ORD1508,14-01-2024,23-01-2024,First Class,CUST3223,Amit Gupta,Corporate,Germany,Toronto,P1001,Laptop,9,-100
5650,ORD1835,23-07-2024,31-07-2024,Second Class,CUST2144,David Sharma,Corporate,UK,Delhi,P1001,Laptop,4,3297.62
5651,ORD2177,26-06-2024,03-07-2024,First Class,CUST1115,Anjali Miller,Consumer,Canada,Mumbai,P1005,Headphones,3,2905.22
5652,ORD1992,17-01-2024,22-01-2024,Second Class,CUST2079,Amit Miller,Home Office,India,Pune,P1003,Mouse,5,2345
5653,ORD2107,13-08-2024,22-08-2024,Same Day,CUST1779,Sneha Miller,Consumer,UK,Toronto,P1004,Monitor,6,3834.92
5654,ORD1768,02-03-2024,11-03-2024,First Class,CUST1221,Chris Davis,Corporate,Germany,New York,P1002,Keyboard,6,4817.78
5655,ORD1664,05-09-2023,12-09-2023,Second Class,CUST1705,Olivia Sharma,Consumer,USA,New York,P1008,SSD,6,3427.75
5656,ORD1119,02-06-2024,04-06-2024,Same Day,CUST2471,Daniel Miller,Corporate,UnknownCountry,Pune,P1002,Keyboard,5,1564.24
5657,ORD1868,03-02-2024,09-02-2024,Standard Class,CUST3148,Anjali Miller,Home Office,UK,Berlin,,Headphones,2,293.23
5658,ORD1088,29-01-2024,31-01-2024,First Class,CUST1058,Michael Brown,Home Office,USA,London,P1002,Keyboard,10,2118.08
5659,ORD1772,26-12-2023,04-01-2024,First Class,CUST1711,Michael Miller,Corporate,India,New York,P1006,Printer,5,1111.65
5660,ORD1038,01-04-2025,06-04-2025,Same Day,CUST1271,Amit Johnson,Corporate,UK,London,P1005,Headphones,8,3752.44
5661,ORD1903,17-02-2024,26-02-2024,Same Day,CUST1874,Chris Sharma,Home Office,India,Mumbai,P1003,Mouse,9,2925.68
5662,ORD1975,28-08-2023,29-08-2023,Same Day,CUST2454,Rahul Smith,Corporate,Canada,New York,P1004,Monitor,7,2216.06
5663,ORD1513,09-08-2023,13-08-2023,Standard Class,CUST3320,Anjali Gupta,Consumer,UK,London,P1005,Headphones,6,3957.75
5664,ORD1225,12-12-2024,16-12-2024,Second Class,CUST2191,Daniel Davis,Home Office,India,Berlin,P1004,Monitor,3,4876.84
5665,ORD1997,17-12-2024,22-12-2024,Second Class,CUST1395,Amit Taylor,Corporate,USA,New York,P1007,Router,1,3827.8
5666,ORD1801,08-05-2023,09-05-2023,First Class,CUST3132,Daniel Patel,Consumer,Canada,Bangalore,P1002,Keyboard,3,1079.76
5667,ORD1171,17-02-2023,25-02-2023,Same Day,CUST2940,Amit Taylor,Corporate,Canada,Delhi,P1006,Printer,1,1890.31
5668,ORD1594,18-05-2023,19-05-2023,Standard Class,CUST3123,Robert Sharma,Home Office,USA,Berlin,P1002,Keyboard,3,2026.48
5669,ORD1621,17-02-2023,19-02-2023,First Class,CUST3315,Priya Gupta,Home Office,UK,Pune,P1002,Keyboard,9,4559.16
5670,ORD2030,06-12-2024,09-12-2024,Standard Class,CUST2457,Olivia Johnson,Consumer,India,New York,P1008,SSD,9,889.19
5671,ORD2102,27-07-2024,30-07-2024,Same Day,CUST1896,David Davis,Home Office,UK,Toronto,P1008,SSD,4,1887.08
5672,ORD1213,28-06-2024,07-07-2024,Second Class,CUST2299,David Gupta,Consumer,Canada,New York,P1007,Router,6,2331.21
5673,ORD1637,04-05-2025,12-05-2025,Same Day,CUST2081,Sneha Gupta,Home Office,USA,Pune,P1003,Mouse,10,2722.65
5674,ORD1905,17-03-2023,20-03-2023,Second Class,CUST2736,Priya Taylor,Consumer,USA,Pune,P1004,Monitor,6,1805.22
5675,ORD1327,30-04-2025,04-05-2025,Second Class,CUST3412,,Corporate,Canada,Mumbai,P1008,SSD,5,3406.12
5676,ORD1512,02-05-2025,08-05-2025,Standard Class,CUST1887,Robert Wilson,Consumer,USA,Bangalore,P1007,Router,6,2839.23
5677,ORD1066,13-02-2024,17-02-2024,Same Day,CUST2850,Emily Patel,Corporate,Germany,New York,P1003,Mouse,1,4222.29
5678,ORD1579,03-06-2023,05-06-2023,Same Day,CUST3419,Anjali Taylor,Home Office,UK,Berlin,P1001,Laptop,7,3564.42
5679,ORD1141,26-11-2024,06-12-2024,Same Day,CUST2599,Sneha Gupta,Home Office,USA,Delhi,P1007,Router,8,4621.56
5680,ORD2378,19-07-2023,26-07-2023,Same Day,CUST3382,Amit Miller,Consumer,Germany,Berlin,P1001,Laptop,9,4738.67
5681,ORD2288,07-07-2023,08-07-2023,Second Class,CUST1996,Amit Johnson,Consumer,India,Bangalore,P1008,SSD,7,4402.63
5682,ORD1574,06-01-2023,15-01-2023,Standard Class,CUST3496,Emily Brown,Home Office,Canada,New York,P1004,Monitor,7,2434.91
5683,ORD1516,26-11-2023,03-12-2023,Second Class,CUST1592,Olivia Patel,Consumer,UK,New York,P1004,Monitor,7,2357.01
5684,ORD2069,04-06-2025,13-06-2025,Standard Class,CUST2533,Rahul Patel,Corporate,Canada,New York,P1005,Headphones,3,86.53
5685,ORD1261,29-06-2024,09-07-2024,Second Class,CUST2244,Chris Davis,Home Office,Canada,Pune,P1003,Mouse,5,4329.35
5686,ORD2449,19-10-2023,23-10-2023,Standard Class,CUST2007,Olivia Gupta,Consumer,UK,Delhi,P1001,Laptop,9,2783.23
5687,ORD1606,26-04-2025,27-04-2025,Same Day,CUST2296,Priya Davis,Home Office,UK,Bangalore,P1007,Router,8,1608.44
5688,ORD1223,30-06-2023,03-07-2023,Same Day,CUST1561,Jane Patel,Home Office,Germany,Mumbai,P1001,Laptop,6,1951.88
5689,ORD1363,08-07-2023,11-07-2023,Same Day,CUST1145,Sarah Brown,Home Office,India,Bangalore,P1005,Headphones,4,2346.58
5690,ORD1034,02-03-2023,09-03-2023,Standard Class,CUST2675,David Brown,Home Office,USA,London,P1005,Headphones,6,1862.78
5691,ORD1898,04-10-2024,14-10-2024,Second Class,CUST1030,John Taylor,Consumer,USA,New York,P1004,Monitor,5,3422.98
5692,ORD2471,29-08-2024,31-08-2024,Standard Class,CUST2570,Daniel Johnson,Consumer,Germany,London,P1004,Monitor,6,3299.51
5693,ORD1995,26-02-2023,03-03-2023,Invalid Mode,CUST2669,,Corporate,UK,Pune,P1002,Keyboard,6,4208.18
5694,ORD1253,05-06-2024,08-06-2024,Second Class,CUST2177,Jane Davis,Home Office,USA,London,P1003,Mouse,1,435.67
5695,ORD1260,08-09-2023,11-09-2023,Second Class,CUST1495,Sarah Miller,Home Office,USA,London,P1004,Monitor,9,4475.42
5696,ORD1579,11-07-2023,19-07-2023,First Class,CUST1148,Michael Brown,Consumer,UK,Pune,P1004,Monitor,7,4248.3
5697,ORD1107,07-12-2024,09-12-2024,Second Class,CUST1581,Jane Smith,Corporate,Germany,Berlin,P1006,Printer,9,3225.56
5698,ORD2356,20-03-2025,23-03-2025,First Class,CUST2010,Sneha Patel,Consumer,Germany,New York,P1002,Keyboard,2,3142.95
5699,ORD2169,24-04-2024,04-05-2024,Same Day,CUST2665,Sarah Smith,Home Office,India,Pune,P1002,Keyboard,2,1771.58
5700,ORD1428,19-01-2025,21-01-2025,Same Day,CUST1212,Jane Wilson,Consumer,India,New York,P1007,Router,9,2633
5701,ORD1056,21-02-2024,26-02-2024,Same Day,CUST1596,Sneha Smith,Home Office,India,Bangalore,P1006,Printer,3,3542.41
5702,ORD1390,19-03-2024,25-03-2024,Second Class,CUST3498,Priya Brown,Corporate,USA,Mumbai,P1003,Mouse,6,1924.74
5703,ORD1843,05-12-2024,13-12-2024,Same Day,CUST2821,Daniel Johnson,Consumer,Canada,New York,P1002,Keyboard,5,3540.28
5704,ORD1198,22-08-2023,23-08-2023,Same Day,CUST1534,Emily Davis,Consumer,USA,New York,P1006,Printer,10,2300.32
5705,ORD1089,31-12-2099,18-04-2024,Same Day,CUST3277,Robert Taylor,Home Office,Canada,Toronto,P1001,Laptop,2,2893.1
5706,ORD1124,29-12-2024,01-01-2025,First Class,CUST2183,John Wilson,Consumer,USA,Toronto,P1003,Mouse,2,2171.4
5707,ORD1799,15-03-2025,24-03-2025,First Class,CUST1248,Jane Patel,Corporate,USA,Delhi,P1005,Headphones,6,3996.66
5708,ORD1536,14-06-2024,16-06-2024,Same Day,CUST1053,David Patel,Home Office,Germany,Delhi,P1001,Laptop,8,2768.98
5709,ORD1579,30-04-2024,01-05-2024,Same Day,CUST2233,Rahul Gupta,Home Office,India,Berlin,P1006,Printer,3,2929.09
5710,ORD1348,14-02-2024,24-02-2024,First Class,CUST1998,Sarah Wilson,Corporate,USA,Bangalore,P1002,Keyboard,9,1523.89
5711,ORD1426,22-01-2023,01-02-2023,Same Day,CUST3463,Priya Taylor,Home Office,USA,Bangalore,P1003,Mouse,2,299.42
5712,ORD2458,30-06-2023,01-07-2023,Second Class,CUST1177,Sneha Patel,Corporate,UK,London,P1006,Printer,10,2641.79
5713,ORD1387,22-09-2023,27-09-2023,First Class,CUST3200,Chris Patel,Corporate,UK,London,P1001,Laptop,2,2940.45
5714,ORD1964,03-02-2025,08-02-2025,First Class,CUST1142,David Wilson,Home Office,UK,Delhi,P1004,Monitor,1,2985.13
5715,ORD1573,24-11-2023,30-11-2023,Standard Class,CUST1747,Chris Taylor,Consumer,India,Pune,P1005,Headphones,8,4449.46
5716,ORD2168,23-05-2025,28-05-2025,First Class,CUST1538,Michael Taylor,Consumer,USA,London,P1005,Headphones,9,4456.35
5717,ORD1606,09-06-2023,17-06-2023,Second Class,CUST1014,Daniel Wilson,Home Office,UK,London,P1007,Router,1,2859.5
5718,ORD1622,28-03-2024,06-04-2024,First Class,CUST1275,Olivia Sharma,Consumer,Germany,Delhi,P1007,Router,9,3368.12
5719,ORD1130,14-01-2023,20-01-2023,First Class,CUST1418,Michael Johnson,Consumer,Germany,New York,P1003,Mouse,7,838.22
5720,ORD1215,27-03-2023,03-04-2023,First Class,CUST2510,Robert Davis,Home Office,Canada,Bangalore,P1007,Router,1,289.4
5721,ORD2392,30-10-2023,03-11-2023,First Class,CUST3379,Daniel Smith,Consumer,UK,Toronto,P1004,Monitor,5,112.87
5722,ORD2364,06-10-2024,12-10-2024,Same Day,CUST3322,David Johnson,Corporate,Canada,Berlin,P1006,Printer,4,1734.02
5723,ORD1298,07-12-2024,16-12-2024,Same Day,CUST1608,Emily Gupta,Corporate,UK,Pune,P1004,Monitor,7,656.63
5724,ORD1867,18-04-2025,24-04-2025,Same Day,CUST2292,Olivia Gupta,Corporate,UK,Mumbai,P1007,Router,7,1102.5
5725,ORD1784,02-01-2024,08-01-2024,Standard Class,CUST2833,Jane Johnson,Consumer,Canada,Toronto,P1007,Router,8,2875.44
5726,ORD2227,31-12-2099,29-08-2023,First Class,CUST3394,Sneha Sharma,Consumer,USA,New York,P1003,Mouse,5,1044.22
5727,ORD2230,26-06-2023,05-07-2023,Standard Class,CUST2411,Robert Brown,Home Office,Germany,Bangalore,P1006,Printer,8,3012.53
5728,ORD1582,30-03-2024,07-04-2024,Standard Class,CUST3046,Anjali Davis,Consumer,USA,Toronto,P1005,Headphones,1,623.07
5729,ORD1962,04-07-2024,11-07-2024,Same Day,CUST1184,Emily Davis,Corporate,UK,Mumbai,P1008,SSD,4,1674.73
5730,ORD2121,09-05-2025,11-05-2025,First Class,CUST2267,Rahul Taylor,Home Office,India,Toronto,P1007,Router,2,2580.69
5731,ORD1638,27-01-2024,01-02-2024,Same Day,CUST1025,Amit Patel,Corporate,Canada,New York,P1008,SSD,7,4005.74
5732,ORD1052,28-07-2023,04-08-2023,Second Class,CUST2159,Michael Taylor,Corporate,Canada,Delhi,P1004,Monitor,3,2521.66
5733,ORD2273,04-10-2024,07-10-2024,Same Day,CUST1916,Robert Sharma,Home Office,UK,Toronto,P1002,Keyboard,7,2312.38
5734,ORD2243,27-02-2023,06-03-2023,Same Day,CUST1650,Priya Gupta,Consumer,USA,Toronto,P1001,Laptop,6,3576.83
5735,ORD1844,18-03-2023,23-03-2023,Same Day,CUST2684,Emily Gupta,Home Office,India,Toronto,P1008,SSD,5,188.68
5736,ORD1320,11-06-2023,18-06-2023,Invalid Mode,CUST1801,David Miller,Home Office,UK,London,P1002,Keyboard,8,912.76
5737,ORD2411,26-09-2023,06-10-2023,Same Day,CUST2763,David Taylor,Home Office,USA,Toronto,P1002,Keyboard,2,1541.2
5738,ORD2075,13-10-2024,15-10-2024,First Class,CUST2959,Amit Johnson,Home Office,USA,Bangalore,P1001,Laptop,9,3207.14
5739,ORD1034,17-05-2024,18-05-2024,Second Class,CUST1474,Emily Sharma,Corporate,Canada,Mumbai,P1004,Monitor,6,1006.69
5740,ORD1508,24-10-2024,25-10-2024,Standard Class,CUST3455,Amit Davis,Home Office,Canada,Mumbai,P1006,Printer,7,2864.83
5741,ORD2412,07-07-2023,12-07-2023,Invalid Mode,CUST3342,Jane Johnson,Consumer,USA,Mumbai,P1006,Printer,9,4165.31
5742,ORD2204,27-03-2024,02-04-2024,Second Class,CUST3274,Anjali Smith,Corporate,India,New York,P1007,Router,5,533.46
5743,ORD1796,18-03-2023,25-03-2023,Standard Class,CUST1824,Chris Smith,Corporate,USA,London,P1007,Router,5,2654.55
5744,ORD1396,10-08-2024,17-08-2024,Standard Class,CUST2190,Chris Taylor,Consumer,Germany,Mumbai,,Keyboard,6,4233.01
5745,ORD1979,26-09-2023,06-10-2023,First Class,CUST3170,Anjali Wilson,Home Office,India,Delhi,P1008,SSD,5,3827.8
5746,ORD1499,28-05-2024,05-06-2024,Second Class,CUST3205,Rahul Miller,Consumer,Canada,Bangalore,P1002,Keyboard,6,3363.61
5747,ORD1538,03-12-2024,08-12-2024,Standard Class,CUST2400,Daniel Gupta,Consumer,India,Pune,P1006,Printer,10,3745.71
5748,ORD1660,16-05-2023,23-05-2023,First Class,CUST2444,Chris Gupta,Home Office,Germany,Delhi,P1002,Keyboard,5,1870.44
5749,ORD2310,16-02-2024,23-02-2024,Same Day,CUST1877,John Patel,Consumer,USA,Pune,P1004,Monitor,7,1017.24
5750,ORD1896,24-09-2024,04-10-2024,Second Class,CUST1365,Priya Davis,Consumer,USA,London,P1007,Router,7,2777.03
5751,ORD1511,08-02-2024,18-02-2024,Same Day,CUST1162,Anjali Smith,Consumer,UK,Mumbai,P1006,Printer,4,1388.82
5752,ORD1244,19-05-2025,26-05-2025,Second Class,CUST1823,Anjali Patel,Corporate,USA,Pune,P1003,Mouse,4,1346.32
5753,ORD1398,03-09-2023,09-09-2023,Standard Class,CUST1708,John Patel,Corporate,UK,Delhi,P1008,SSD,2,1135.05
5754,ORD2095,11-03-2024,01-01-2022,Second Class,CUST3173,Rahul Gupta,Consumer,Germany,Berlin,P1007,Router,1,753.01
5755,ORD1516,14-01-2024,21-01-2024,First Class,CUST1955,Olivia Johnson,Home Office,India,Berlin,P1005,Headphones,7,3214.17
5756,ORD2437,26-02-2023,06-03-2023,Standard Class,CUST3364,Robert Smith,Home Office,Germany,Toronto,P1001,Laptop,8,1564.8
5757,ORD1466,21-10-2024,27-10-2024,First Class,CUST2490,Sneha Gupta,Consumer,Canada,Pune,P1004,Monitor,6,4399.47
5758,ORD2317,09-05-2025,16-05-2025,Second Class,CUST2594,John Sharma,Home Office,India,Mumbai,P1004,Monitor,2,4227.82
5759,ORD2403,17-06-2023,21-06-2023,Second Class,CUST1777,John Davis,Corporate,Canada,Delhi,P1002,Keyboard,7,2543.53
5760,ORD1903,23-08-2023,24-08-2023,Same Day,CUST3435,John Davis,Corporate,India,Bangalore,P1002,Keyboard,5,4849.51
5761,ORD1089,14-02-2024,17-02-2024,Standard Class,CUST2124,Michael Wilson,Home Office,UK,Pune,P1006,Printer,2,3313.12
5762,ORD2076,06-01-2025,15-01-2025,Second Class,CUST1298,Daniel Johnson,Corporate,USA,Toronto,P1004,Monitor,8,2774.54
5763,ORD2081,07-04-2024,11-04-2024,First Class,CUST2583,Robert Gupta,Corporate,Canada,Delhi,P1004,Monitor,10,1078.3
5764,ORD1053,27-01-2025,04-02-2025,Same Day,CUST1059,Sarah Taylor,Corporate,Canada,New York,P1004,Monitor,7,4252.54
5765,ORD1550,26-08-2023,04-09-2023,Standard Class,CUST3149,Amit Brown,Corporate,Canada,Mumbai,P1006,Printer,5,1364.97
5766,ORD1690,10-03-2025,16-03-2025,Second Class,CUST3285,Sarah Patel,Home Office,Germany,Berlin,P1005,Headphones,5,901.16
5767,ORD1096,18-08-2024,23-08-2024,Standard Class,CUST2426,Chris Wilson,Home Office,Canada,New York,P1004,Monitor,9,2970.82
5768,ORD1475,07-01-2023,09-01-2023,Standard Class,CUST3194,John Gupta,Corporate,USA,Bangalore,P1007,Router,10,2784.68
5769,ORD1738,23-02-2025,01-01-2022,Same Day,CUST1036,John Wilson,Consumer,Canada,Mumbai,P1008,SSD,10,2598.12
5770,ORD2233,26-02-2024,03-03-2024,First Class,CUST1807,Sneha Davis,Home Office,India,London,P1005,Headphones,4,4652.66
5771,ORD1841,25-08-2023,30-08-2023,Standard Class,CUST2586,Priya Taylor,Consumer,UK,Berlin,P1008,SSD,9,356.02
5772,ORD2290,02-12-2024,07-12-2024,First Class,CUST1537,Rahul Brown,Corporate,Germany,Delhi,P1005,Headphones,5,2922.68
5773,ORD1587,13-07-2024,14-07-2024,First Class,CUST2336,Rahul Brown,Consumer,Germany,Bangalore,P1008,SSD,2,3885
5774,ORD1081,21-12-2023,30-12-2023,Same Day,CUST3132,,Home Office,UK,Toronto,P1008,SSD,2,2771.43
5775,ORD1572,15-05-2025,17-05-2025,First Class,CUST3040,Jane Wilson,Consumer,Canada,Berlin,P1007,Router,5,4825.99
5776,ORD2373,03-01-2025,05-01-2025,First Class,CUST2643,Robert Davis,Consumer,Canada,Delhi,P1001,Laptop,5,2143.17
5777,ORD1065,04-07-2023,10-07-2023,Same Day,CUST2380,Daniel Davis,Corporate,Canada,Toronto,P1008,SSD,7,1985.89
5778,ORD1437,12-03-2024,13-03-2024,Second Class,CUST1395,Jane Brown,Corporate,UK,Toronto,P1004,Monitor,2,1821.82
5779,ORD1562,09-05-2024,19-05-2024,First Class,CUST1414,Amit Patel,Consumer,Germany,Toronto,P1005,Headphones,9,1057.05
5780,ORD1324,07-05-2024,14-05-2024,Standard Class,CUST3093,Michael Davis,Corporate,India,Mumbai,P1003,Mouse,6,2981.44
5781,ORD1023,18-06-2023,22-06-2023,Standard Class,CUST2132,Priya Davis,Consumer,Canada,Delhi,P1004,Monitor,3,1399.69
5782,ORD2431,12-02-2025,20-02-2025,Standard Class,CUST1420,Robert Brown,Corporate,Germany,Toronto,P1006,Printer,10,4205.24
5783,ORD1913,08-03-2023,17-03-2023,Standard Class,CUST1487,David Gupta,Corporate,Canada,Pune,P1006,Printer,7,1052.67
5784,ORD2408,20-11-2023,30-11-2023,Standard Class,CUST3432,Chris Sharma,Consumer,Canada,Toronto,P1004,Monitor,2,512.46
5785,ORD2175,09-03-2023,19-03-2023,Second Class,CUST2148,Chris Wilson,Consumer,USA,Toronto,P1003,Mouse,1,3357.34
5786,ORD1460,07-12-2023,16-12-2023,First Class,CUST1869,Emily Wilson,Consumer,Germany,London,P1008,SSD,9,1486.39
5787,ORD1002,03-11-2023,13-11-2023,First Class,CUST1733,Amit Gupta,Corporate,Canada,London,P1006,Printer,7,2283.63
5788,ORD1465,07-02-2025,16-02-2025,Same Day,CUST3295,Amit Johnson,Corporate,UK,Bangalore,P1007,Router,10,4137.34
5789,ORD2377,11-11-2023,13-11-2023,Second Class,CUST3000,Sarah Davis,Consumer,Canada,New York,P1004,Monitor,1,2626.23
5790,ORD2230,12-10-2024,17-10-2024,First Class,CUST3302,Rahul Smith,Consumer,India,New York,P1005,Headphones,3,3991.4
5791,ORD1478,01-01-2024,11-01-2024,Second Class,CUST1381,Emily Gupta,Home Office,Germany,Toronto,P1002,Keyboard,5,3538.43
5792,ORD2457,27-06-2024,30-06-2024,Standard Class,CUST1687,John Patel,Consumer,Germany,Berlin,P1007,Router,1,226.17
5793,,18-02-2023,25-02-2023,First Class,CUST2747,Chris Patel,Consumer,India,Delhi,P1003,Mouse,3,1796.11
5794,ORD1314,16-09-2023,21-09-2023,Same Day,CUST2699,Chris Brown,Home Office,USA,Mumbai,P1004,Monitor,7,2122.34
5795,ORD1717,24-09-2023,30-09-2023,Same Day,CUST3029,John Davis,Corporate,India,Berlin,P1007,Router,1,382.2
5796,ORD1104,02-08-2024,08-08-2024,Same Day,CUST2447,Sarah Taylor,Home Office,USA,London,P1006,Printer,8,2800.38
5797,ORD2408,30-07-2023,07-08-2023,Standard Class,CUST2947,Sneha Johnson,Home Office,Germany,London,P1002,Keyboard,7,3107.89
5798,ORD2409,06-03-2023,14-03-2023,Same Day,CUST2347,Olivia Taylor,Consumer,UK,Pune,P1002,Keyboard,9,3171.3
5799,ORD1879,23-05-2023,27-05-2023,Same Day,CUST3123,David Smith,Home Office,Canada,Pune,P1004,Monitor,10,1852.06
5800,ORD1161,19-12-2023,26-12-2023,Standard Class,CUST1039,John Smith,Corporate,Canada,Pune,P1003,Mouse,10,3787.19
5801,ORD1091,20-03-2024,26-03-2024,First Class,CUST3423,John Smith,Consumer,Canada,Mumbai,P1007,Router,9,4671.04
5802,ORD1129,06-11-2023,13-11-2023,Standard Class,CUST1221,Michael Gupta,Home Office,UK,Delhi,P1004,Monitor,4,2380.76
5803,ORD2036,18-07-2023,26-07-2023,Second Class,CUST1970,Jane Wilson,Corporate,India,Pune,P1007,Router,3,1999.17
5804,ORD1036,31-12-2099,10-02-2025,Second Class,CUST1527,Robert Sharma,Home Office,USA,Bangalore,P1007,Router,7,713.43
5805,ORD1192,26-08-2023,31-08-2023,Standard Class,CUST2030,Anjali Taylor,Corporate,Canada,Bangalore,P1003,Mouse,1,778.8
5806,ORD2212,27-05-2024,03-06-2024,Standard Class,CUST1332,Amit Smith,Consumer,India,Toronto,P1003,Mouse,9,2739.08
5807,ORD1393,09-01-2024,19-01-2024,Second Class,CUST2430,Olivia Taylor,Consumer,Canada,Bangalore,P1002,Keyboard,8,4547.03
5808,ORD1577,02-04-2024,11-04-2024,First Class,CUST2356,Sneha Miller,Consumer,Germany,Berlin,P1003,Mouse,9,608.4
5809,ORD1443,07-08-2023,17-08-2023,Same Day,CUST1608,Sarah Brown,Home Office,Germany,Delhi,P1002,Keyboard,4,3112.92
5810,ORD2440,17-12-2024,25-12-2024,First Class,CUST1379,Chris Davis,Home Office,Canada,Mumbai,P1006,Printer,6,4617.6
5811,ORD1584,05-04-2025,10-04-2025,First Class,CUST2217,Priya Patel,Corporate,USA,Delhi,P1001,Laptop,5,4901.83
5812,ORD1412,07-03-2024,17-03-2024,Same Day,CUST1140,Chris Brown,Home Office,UK,Pune,P1001,Laptop,5,3388.62
5813,ORD1025,07-12-2024,15-12-2024,Same Day,CUST3256,Priya Taylor,Home Office,Canada,Berlin,P1002,Keyboard,6,3711.24
5814,ORD2409,27-01-2024,28-01-2024,First Class,CUST2283,Chris Wilson,Corporate,Canada,New York,P1001,Laptop,3,2506.38
5815,ORD1757,24-08-2023,01-09-2023,Same Day,CUST1850,Michael Sharma,Home Office,Germany,London,P1004,Monitor,4,2282.54
5816,ORD1523,16-11-2023,21-11-2023,Standard Class,CUST1669,,Corporate,Germany,London,P1008,SSD,2,1486.01
5817,ORD2304,05-09-2023,12-09-2023,Standard Class,CUST1246,Rahul Johnson,Consumer,UK,London,P1003,Mouse,4,4324.97
5818,ORD1104,18-05-2023,28-05-2023,Standard Class,CUST3080,Olivia Miller,Corporate,USA,Berlin,P1008,SSD,1,4697.8
5819,ORD2358,24-09-2023,25-09-2023,Second Class,CUST3023,David Taylor,Home Office,Canada,Berlin,P1002,Keyboard,9,4061.22
5820,ORD1877,06-05-2025,10-05-2025,Same Day,CUST3492,Michael Wilson,Corporate,India,Mumbai,P1008,SSD,6,3614.75
5821,ORD2170,07-10-2024,17-10-2024,Standard Class,CUST3235,Olivia Smith,Corporate,UK,Berlin,P1004,Monitor,10,1460.7
5822,ORD1052,31-12-2099,03-12-2023,Standard Class,CUST2365,Rahul Wilson,Home Office,India,Toronto,P1006,Printer,1,1250.51
5823,ORD1676,05-03-2024,08-03-2024,Invalid Mode,CUST2577,Jane Smith,Home Office,UK,Mumbai,P1008,SSD,1,4943.58
5824,ORD2227,12-04-2023,20-04-2023,First Class,CUST2002,Priya Brown,Home Office,India,Berlin,P1002,Keyboard,8,4977.95
5825,ORD1536,07-01-2023,16-01-2023,Same Day,CUST3365,Priya Patel,Home Office,USA,Pune,P1005,Headphones,2,1844.57
5826,ORD1594,27-11-2023,29-11-2023,First Class,CUST1878,Anjali Davis,Home Office,Germany,Delhi,P1007,Router,9,2696.04
5827,ORD1790,14-05-2025,22-05-2025,Standard Class,CUST3429,Priya Wilson,Consumer,Germany,Toronto,P1001,Laptop,9,3935.95
5828,ORD2130,04-12-2024,12-12-2024,Same Day,CUST1393,Rahul Taylor,Home Office,Canada,Delhi,P1006,Printer,4,307.32
5829,ORD1899,16-12-2023,22-12-2023,Same Day,CUST1385,Robert Patel,Home Office,UK,Pune,P1008,SSD,4,4186.57
5830,ORD1075,19-01-2025,01-01-2022,Second Class,CUST1672,John Sharma,Corporate,Canada,Delhi,P1004,Monitor,1,2129.23
5831,,14-05-2024,17-05-2024,Same Day,CUST1347,Rahul Wilson,Home Office,India,Mumbai,P1004,Monitor,3,4293.41
5832,ORD2436,14-11-2024,17-11-2024,Second Class,CUST3092,Sneha Smith,Consumer,Canada,New York,P1007,Router,10,4366.86
5833,ORD1314,03-05-2025,12-05-2025,Second Class,CUST1305,Emily Johnson,Home Office,USA,Delhi,P1001,Laptop,7,1611.31
5834,ORD2077,29-03-2023,06-04-2023,Second Class,CUST3382,Sneha Brown,Corporate,Canada,Bangalore,P1008,SSD,7,1208.8
5835,ORD1850,27-06-2024,29-06-2024,Second Class,CUST1071,Emily Davis,Consumer,UK,Delhi,P1003,Mouse,7,290.7
5836,ORD1140,12-10-2024,14-10-2024,Second Class,CUST2001,Olivia Smith,Corporate,USA,Mumbai,P1002,Keyboard,2,3166.79
5837,ORD1340,31-03-2023,03-04-2023,Second Class,CUST2701,Emily Brown,Consumer,India,Pune,P1005,Headphones,1,2242.52
5838,ORD2308,07-10-2023,13-10-2023,Standard Class,CUST2425,Anjali Smith,Consumer,Germany,Pune,P1003,Mouse,2,3058.45
5839,ORD2482,17-04-2024,19-04-2024,Standard Class,CUST3091,Chris Patel,Home Office,India,Pune,P1006,Printer,2,4193.63
5840,ORD1661,24-01-2023,29-01-2023,Second Class,CUST1661,Anjali Patel,Consumer,India,Pune,P1002,Keyboard,3,4531.61
5841,ORD1933,07-03-2025,13-03-2025,Second Class,CUST2619,Priya Smith,Consumer,Germany,Mumbai,P1001,Laptop,10,2450.84
5842,ORD2142,09-01-2023,17-01-2023,First Class,CUST3478,Sarah Gupta,Consumer,Germany,Pune,P1002,Keyboard,1,1415.5
5843,ORD1226,07-11-2023,09-11-2023,Same Day,CUST3203,Amit Johnson,Corporate,UK,Toronto,P1005,Headphones,2,258.55
5844,ORD1715,22-07-2024,26-07-2024,Second Class,CUST2389,Olivia Miller,Consumer,USA,Berlin,P1005,Headphones,6,4385.66
5845,ORD1854,01-02-2025,04-02-2025,Same Day,CUST1229,Emily Brown,Consumer,USA,New York,P1005,Headphones,8,1721.1
5846,ORD2182,21-05-2025,23-05-2025,Second Class,CUST2458,Anjali Sharma,Consumer,Canada,New York,P1008,SSD,1,4928.49
5847,ORD2292,16-11-2024,22-11-2024,Standard Class,CUST1411,Amit Patel,Corporate,Canada,Berlin,P1006,Printer,2,2380.94
5848,ORD1047,29-03-2024,06-04-2024,Same Day,CUST2745,Olivia Sharma,Consumer,Canada,Pune,P1006,Printer,1,4261.97
5849,ORD2453,04-02-2024,06-02-2024,First Class,CUST1706,Chris Smith,Consumer,India,Berlin,P1001,Laptop,4,4609.02
5850,ORD1714,28-08-2023,06-09-2023,Second Class,CUST3050,Jane Patel,Home Office,Canada,Mumbai,P1007,Router,1,3619.7
5851,ORD2334,22-05-2025,31-05-2025,Invalid Mode,CUST2756,Rahul Smith,Consumer,Germany,London,P1007,Router,4,1340.04
5852,ORD1955,02-12-2023,08-12-2023,Same Day,CUST2218,,Corporate,UK,New York,P1001,Laptop,4,3825.43
5853,ORD1536,15-10-2023,22-10-2023,Same Day,CUST2633,Michael Sharma,Consumer,Germany,London,P1003,Mouse,2,2946.34
5854,ORD2426,18-06-2024,20-06-2024,Second Class,CUST1772,David Miller,Home Office,UK,Pune,P1004,Monitor,6,4584.16
5855,ORD1369,10-08-2024,20-08-2024,Same Day,CUST2888,Priya Gupta,Consumer,USA,London,P1003,Mouse,9,3106.38
5856,ORD2325,26-02-2024,28-02-2024,Standard Class,CUST1239,Jane Davis,Consumer,India,Bangalore,P1007,Router,8,2532.71
5857,ORD1138,31-03-2025,09-04-2025,Same Day,CUST3148,Sneha Miller,Consumer,Germany,Bangalore,P1008,SSD,1,2892.58
2,ORD1923,28-04-2024,01-05-2024,First Class,CUST1199,Daniel Smith,Home Office,India,Toronto,P1006,Printer,3,3185.31
5859,ORD1053,22-08-2024,27-08-2024,Same Day,CUST2617,John Patel,Consumer,Canada,Mumbai,P1007,Router,3,4081.69
5860,ORD1757,21-01-2025,24-01-2025,Second Class,CUST2884,Sneha Taylor,Corporate,India,Berlin,P1008,SSD,1,1352.29
5861,ORD1235,18-08-2024,19-08-2024,First Class,CUST1494,Robert Johnson,Corporate,Canada,Delhi,P1003,Mouse,4,4728.62
5862,ORD2167,10-10-2024,18-10-2024,Standard Class,CUST3327,Daniel Smith,Corporate,USA,Bangalore,P1004,Monitor,1,623.67
5863,ORD2210,14-06-2023,20-06-2023,Same Day,CUST2155,Priya Smith,Corporate,Germany,London,P1002,Keyboard,6,276.52
5864,ORD1418,31-12-2099,30-03-2023,First Class,CUST2108,Daniel Gupta,Consumer,UnknownCountry,Toronto,P1008,SSD,6,306.3
5865,ORD1969,12-04-2023,18-04-2023,Standard Class,CUST2983,David Taylor,Home Office,USA,Delhi,P1001,Laptop,7,2712.68
5866,ORD1113,25-03-2023,28-03-2023,Second Class,CUST1440,Olivia Patel,Consumer,Canada,Delhi,P1001,Laptop,1,2444.63
5867,ORD2391,07-03-2025,14-03-2025,First Class,CUST3016,Emily Gupta,Consumer,Germany,Toronto,P1008,SSD,10,3936.97
5868,ORD1918,25-05-2023,31-05-2023,Standard Class,CUST2786,Daniel Miller,Corporate,USA,Toronto,P1001,Laptop,6,4693.95
5869,ORD2054,04-04-2024,14-04-2024,Second Class,CUST1862,Jane Patel,Consumer,India,Mumbai,P1005,Headphones,9,438.2
5870,ORD2010,08-06-2024,12-06-2024,Second Class,CUST2351,Daniel Gupta,Consumer,Germany,Mumbai,P1002,Keyboard,10,3459.06
5871,ORD2418,28-02-2025,07-03-2025,Standard Class,CUST2982,Robert Patel,Home Office,Germany,Pune,P1007,Router,9,3923.7
5872,ORD1491,02-04-2025,10-04-2025,Standard Class,CUST2724,Jane Gupta,Consumer,USA,London,P1007,Router,6,3460.11
5873,ORD1923,19-12-2023,28-12-2023,Second Class,CUST3496,Jane Gupta,Home Office,USA,Toronto,P1005,Headphones,5,4754.14
5874,ORD2120,21-07-2023,26-07-2023,First Class,CUST1848,David Smith,Consumer,Germany,London,P1005,Headphones,6,2988.24
5875,ORD1173,27-02-2023,08-03-2023,Same Day,CUST1443,Priya Patel,Corporate,Canada,Bangalore,P1008,SSD,6,2474.74
5876,ORD1002,12-05-2025,16-05-2025,Same Day,CUST3129,Sarah Brown,Consumer,India,Berlin,P1002,Keyboard,4,2790.05
5877,ORD2402,07-02-2024,13-02-2024,Second Class,CUST2822,John Johnson,Consumer,USA,Toronto,P1005,Headphones,10,2946.31
5878,ORD2075,15-09-2024,23-09-2024,Second Class,CUST2073,Rahul Gupta,Corporate,India,Bangalore,P1003,Mouse,5,4088.5
5879,ORD2012,30-04-2024,07-05-2024,Standard Class,CUST1908,Jane Smith,Home Office,Germany,Toronto,P1001,Laptop,3,1342.29
5880,ORD1404,23-03-2023,25-03-2023,Same Day,CUST1435,Amit Brown,Corporate,UK,Delhi,P1006,Printer,3,4338.3
5881,ORD1239,09-12-2024,10-12-2024,First Class,CUST2676,Robert Sharma,Corporate,Canada,London,P1007,Router,9,1288.41
5882,ORD1580,08-07-2023,18-07-2023,Standard Class,CUST1880,,Corporate,Germany,Berlin,P1002,Keyboard,4,2150.31
5883,ORD1743,29-02-2024,08-03-2024,Second Class,CUST1322,Anjali Brown,Corporate,Germany,Berlin,,Keyboard,7,3217.67
5884,ORD1616,18-03-2023,24-03-2023,Same Day,CUST1557,Jane Davis,Consumer,Germany,Pune,P1006,Printer,4,2934.14
5885,ORD1775,22-06-2024,26-06-2024,Second Class,CUST3054,Michael Miller,Corporate,Canada,Berlin,P1001,Laptop,3,934.61
5886,ORD1033,22-05-2024,24-05-2024,Second Class,CUST2498,John Davis,Consumer,Canada,Toronto,P1002,Keyboard,9,3769.23
5887,ORD2208,22-10-2023,01-11-2023,Second Class,CUST3025,Amit Davis,Corporate,Canada,Berlin,P1005,Headphones,5,1517.06
5888,ORD1384,23-06-2023,28-06-2023,Same Day,CUST1468,Olivia Miller,Corporate,UK,New York,P1006,Printer,10,3813.44
5889,ORD1891,07-07-2024,12-07-2024,Second Class,CUST2870,Sneha Sharma,Consumer,UK,Pune,P1008,SSD,3,4503.48
5890,ORD1189,04-05-2024,12-05-2024,Same Day,CUST1369,Robert Miller,Home Office,UK,New York,P1002,Keyboard,5,967.14
5891,ORD2148,12-07-2023,22-07-2023,Second Class,CUST1711,David Gupta,Consumer,India,New York,P1007,Router,3,2945.38
5892,ORD2347,16-01-2024,22-01-2024,Same Day,CUST1472,Michael Smith,Consumer,Canada,Bangalore,P1005,Headphones,2,1945.2
5893,ORD1087,03-07-2024,04-07-2024,Second Class,CUST2105,Michael Davis,Home Office,Germany,Berlin,P1007,Router,8,1989.17
5894,ORD1986,24-11-2023,28-11-2023,Second Class,CUST3365,Jane Taylor,Corporate,UK,Mumbai,P1003,Mouse,6,2535.38
5895,ORD1615,30-04-2023,10-05-2023,Second Class,CUST2129,Robert Wilson,Home Office,India,Pune,P1005,Headphones,9,2633.39
5896,ORD1475,12-01-2025,17-01-2025,Same Day,CUST1187,Anjali Smith,Corporate,India,Toronto,P1007,Router,10,1112.96
5897,ORD1543,17-05-2024,21-05-2024,Standard Class,CUST2623,Sarah Gupta,Consumer,Canada,Delhi,P1002,Keyboard,2,2832.22
5898,ORD1074,28-07-2024,31-07-2024,Same Day,CUST1265,Robert Davis,Corporate,India,London,P1003,Mouse,5,1979.24
5899,ORD2252,03-06-2024,09-06-2024,Standard Class,CUST2949,Emily Brown,Corporate,India,Mumbai,P1001,Laptop,2,2298.75
5900,ORD1741,26-01-2023,31-01-2023,First Class,CUST2842,Amit Johnson,Corporate,India,Delhi,P1004,Monitor,8,4712.93
5901,ORD1048,19-03-2023,25-03-2023,Second Class,CUST3133,Priya Miller,Consumer,Germany,Bangalore,P1004,Monitor,10,883.69
5902,ORD1254,07-06-2023,11-06-2023,Standard Class,CUST3266,Priya Wilson,Home Office,India,Mumbai,P1002,Keyboard,8,1297.53
5903,ORD1293,31-01-2024,03-02-2024,Second Class,CUST1684,Sarah Gupta,Corporate,UnknownCountry,Bangalore,P1005,Headphones,6,1916.23
5904,ORD1283,30-08-2024,04-09-2024,Second Class,CUST2170,Daniel Gupta,Consumer,USA,Delhi,P1005,Headphones,7,1468.47
5905,ORD1980,02-06-2023,11-06-2023,Second Class,CUST1898,David Davis,Consumer,Canada,Mumbai,P1004,Monitor,4,942.11
5906,ORD1307,05-11-2024,13-11-2024,Same Day,CUST1410,Priya Patel,Home Office,USA,New York,P1006,Printer,5,3373.73
5907,ORD1146,19-04-2025,27-04-2025,Standard Class,CUST3077,Chris Johnson,Home Office,UnknownCountry,Pune,P1004,Monitor,10,3562.86
5908,ORD1293,23-10-2023,26-10-2023,Standard Class,CUST1698,Rahul Sharma,Consumer,UK,Berlin,P1005,Headphones,6,846.69
5909,ORD2050,13-12-2024,22-12-2024,Second Class,CUST1127,Chris Miller,Consumer,Germany,Berlin,P1004,Monitor,5,3108.2
5910,ORD1073,17-04-2025,18-04-2025,Second Class,CUST2669,Priya Gupta,Home Office,UK,Pune,P1003,Mouse,5,4700.16
5911,ORD1703,04-10-2023,14-10-2023,Invalid Mode,CUST2119,Anjali Wilson,Consumer,Germany,Berlin,P1005,Headphones,4,2471.82
5912,ORD1877,29-07-2024,02-08-2024,Second Class,CUST1836,Chris Wilson,Home Office,USA,Bangalore,P1003,Mouse,8,3383.41
5913,ORD1761,07-12-2024,15-12-2024,Same Day,CUST3217,Emily Johnson,Consumer,Germany,Bangalore,P1004,Monitor,2,580.19
5914,ORD1797,04-12-2023,08-12-2023,Second Class,CUST2720,David Patel,Corporate,Germany,Toronto,P1002,Keyboard,8,4556.45
5915,ORD1907,05-02-2023,11-02-2023,Standard Class,CUST2961,Jane Patel,Home Office,India,Bangalore,P1008,SSD,4,3956.86
5916,ORD1463,26-08-2023,01-09-2023,Second Class,CUST2523,Emily Smith,Consumer,USA,London,P1007,Router,9,1560.17
5917,ORD1112,24-12-2024,28-12-2024,Standard Class,CUST1319,Olivia Davis,Corporate,USA,Delhi,P1005,Headphones,1,4677.29
5918,ORD2300,01-11-2024,04-11-2024,Standard Class,CUST1340,Priya Davis,Home Office,USA,Delhi,P1003,Mouse,7,3884.56
5919,ORD1080,29-03-2025,05-04-2025,Same Day,CUST2725,,Corporate,India,Toronto,P1007,Router,5,2742.49
5920,ORD2105,22-02-2024,26-02-2024,First Class,CUST2758,Amit Johnson,Home Office,USA,London,P1008,SSD,10,3917.65
5921,ORD1165,30-03-2023,31-03-2023,First Class,CUST3383,Sneha Davis,Home Office,USA,London,P1003,Mouse,1,4086.87
5922,ORD1501,30-05-2023,07-06-2023,Second Class,CUST1526,Rahul Sharma,Home Office,UK,Toronto,P1006,Printer,4,4369.27
5923,ORD2352,09-05-2023,10-05-2023,Second Class,CUST1053,Daniel Sharma,Corporate,USA,Bangalore,P1002,Keyboard,3,1223.9
5924,ORD2415,06-02-2024,16-02-2024,Standard Class,CUST3285,Robert Sharma,Corporate,India,Pune,P1002,Keyboard,6,511.05
5925,ORD1789,28-10-2023,02-11-2023,First Class,CUST3478,Daniel Brown,Consumer,Germany,Toronto,P1007,Router,6,4639.22
5926,ORD2218,28-04-2024,07-05-2024,Same Day,CUST3394,John Smith,Home Office,India,Mumbai,P1003,Mouse,5,2303.85
5927,ORD1407,11-07-2023,14-07-2023,Standard Class,CUST1052,Daniel Taylor,Home Office,Germany,New York,P1007,Router,4,4567.73
5928,ORD1165,26-07-2023,31-07-2023,Second Class,CUST1482,Olivia Smith,Corporate,USA,Bangalore,P1008,SSD,2,3824.6
5929,ORD2276,21-12-2024,22-12-2024,First Class,CUST1660,Amit Brown,Consumer,Canada,Pune,P1005,Headphones,7,214.62
5930,,22-01-2023,01-02-2023,Second Class,CUST3288,Rahul Davis,Home Office,UnknownCountry,Delhi,P1008,SSD,2,675.71
5931,ORD2310,07-04-2023,08-04-2023,First Class,CUST1407,John Sharma,Consumer,Germany,Berlin,P1002,Keyboard,9,1547.28
5932,ORD1987,23-11-2024,24-11-2024,Second Class,CUST1137,Rahul Gupta,Home Office,Canada,Toronto,P1005,Headphones,7,3369.96
5933,,16-04-2023,17-04-2023,First Class,CUST2368,Sarah Johnson,Home Office,UK,Delhi,P1001,Laptop,3,4578.29
5934,ORD1785,01-12-2023,05-12-2023,Same Day,CUST1325,David Gupta,Home Office,USA,London,P1003,Mouse,1,2435.16
5935,ORD1774,10-04-2025,13-04-2025,Second Class,CUST1521,Chris Gupta,Corporate,India,New York,P1004,Monitor,5,4098.52
5936,ORD1531,10-06-2024,14-06-2024,Same Day,CUST2173,Anjali Miller,Consumer,Canada,Mumbai,P1002,Keyboard,2,2021.26
5937,ORD1893,01-01-2025,10-01-2025,Same Day,CUST1915,Anjali Smith,Corporate,USA,Berlin,P1008,SSD,3,802.38
5938,ORD2346,20-11-2023,28-11-2023,First Class,CUST3173,Sarah Sharma,Consumer,Germany,Pune,P1006,Printer,8,4130.41
5939,ORD1209,31-12-2099,26-04-2025,Standard Class,CUST1588,Rahul Patel,Corporate,Germany,Delhi,P1002,Keyboard,3,4946.85
5940,ORD1427,26-08-2023,01-09-2023,Second Class,CUST1877,David Brown,Home Office,USA,Bangalore,P1007,Router,5,4547.44
5941,ORD1268,28-05-2023,04-06-2023,Standard Class,CUST1068,Jane Wilson,Home Office,UK,Delhi,P1005,Headphones,4,4475.61
5942,ORD1743,26-01-2024,02-02-2024,Same Day,CUST2851,Robert Smith,Home Office,Canada,Pune,P1006,Printer,3,1817.96
5943,ORD1254,12-05-2024,17-05-2024,First Class,CUST1706,Jane Smith,Home Office,UK,Bangalore,P1004,Monitor,10,2705.86
5944,ORD2048,30-07-2024,03-08-2024,Second Class,CUST1410,Robert Miller,Corporate,UK,Toronto,P1001,Laptop,7,4736.91
5945,ORD1021,23-02-2025,26-02-2025,Same Day,CUST2195,Anjali Taylor,Corporate,India,Pune,P1007,Router,8,4143.11
5946,ORD1868,10-11-2024,17-11-2024,Second Class,CUST2148,,Home Office,Germany,London,P1002,Keyboard,10,2307.92
5947,ORD1871,06-11-2023,13-11-2023,Same Day,CUST2505,Rahul Smith,Consumer,Germany,Delhi,P1003,Mouse,8,4216.31
5948,ORD1931,16-12-2024,21-12-2024,First Class,CUST3231,Michael Patel,Home Office,UK,London,P1007,Router,8,1926.28
5949,ORD1603,29-10-2023,06-11-2023,Standard Class,CUST1195,Jane Davis,Corporate,Canada,Bangalore,P1003,Mouse,6,4632.89
5950,ORD1326,17-01-2025,26-01-2025,Second Class,CUST2986,Michael Wilson,Consumer,India,New York,P1002,Keyboard,7,3751.41
5951,ORD1465,15-06-2025,21-06-2025,Standard Class,CUST3017,Sneha Smith,Corporate,Canada,Delhi,P1003,Mouse,7,3986.54
5952,ORD1930,09-08-2024,18-08-2024,Standard Class,CUST1194,Michael Smith,Consumer,India,New York,P1004,Monitor,4,-100
5953,ORD1994,19-04-2024,29-04-2024,Standard Class,CUST1377,Michael Johnson,Corporate,USA,Delhi,P1001,Laptop,4,2537.96
5954,ORD1632,05-03-2023,15-03-2023,First Class,CUST2386,John Sharma,Consumer,Canada,Pune,P1006,Printer,9,660.99
5955,ORD1786,24-07-2023,26-07-2023,First Class,CUST2129,Anjali Taylor,Consumer,Canada,Toronto,P1006,Printer,8,4467.6
5956,ORD1781,05-10-2023,12-10-2023,Standard Class,CUST2727,Emily Johnson,Corporate,UK,Pune,P1003,Mouse,3,4978.73
5957,ORD1653,09-06-2025,14-06-2025,Second Class,CUST2976,John Wilson,Consumer,UnknownCountry,New York,P1008,SSD,2,1848.44
5958,ORD1482,22-07-2024,30-07-2024,Same Day,CUST1243,Chris Smith,Consumer,Germany,London,P1008,SSD,5,4565.76
5959,ORD1114,21-02-2024,02-03-2024,First Class,CUST2944,Robert Davis,Home Office,USA,Pune,P1004,Monitor,3,1011.06
5960,ORD1663,01-05-2025,06-05-2025,Second Class,CUST2761,John Sharma,Consumer,India,Bangalore,P1004,Monitor,8,4887.04
5961,ORD1114,13-05-2023,14-05-2023,Standard Class,CUST2825,Sarah Gupta,Consumer,Canada,Toronto,P1008,SSD,9,264.59
5962,ORD1185,20-03-2024,30-03-2024,Same Day,CUST1066,Priya Miller,Consumer,UK,Toronto,P1008,SSD,7,157.94
5963,ORD1689,10-12-2023,20-12-2023,Standard Class,CUST3391,Rahul Wilson,Home Office,USA,New York,P1004,Monitor,5,3085.48
5964,ORD2244,11-03-2023,18-03-2023,First Class,CUST1178,Michael Taylor,Corporate,Germany,Delhi,P1002,Keyboard,7,3297.12
5965,ORD1285,29-11-2023,05-12-2023,Same Day,CUST2247,Olivia Johnson,Home Office,UK,London,P1006,Printer,1,2630.64
5966,ORD2254,09-02-2023,16-02-2023,Standard Class,CUST1950,Robert Davis,Corporate,India,Pune,P1007,Router,7,4391.95
5967,ORD1160,02-03-2024,12-03-2024,Invalid Mode,CUST2005,Olivia Davis,Consumer,Canada,Bangalore,P1004,Monitor,5,1648.16
5968,ORD1353,30-06-2024,01-07-2024,Second Class,CUST1773,Michael Sharma,Corporate,UK,New York,P1005,Headphones,6,3929.05
5969,,19-02-2024,24-02-2024,Same Day,CUST1392,Chris Patel,Consumer,Germany,Toronto,P1005,Headphones,9,611.32
5970,ORD2253,22-04-2023,28-04-2023,Same Day,CUST2235,Sneha Smith,Home Office,Canada,New York,P1007,Router,10,522.7
5971,ORD2339,11-12-2024,21-12-2024,Same Day,CUST1067,Sneha Taylor,Consumer,USA,London,P1001,Laptop,8,4286.09
5972,ORD1804,01-02-2023,04-02-2023,Second Class,CUST2087,Olivia Taylor,Home Office,Canada,Pune,P1003,Mouse,5,2406
5973,ORD1839,14-05-2024,20-05-2024,First Class,CUST1134,Chris Smith,Home Office,India,Delhi,P1007,Router,2,3413.14
5974,ORD1923,27-09-2024,05-10-2024,First Class,CUST2822,John Wilson,Home Office,Germany,Toronto,P1007,Router,1,456.21
5975,ORD1698,12-02-2024,14-02-2024,Invalid Mode,CUST2787,Robert Brown,Corporate,Canada,London,,Mouse,2,746.53
5976,ORD1761,10-03-2023,17-03-2023,Standard Class,CUST1716,Robert Johnson,Corporate,USA,Delhi,P1003,Mouse,9,4610
5977,ORD2357,27-10-2023,04-11-2023,Same Day,CUST3400,Priya Taylor,Corporate,India,Bangalore,P1005,Headphones,7,4804.48
5978,ORD1150,13-09-2024,18-09-2024,First Class,CUST2091,Anjali Sharma,Consumer,UK,Mumbai,P1001,Laptop,1,3738.49
5979,ORD2329,18-05-2023,26-05-2023,Standard Class,CUST2829,Jane Wilson,Consumer,India,Delhi,P1003,Mouse,2,4853.99
5980,ORD2249,11-02-2023,17-02-2023,Standard Class,CUST3389,Sarah Sharma,Home Office,USA,Toronto,P1005,Headphones,4,499.52
5981,ORD1453,05-12-2024,10-12-2024,Same Day,CUST1112,Priya Taylor,Consumer,Germany,Delhi,P1005,Headphones,10,1721.14
5982,ORD1262,22-04-2023,02-05-2023,First Class,CUST1670,Michael Brown,Home Office,USA,Pune,P1004,Monitor,2,1589.95
5983,ORD1379,18-05-2025,22-05-2025,Standard Class,CUST2484,Daniel Wilson,Corporate,Germany,Berlin,P1002,Keyboard,1,1325.05
5984,ORD2277,19-01-2025,29-01-2025,Standard Class,CUST1712,John Sharma,Home Office,India,London,P1004,Monitor,4,2933.6
5985,ORD1634,08-09-2023,11-09-2023,First Class,CUST1313,Olivia Brown,Home Office,Germany,Bangalore,P1005,Headphones,9,2317.59
5986,ORD2068,06-06-2024,11-06-2024,Standard Class,CUST1013,Priya Wilson,Home Office,India,New York,P1004,Monitor,9,2283.25
5987,ORD1575,02-07-2023,10-07-2023,Standard Class,CUST1025,,Consumer,India,Berlin,P1004,Monitor,1,4416.72
5988,ORD1856,14-10-2024,24-10-2024,Second Class,CUST3337,Michael Wilson,Consumer,India,Pune,P1004,Monitor,7,905.41
5989,ORD2044,21-01-2023,23-01-2023,Standard Class,CUST2901,Sarah Brown,Home Office,India,Berlin,P1007,Router,6,3148.22
5990,ORD2313,08-01-2025,09-01-2025,Same Day,CUST1615,Jane Taylor,Home Office,Germany,Mumbai,P1008,SSD,7,2125.06
5991,ORD1717,20-10-2024,21-10-2024,Same Day,CUST2481,Olivia Patel,Consumer,UK,Mumbai,P1006,Printer,1,4000.32
5992,ORD1891,30-11-2024,08-12-2024,Same Day,CUST1281,Priya Brown,Corporate,Canada,London,P1002,Keyboard,4,3392.29
5993,ORD2159,05-12-2023,10-12-2023,Standard Class,CUST2752,Jane Johnson,Home Office,Canada,Pune,P1004,Monitor,5,3896.04
5994,ORD1352,29-10-2024,31-10-2024,Second Class,CUST3320,Olivia Davis,Consumer,India,New York,P1006,Printer,5,3050.97
5995,ORD1321,18-08-2024,23-08-2024,Same Day,CUST2642,Sneha Johnson,Corporate,Canada,Pune,P1007,Router,2,2700.67
5996,ORD1948,07-02-2023,08-02-2023,Standard Class,CUST3349,Michael Smith,Corporate,USA,Berlin,P1002,Keyboard,9,4575.09
5997,ORD1894,16-02-2024,22-02-2024,Same Day,CUST1472,Rahul Patel,Corporate,Canada,Delhi,P1006,Printer,10,262
5998,,12-03-2023,16-03-2023,First Class,CUST1294,Priya Sharma,Corporate,USA,Berlin,P1007,Router,3,3995.02
5999,ORD1348,19-12-2023,29-12-2023,Same Day,CUST1783,Emily Miller,Home Office,USA,Pune,P1001,Laptop,3,3870.51
6000,ORD2429,04-01-2024,06-01-2024,Standard Class,CUST3481,Rahul Miller,Consumer,USA,Delhi,P1001,Laptop,5,2637.77
